id_registro,fecha_hora,id_sensor,planta,temperatura_c,vibracion_mm_s
7,01/09/26 0:00,S007,Planta_1,97.65,5.45
21,01/09/26 0:00,S021,Planta_3,86.35,2.87
40,01/09/26 0:00,S040,Planta_4,98.48,4.11
50,01/09/26 0:01,S010,Planta_1,97.99,4.49
53,01/09/26 0:01,S013,Planta_2,85.02,3.33
67,01/09/26 0:01,S027,Planta_3,89.79,3.31
107,01/09/26 0:02,S027,Planta_3,96.29,1.86
110,01/09/26 0:02,S030,Planta_3,91.94,3.5
118,01/09/26 0:02,S038,Planta_4,103.2,2.12
120,01/09/26 0:02,S040,Planta_4,104.92,2.61
127,01/09/26 0:03,S007,Planta_1,97.1,3.93
134,01/09/26 0:03,S014,Planta_2,93.26,2.28
140,01/09/26 0:03,S020,Planta_2,85.7,2.84
142,01/09/26 0:03,S022,Planta_3,96.71,1.38
144,01/09/26 0:03,S024,Planta_3,86.74,4.26
154,01/09/26 0:03,S034,Planta_4,85.06,5.45
156,01/09/26 0:03,S036,Planta_4,85.57,4.43
159,01/09/26 0:03,S039,Planta_4,94.92,3.67
163,01/09/26 0:04,S003,Planta_1,85.68,1.36
204,01/09/26 0:05,S004,Planta_1,101.67,1.78
217,01/09/26 0:05,S017,Planta_2,85.27,4.66
219,01/09/26 0:05,S019,Planta_2,97.57,4.29
246,01/09/26 0:06,S006,Planta_1,101.57,1.13
283,01/09/26 0:07,S003,Planta_1,89.78,1.92
286,01/09/26 0:07,S006,Planta_1,87.93,1.14
294,01/09/26 0:07,S014,Planta_2,89.25,1.49
297,01/09/26 0:07,S017,Planta_2,100.75,4.32
312,01/09/26 0:07,S032,Planta_4,98.17,1.37
329,01/09/26 0:08,S009,Planta_1,93.54,1.87
369,01/09/26 0:09,S009,Planta_1,88.76,0.99
387,01/09/26 0:09,S027,Planta_3,102.16,1.24
390,01/09/26 0:09,S030,Planta_3,93.62,2.46
396,01/09/26 0:09,S036,Planta_4,98.78,0.75
398,01/09/26 0:09,S038,Planta_4,90.46,0.56
410,01/09/26 0:10,S010,Planta_1,97.94,2.56
416,01/09/26 0:10,S016,Planta_2,89.6,4.94
424,01/09/26 0:10,S024,Planta_3,98.21,4.86
426,01/09/26 0:10,S026,Planta_3,88.59,5.05
430,01/09/26 0:10,S030,Planta_3,87.34,5.07
452,01/09/26 0:11,S012,Planta_2,103.3,2.2
472,01/09/26 0:11,S032,Planta_4,96.06,2.47
492,01/09/26 0:12,S012,Planta_2,101.36,5.37
511,01/09/26 0:12,S031,Planta_4,87.7,5.37
514,01/09/26 0:12,S034,Planta_4,89.43,3.87
556,01/09/26 0:13,S036,Planta_4,85.85,5.03
564,01/09/26 0:14,S004,Planta_1,101.41,3.43
573,01/09/26 0:14,S013,Planta_2,94.7,4.2
580,01/09/26 0:14,S020,Planta_2,97.17,3.12
581,01/09/26 0:14,S021,Planta_3,94.9,3.21
631,01/09/26 0:15,S031,Planta_4,103.6,1.41
644,01/09/26 0:16,S004,Planta_1,99.49,1.82
651,01/09/26 0:16,S011,Planta_2,95.14,1.17
659,01/09/26 0:16,S019,Planta_2,97.32,0.64
667,01/09/26 0:16,S027,Planta_3,87.04,2.93
677,01/09/26 0:16,S037,Planta_4,101.71,2.04
682,01/09/26 0:17,S002,Planta_1,89.72,0.66
697,01/09/26 0:17,S017,Planta_2,85.44,2.91
729,01/09/26 0:18,S009,Planta_1,85.71,1.91
743,01/09/26 0:18,S023,Planta_3,94.71,2.25
746,01/09/26 0:18,S026,Planta_3,93.84,4.37
752,01/09/26 0:18,S032,Planta_4,104.57,2.4
765,01/09/26 0:19,S005,Planta_1,89.75,1.1
771,01/09/26 0:19,S011,Planta_2,90.21,1.28
787,01/09/26 0:19,S027,Planta_3,87.55,0.79
793,01/09/26 0:19,S033,Planta_4,103.64,2.14
834,01/09/26 0:20,S034,Planta_4,100.05,4.21
871,01/09/26 0:21,S031,Planta_4,86.38,1.48
905,01/09/26 0:22,S025,Planta_3,89.48,3.64
916,01/09/26 0:22,S036,Planta_4,101.31,1.43
942,01/09/26 0:23,S022,Planta_3,93.54,0.55
956,01/09/26 0:23,S036,Planta_4,86.25,1.28
961,01/09/26 0:24,S001,Planta_1,93.96,3.36
994,01/09/26 0:24,S034,Planta_4,98.07,5.39
995,01/09/26 0:24,S035,Planta_4,100.63,2.63
1005,01/09/26 0:25,S005,Planta_1,100.51,0.69
1015,01/09/26 0:25,S015,Planta_2,87.72,0.58
1073,01/09/26 0:26,S033,Planta_4,91.84,1.7
1076,01/09/26 0:26,S036,Planta_4,104.61,5.39
1083,01/09/26 0:27,S003,Planta_1,103.95,3.35
1085,01/09/26 0:27,S005,Planta_1,104.17,5.42
1126,01/09/26 0:28,S006,Planta_1,102.89,0.64
1135,01/09/26 0:28,S015,Planta_2,99.85,1.58
1146,01/09/26 0:28,S026,Planta_3,102.08,5.38
1159,01/09/26 0:28,S039,Planta_4,104.56,2.48
1171,01/09/26 0:29,S011,Planta_2,91.49,4.31
1175,01/09/26 0:29,S015,Planta_2,94.05,5.29
1177,01/09/26 0:29,S017,Planta_2,95.8,4.95
1183,01/09/26 0:29,S023,Planta_3,104.31,2.65
1187,01/09/26 0:29,S027,Planta_3,88.38,3.9
1189,01/09/26 0:29,S029,Planta_3,90.08,4.46
1216,01/09/26 0:30,S016,Planta_2,101.27,2.11
1232,01/09/26 0:30,S032,Planta_4,100.35,5.22
1250,01/09/26 0:31,S010,Planta_1,101.37,3.24
1260,01/09/26 0:31,S020,Planta_2,92.53,5.02
1263,01/09/26 0:31,S023,Planta_3,91.14,3.84
1271,01/09/26 0:31,S031,Planta_4,93.61,0.96
1312,01/09/26 0:32,S032,Planta_4,103.94,2.18
1324,01/09/26 0:33,S004,Planta_1,104.86,4.69
1326,01/09/26 0:33,S006,Planta_1,101.62,2.58
1335,01/09/26 0:33,S015,Planta_2,88.86,4.43
1336,01/09/26 0:33,S016,Planta_2,96.51,3.98
1339,01/09/26 0:33,S019,Planta_2,103.11,5.1
1351,01/09/26 0:33,S031,Planta_4,104.36,2.42
1362,01/09/26 0:34,S002,Planta_1,86.43,1.03
1368,01/09/26 0:34,S008,Planta_1,85.67,3.54
1384,01/09/26 0:34,S024,Planta_3,85.95,4.76
1385,01/09/26 0:34,S025,Planta_3,98.38,4.84
1411,01/09/26 0:35,S011,Planta_2,89.28,1.7
1412,01/09/26 0:35,S012,Planta_2,104.54,4.83
1415,01/09/26 0:35,S015,Planta_2,94.96,4.88
1450,01/09/26 0:36,S010,Planta_1,93.69,3.46
1476,01/09/26 0:36,S036,Planta_4,86.16,0.89
1477,01/09/26 0:36,S037,Planta_4,95.64,3.03
1487,01/09/26 0:37,S007,Planta_1,102.02,3.42
1522,01/09/26 0:38,S002,Planta_1,85.55,4.84
1539,01/09/26 0:38,S019,Planta_2,97.42,2.86
1555,01/09/26 0:38,S035,Planta_4,91.37,2.31
1565,01/09/26 0:39,S005,Planta_1,85.19,1.79
1584,01/09/26 0:39,S024,Planta_3,94.2,4.83
1610,01/09/26 0:40,S010,Planta_1,89.41,5.36
1620,01/09/26 0:40,S020,Planta_2,91.89,1.09
1622,01/09/26 0:40,S022,Planta_3,100.84,4.68
1623,01/09/26 0:40,S023,Planta_3,103.05,0.61
1630,01/09/26 0:40,S030,Planta_3,100.6,3.6
1647,01/09/26 0:41,S007,Planta_1,93.09,3.19
1656,01/09/26 0:41,S016,Planta_2,85.35,1.37
1663,01/09/26 0:41,S023,Planta_3,87.53,2.66
1675,01/09/26 0:41,S035,Planta_4,96.09,2.11
1678,01/09/26 0:41,S038,Planta_4,94.45,1.08
1683,01/09/26 0:42,S003,Planta_1,91.79,4.81
1691,01/09/26 0:42,S011,Planta_2,95.1,1.13
1694,01/09/26 0:42,S014,Planta_2,85.3,4.44
1730,01/09/26 0:43,S010,Planta_1,102.48,4.27
1731,01/09/26 0:43,S011,Planta_2,102.88,3.96
1747,01/09/26 0:43,S027,Planta_3,103.68,3.7
1749,01/09/26 0:43,S029,Planta_3,88.92,2.51
1757,01/09/26 0:43,S037,Planta_4,90.49,0.81
1759,01/09/26 0:43,S039,Planta_4,96.53,2.73
1762,01/09/26 0:44,S002,Planta_1,85.55,0.66
1797,01/09/26 0:44,S037,Planta_4,92.23,2.58
1805,01/09/26 0:45,S005,Planta_1,90.48,4.95
1807,01/09/26 0:45,S007,Planta_1,99.06,4.76
1809,01/09/26 0:45,S009,Planta_1,86.45,4.11
1812,01/09/26 0:45,S012,Planta_2,93.42,1.69
1841,01/09/26 0:46,S001,Planta_1,100.44,3.87
1844,01/09/26 0:46,S004,Planta_1,94.82,1.67
1847,01/09/26 0:46,S007,Planta_1,89.35,0.72
1863,01/09/26 0:46,S023,Planta_3,104.27,2.34
1891,01/09/26 0:47,S011,Planta_2,93.41,2.42
1892,01/09/26 0:47,S012,Planta_2,104.22,2.92
1894,01/09/26 0:47,S014,Planta_2,103.49,5.17
1901,01/09/26 0:47,S021,Planta_3,90.82,4.4
1904,01/09/26 0:47,S024,Planta_3,87.12,4.55
1934,01/09/26 0:48,S014,Planta_2,85.55,0.68
1938,01/09/26 0:48,S018,Planta_2,103.75,1.36
1940,01/09/26 0:48,S020,Planta_2,95.03,4.57
1943,01/09/26 0:48,S023,Planta_3,92.89,5.11
1947,01/09/26 0:48,S027,Planta_3,102.96,3.98
1952,01/09/26 0:48,S032,Planta_4,93.59,1.32
1976,01/09/26 0:49,S016,Planta_2,93.18,1.1
1983,01/09/26 0:49,S023,Planta_3,102.33,3.37
2000,01/09/26 0:49,S040,Planta_4,89.56,2.54
2003,01/09/26 0:50,S003,Planta_1,87.42,4.85
2008,01/09/26 0:50,S008,Planta_1,102.73,3.68
2021,01/09/26 0:50,S021,Planta_3,102.31,0.51
2046,01/09/26 0:51,S006,Planta_1,88.74,4.79
2048,01/09/26 0:51,S008,Planta_1,86.76,4.76
2062,01/09/26 0:51,S022,Planta_3,88.11,1.05
2067,01/09/26 0:51,S027,Planta_3,98.47,5.02
2088,01/09/26 0:52,S008,Planta_1,96.98,4.68
2105,01/09/26 0:52,S025,Planta_3,98.53,3.04
2111,01/09/26 0:52,S031,Planta_4,89.26,3.31
2137,01/09/26 0:53,S017,Planta_2,90.72,0.8
2166,01/09/26 0:54,S006,Planta_1,94.92,4.32
2180,01/09/26 0:54,S020,Planta_2,89.2,1.43
2188,01/09/26 0:54,S028,Planta_3,89.32,3.33
2199,01/09/26 0:54,S039,Planta_4,87.14,1.08
2213,01/09/26 0:55,S013,Planta_2,98.56,3.07
2230,01/09/26 0:55,S030,Planta_3,89.16,4.54
2250,01/09/26 0:56,S010,Planta_1,102.72,3.59
2268,01/09/26 0:56,S028,Planta_3,95.45,3.3
2273,01/09/26 0:56,S033,Planta_4,93.77,2.66
2338,01/09/26 0:58,S018,Planta_2,85.03,3.46
2353,01/09/26 0:58,S033,Planta_4,103.24,1.47
2363,01/09/26 0:59,S003,Planta_1,99.09,2.1
2370,01/09/26 0:59,S010,Planta_1,96.52,3.86
2400,01/09/26 0:59,S040,Planta_4,100.59,3.95
2406,01/09/26 1:00,S006,Planta_1,88.7,2.19
2463,01/09/26 1:01,S023,Planta_3,87.35,4.26
2474,01/09/26 1:01,S034,Planta_4,87.01,1.1
2484,01/09/26 1:02,S004,Planta_1,101.2,1.21
2497,01/09/26 1:02,S017,Planta_2,90.75,5.02
2523,01/09/26 1:03,S003,Planta_1,101.88,1.94
2543,01/09/26 1:03,S023,Planta_3,94.46,0.78
2545,01/09/26 1:03,S025,Planta_3,91.91,4.88
2554,01/09/26 1:03,S034,Planta_4,97.07,5.47
2555,01/09/26 1:03,S035,Planta_4,95.16,4.59
2563,01/09/26 1:04,S003,Planta_1,91.07,5.47
2571,01/09/26 1:04,S011,Planta_2,96.74,5.49
2575,01/09/26 1:04,S015,Planta_2,92.9,4.67
2579,01/09/26 1:04,S019,Planta_2,104.21,5.19
2588,01/09/26 1:04,S028,Planta_3,103.9,3.41
2589,01/09/26 1:04,S029,Planta_3,104.85,2.0
2591,01/09/26 1:04,S031,Planta_4,93.63,4.14
2596,01/09/26 1:04,S036,Planta_4,86.83,1.64
2598,01/09/26 1:04,S038,Planta_4,86.89,1.26
2606,01/09/26 1:05,S006,Planta_1,95.42,4.34
2609,01/09/26 1:05,S009,Planta_1,103.01,0.68
2612,01/09/26 1:05,S012,Planta_2,97.55,3.43
2643,01/09/26 1:06,S003,Planta_1,92.81,3.03
2650,01/09/26 1:06,S010,Planta_1,89.06,3.61
2667,01/09/26 1:06,S027,Planta_3,99.57,4.64
2672,01/09/26 1:06,S032,Planta_4,103.51,2.87
2724,01/09/26 1:08,S004,Planta_1,86.5,5.34
2725,01/09/26 1:08,S005,Planta_1,98.67,4.25
2737,01/09/26 1:08,S017,Planta_2,96.63,1.34
2753,01/09/26 1:08,S033,Planta_4,87.96,2.12
2782,01/09/26 1:09,S022,Planta_3,99.36,2.95
2786,01/09/26 1:09,S026,Planta_3,89.31,3.62
2803,01/09/26 1:10,S003,Planta_1,95.29,2.28
2826,01/09/26 1:10,S026,Planta_3,98.7,3.41
2869,01/09/26 1:11,S029,Planta_3,97.35,5.39
2877,01/09/26 1:11,S037,Planta_4,90.11,2.36
2888,01/09/26 1:12,S008,Planta_1,100.38,2.1
2889,01/09/26 1:12,S009,Planta_1,103.14,4.31
2891,01/09/26 1:12,S011,Planta_2,95.46,2.59
2906,01/09/26 1:12,S026,Planta_3,87.52,1.08
2907,01/09/26 1:12,S027,Planta_3,103.26,1.4
2936,01/09/26 1:13,S016,Planta_2,88.38,2.04
2944,01/09/26 1:13,S024,Planta_3,92.0,1.05
2962,01/09/26 1:14,S002,Planta_1,85.58,1.38
2977,01/09/26 1:14,S017,Planta_2,88.07,3.87
2989,01/09/26 1:14,S029,Planta_3,99.67,4.08
2993,01/09/26 1:14,S033,Planta_4,88.67,1.15
3011,01/09/26 1:15,S011,Planta_2,85.06,0.85
3020,01/09/26 1:15,S020,Planta_2,92.86,4.29
3035,01/09/26 1:15,S035,Planta_4,99.13,5.49
3044,01/09/26 1:16,S004,Planta_1,92.52,1.86
3100,01/09/26 1:17,S020,Planta_2,96.61,1.28
3149,01/09/26 1:18,S029,Planta_3,91.47,1.74
3154,01/09/26 1:18,S034,Planta_4,97.91,1.34
3162,01/09/26 1:19,S002,Planta_1,91.89,2.57
3188,01/09/26 1:19,S028,Planta_3,93.97,2.03
3193,01/09/26 1:19,S033,Planta_4,92.19,2.09
3194,01/09/26 1:19,S034,Planta_4,96.26,4.14
3213,01/09/26 1:20,S013,Planta_2,97.07,5.42
3240,01/09/26 1:20,S040,Planta_4,87.85,0.99
3246,01/09/26 1:21,S006,Planta_1,92.09,3.33
3287,01/09/26 1:22,S007,Planta_1,92.36,3.41
3302,01/09/26 1:22,S022,Planta_3,88.54,1.93
3306,01/09/26 1:22,S026,Planta_3,88.04,3.47
3342,01/09/26 1:23,S022,Planta_3,93.17,3.72
3429,01/09/26 1:25,S029,Planta_3,86.16,1.66
3440,01/09/26 1:25,S040,Planta_4,97.26,4.99
3441,01/09/26 1:26,S001,Planta_1,97.99,2.76
3447,01/09/26 1:26,S007,Planta_1,104.54,2.78
3498,01/09/26 1:27,S018,Planta_2,88.55,2.96
3505,01/09/26 1:27,S025,Planta_3,85.14,2.38
3561,01/09/26 1:29,S001,Planta_1,93.01,5.18
3598,01/09/26 1:29,S038,Planta_4,98.1,1.02
3611,01/09/26 1:30,S011,Planta_2,95.84,2.69
3621,01/09/26 1:30,S021,Planta_3,100.06,1.32
3628,01/09/26 1:30,S028,Planta_3,98.4,1.44
3633,01/09/26 1:30,S033,Planta_4,92.06,4.61
3636,01/09/26 1:30,S036,Planta_4,88.96,3.06
3655,01/09/26 1:31,S015,Planta_2,96.72,4.02
3664,01/09/26 1:31,S024,Planta_3,89.17,4.72
3670,01/09/26 1:31,S030,Planta_3,95.29,0.91
3702,01/09/26 1:32,S022,Planta_3,91.28,5.22
3713,01/09/26 1:32,S033,Planta_4,103.03,1.46
3721,01/09/26 1:33,S001,Planta_1,92.45,3.07
3730,01/09/26 1:33,S010,Planta_1,102.01,1.22
3733,01/09/26 1:33,S013,Planta_2,99.99,3.28
3735,01/09/26 1:33,S015,Planta_2,88.95,3.37
3742,01/09/26 1:33,S022,Planta_3,102.65,0.97
3751,01/09/26 1:33,S031,Planta_4,101.76,5.14
3766,01/09/26 1:34,S006,Planta_1,100.11,1.38
3768,01/09/26 1:34,S008,Planta_1,92.88,2.88
3779,01/09/26 1:34,S019,Planta_2,94.72,1.74
3789,01/09/26 1:34,S029,Planta_3,88.32,4.88
3790,01/09/26 1:34,S030,Planta_3,91.34,4.84
3803,01/09/26 1:35,S003,Planta_1,86.46,3.43
3807,01/09/26 1:35,S007,Planta_1,85.38,1.83
3808,01/09/26 1:35,S008,Planta_1,94.35,5.04
3811,01/09/26 1:35,S011,Planta_2,96.9,3.58
3820,01/09/26 1:35,S020,Planta_2,100.78,3.98
3850,01/09/26 1:36,S010,Planta_1,102.1,2.93
3856,01/09/26 1:36,S016,Planta_2,90.11,2.05
3859,01/09/26 1:36,S019,Planta_2,104.46,4.91
3879,01/09/26 1:36,S039,Planta_4,104.19,3.48
3884,01/09/26 1:37,S004,Planta_1,88.05,2.48
3892,01/09/26 1:37,S012,Planta_2,104.87,0.64
3906,01/09/26 1:37,S026,Planta_3,102.28,3.05
3911,01/09/26 1:37,S031,Planta_4,88.22,4.87
3921,01/09/26 1:38,S001,Planta_1,91.12,3.14
3937,01/09/26 1:38,S017,Planta_2,94.25,1.79
3939,01/09/26 1:38,S019,Planta_2,87.3,5.46
3941,01/09/26 1:38,S021,Planta_3,88.29,2.63
3953,01/09/26 1:38,S033,Planta_4,96.61,2.65
4011,01/09/26 1:40,S011,Planta_2,95.01,2.44
4032,01/09/26 1:40,S032,Planta_4,104.14,0.69
4037,01/09/26 1:40,S037,Planta_4,95.9,3.96
4038,01/09/26 1:40,S038,Planta_4,94.64,2.06
4047,01/09/26 1:41,S007,Planta_1,99.51,4.92
4051,01/09/26 1:41,S011,Planta_2,96.3,2.65
4073,01/09/26 1:41,S033,Planta_4,99.82,5.4
4093,01/09/26 1:42,S013,Planta_2,92.37,2.57
4094,01/09/26 1:42,S014,Planta_2,99.03,4.15
4102,01/09/26 1:42,S022,Planta_3,96.21,4.99
4108,01/09/26 1:42,S028,Planta_3,85.2,4.47
4112,01/09/26 1:42,S032,Planta_4,93.58,4.46
4120,01/09/26 1:42,S040,Planta_4,102.71,2.32
4123,01/09/26 1:43,S003,Planta_1,96.43,1.7
4156,01/09/26 1:43,S036,Planta_4,97.25,2.14
4160,01/09/26 1:43,S040,Planta_4,88.75,1.72
4170,01/09/26 1:44,S010,Planta_1,92.34,1.32
4206,01/09/26 1:45,S006,Planta_1,98.28,2.36
4207,01/09/26 1:45,S007,Planta_1,104.7,1.97
4208,01/09/26 1:45,S008,Planta_1,104.63,3.71
4216,01/09/26 1:45,S016,Planta_2,88.99,4.7
4219,01/09/26 1:45,S019,Planta_2,88.15,3.29
4242,01/09/26 1:46,S002,Planta_1,94.25,1.16
4246,01/09/26 1:46,S006,Planta_1,101.37,1.87
4253,01/09/26 1:46,S013,Planta_2,85.54,3.92
4263,01/09/26 1:46,S023,Planta_3,94.69,2.76
4279,01/09/26 1:46,S039,Planta_4,92.93,3.28
4280,01/09/26 1:46,S040,Planta_4,103.38,0.86
4288,01/09/26 1:47,S008,Planta_1,88.75,4.9
4331,01/09/26 1:48,S011,Planta_2,102.24,2.38
4367,01/09/26 1:49,S007,Planta_1,90.39,3.98
4376,01/09/26 1:49,S016,Planta_2,85.46,5.09
4378,01/09/26 1:49,S018,Planta_2,101.1,3.38
4408,01/09/26 1:50,S008,Planta_1,93.05,1.74
4425,01/09/26 1:50,S025,Planta_3,103.65,2.2
4438,01/09/26 1:50,S038,Planta_4,88.85,4.61
4480,01/09/26 1:51,S040,Planta_4,104.2,0.8
4526,01/09/26 1:53,S006,Planta_1,99.82,0.75
4549,01/09/26 1:53,S029,Planta_3,100.31,3.94
4570,01/09/26 1:54,S010,Planta_1,90.59,2.62
4571,01/09/26 1:54,S011,Planta_2,85.52,4.99
4583,01/09/26 1:54,S023,Planta_3,91.21,1.8
4592,01/09/26 1:54,S032,Planta_4,96.01,3.3
4631,01/09/26 1:55,S031,Planta_4,95.04,1.85
4632,01/09/26 1:55,S032,Planta_4,89.64,1.08
4674,01/09/26 1:56,S034,Planta_4,94.26,5.13
4689,01/09/26 1:57,S009,Planta_1,94.88,2.76
4715,01/09/26 1:57,S035,Planta_4,98.98,4.18
4727,01/09/26 1:58,S007,Planta_1,93.34,2.57
4738,01/09/26 1:58,S018,Planta_2,101.02,0.51
4740,01/09/26 1:58,S020,Planta_2,101.97,5.49
4744,01/09/26 1:58,S024,Planta_3,101.22,2.98
4756,01/09/26 1:58,S036,Planta_4,89.97,3.15
4777,01/09/26 1:59,S017,Planta_2,86.82,1.25
4782,01/09/26 1:59,S022,Planta_3,101.44,2.52
4809,01/09/26 2:00,S009,Planta_1,85.58,4.55
4837,01/09/26 2:00,S037,Planta_4,92.8,1.66
4869,01/09/26 2:01,S029,Planta_3,95.0,1.86
4870,01/09/26 2:01,S030,Planta_3,98.68,1.11
4888,01/09/26 2:02,S008,Planta_1,103.99,3.73
4894,01/09/26 2:02,S014,Planta_2,104.46,1.62
4899,01/09/26 2:02,S019,Planta_2,100.53,3.94
4955,01/09/26 2:03,S035,Planta_4,87.97,3.55
4968,01/09/26 2:04,S008,Planta_1,93.32,0.82
5004,01/09/26 2:05,S004,Planta_1,95.61,4.4
5021,01/09/26 2:05,S021,Planta_3,94.07,2.94
5028,01/09/26 2:05,S028,Planta_3,101.81,3.16
5038,01/09/26 2:05,S038,Planta_4,86.84,3.9
5039,01/09/26 2:05,S039,Planta_4,92.23,1.3
5042,01/09/26 2:06,S002,Planta_1,90.37,4.12
5092,01/09/26 2:07,S012,Planta_2,96.85,0.75
5097,01/09/26 2:07,S017,Planta_2,90.25,1.09
5101,01/09/26 2:07,S021,Planta_3,87.69,5.37
5103,01/09/26 2:07,S023,Planta_3,96.01,4.51
5131,01/09/26 2:08,S011,Planta_2,91.68,1.61
5135,01/09/26 2:08,S015,Planta_2,91.0,2.46
5136,01/09/26 2:08,S016,Planta_2,91.46,2.99
5152,01/09/26 2:08,S032,Planta_4,88.47,4.18
5155,01/09/26 2:08,S035,Planta_4,90.18,1.71
5170,01/09/26 2:09,S010,Planta_1,92.95,1.58
5180,01/09/26 2:09,S020,Planta_2,95.74,4.0
5192,01/09/26 2:09,S032,Planta_4,103.04,4.14
5230,01/09/26 2:10,S030,Planta_3,98.39,1.03
5233,01/09/26 2:10,S033,Planta_4,90.16,3.29
5237,01/09/26 2:10,S037,Planta_4,99.96,5.25
5249,01/09/26 2:11,S009,Planta_1,103.4,5.01
5250,01/09/26 2:11,S010,Planta_1,92.98,3.97
5313,01/09/26 2:12,S033,Planta_4,93.47,2.35
5314,01/09/26 2:12,S034,Planta_4,89.55,1.78
5334,01/09/26 2:13,S014,Planta_2,93.88,1.79
5353,01/09/26 2:13,S033,Planta_4,97.4,3.45
5357,01/09/26 2:13,S037,Planta_4,97.92,5.49
5371,01/09/26 2:14,S011,Planta_2,91.03,3.56
5376,01/09/26 2:14,S016,Planta_2,97.73,4.78
5399,01/09/26 2:14,S039,Planta_4,87.77,5.18
5400,01/09/26 2:14,S040,Planta_4,98.21,2.72
5430,01/09/26 2:15,S030,Planta_3,88.79,2.02
5458,01/09/26 2:16,S018,Planta_2,98.48,2.18
5473,01/09/26 2:16,S033,Planta_4,99.62,1.55
5488,01/09/26 2:17,S008,Planta_1,102.19,3.9
5493,01/09/26 2:17,S013,Planta_2,101.53,4.67
5560,01/09/26 2:18,S040,Planta_4,91.49,2.19
5601,01/09/26 2:20,S001,Planta_1,101.56,2.96
5603,01/09/26 2:20,S003,Planta_1,89.63,1.08
5631,01/09/26 2:20,S031,Planta_4,92.49,4.19
5632,01/09/26 2:20,S032,Planta_4,94.14,2.43
5633,01/09/26 2:20,S033,Planta_4,88.9,2.34
5634,01/09/26 2:20,S034,Planta_4,103.35,3.18
5658,01/09/26 2:21,S018,Planta_2,101.08,2.51
5663,01/09/26 2:21,S023,Planta_3,103.24,4.17
5682,01/09/26 2:22,S002,Planta_1,87.89,1.05
5699,01/09/26 2:22,S019,Planta_2,99.15,4.48
5702,01/09/26 2:22,S022,Planta_3,88.54,5.05
5704,01/09/26 2:22,S024,Planta_3,102.74,5.11
5727,01/09/26 2:23,S007,Planta_1,103.36,4.23
5729,01/09/26 2:23,S009,Planta_1,90.01,0.67
5737,01/09/26 2:23,S017,Planta_2,89.27,0.96
5781,01/09/26 2:24,S021,Planta_3,87.57,1.04
5791,01/09/26 2:24,S031,Planta_4,91.46,1.73
5801,01/09/26 2:25,S001,Planta_1,102.72,4.85
5803,01/09/26 2:25,S003,Planta_1,97.4,1.13
5804,01/09/26 2:25,S004,Planta_1,98.53,3.26
5810,01/09/26 2:25,S010,Planta_1,97.0,4.54
5815,01/09/26 2:25,S015,Planta_2,103.9,4.77
5820,01/09/26 2:25,S020,Planta_2,85.56,4.61
5822,01/09/26 2:25,S022,Planta_3,87.54,4.41
5867,01/09/26 2:26,S027,Planta_3,91.22,4.38
5909,01/09/26 2:27,S029,Planta_3,96.42,2.24
5927,01/09/26 2:28,S007,Planta_1,102.1,2.14
5948,01/09/26 2:28,S028,Planta_3,90.52,3.54
6048,01/09/26 2:31,S008,Planta_1,99.31,1.51
6060,01/09/26 2:31,S020,Planta_2,102.1,1.32
6084,01/09/26 2:32,S004,Planta_1,98.73,2.97
6102,01/09/26 2:32,S022,Planta_3,104.29,0.95
6125,01/09/26 2:33,S005,Planta_1,95.79,2.02
6128,01/09/26 2:33,S008,Planta_1,96.79,4.76
6129,01/09/26 2:33,S009,Planta_1,87.81,3.51
6136,01/09/26 2:33,S016,Planta_2,89.21,2.36
6142,01/09/26 2:33,S022,Planta_3,85.96,2.59
6160,01/09/26 2:33,S040,Planta_4,87.71,3.75
6181,01/09/26 2:34,S021,Planta_3,94.41,4.2
6218,01/09/26 2:35,S018,Planta_2,91.44,1.28
6232,01/09/26 2:35,S032,Planta_4,92.67,4.29
6241,01/09/26 2:36,S001,Planta_1,98.4,5.03
6279,01/09/26 2:36,S039,Planta_4,96.35,4.22
6288,01/09/26 2:37,S008,Planta_1,98.61,1.09
6304,01/09/26 2:37,S024,Planta_3,96.9,4.3
6309,01/09/26 2:37,S029,Planta_3,88.92,0.94
6321,01/09/26 2:38,S001,Planta_1,91.68,2.11
6327,01/09/26 2:38,S007,Planta_1,96.55,3.25
6341,01/09/26 2:38,S021,Planta_3,96.31,4.22
6342,01/09/26 2:38,S022,Planta_3,95.0,5.44
6363,01/09/26 2:39,S003,Planta_1,98.85,0.87
6375,01/09/26 2:39,S015,Planta_2,90.0,3.46
6390,01/09/26 2:39,S030,Planta_3,104.01,4.45
6394,01/09/26 2:39,S034,Planta_4,93.28,5.17
6415,01/09/26 2:40,S015,Planta_2,100.71,4.2
6417,01/09/26 2:40,S017,Planta_2,85.73,4.72
6443,01/09/26 2:41,S003,Planta_1,99.68,4.83
6460,01/09/26 2:41,S020,Planta_2,103.47,2.14
6488,01/09/26 2:42,S008,Planta_1,98.22,0.77
6495,01/09/26 2:42,S015,Planta_2,101.66,2.73
6508,01/09/26 2:42,S028,Planta_3,85.69,3.31
6516,01/09/26 2:42,S036,Planta_4,87.34,4.71
6550,01/09/26 2:43,S030,Planta_3,102.43,2.45
6557,01/09/26 2:43,S037,Planta_4,98.12,3.84
6564,01/09/26 2:44,S004,Planta_1,99.72,4.32
6566,01/09/26 2:44,S006,Planta_1,103.99,2.77
6568,01/09/26 2:44,S008,Planta_1,88.89,5.27
6623,01/09/26 2:45,S023,Planta_3,97.05,5.46
6645,01/09/26 2:46,S005,Planta_1,104.58,1.97
6648,01/09/26 2:46,S008,Planta_1,104.62,2.76
6661,01/09/26 2:46,S021,Planta_3,87.45,1.56
6676,01/09/26 2:46,S036,Planta_4,91.92,2.29
6692,01/09/26 2:47,S012,Planta_2,96.44,1.92
6709,01/09/26 2:47,S029,Planta_3,103.55,2.59
6714,01/09/26 2:47,S034,Planta_4,96.9,5.24
6721,01/09/26 2:48,S001,Planta_1,94.0,4.59
6734,01/09/26 2:48,S014,Planta_2,97.22,4.78
6762,01/09/26 2:49,S002,Planta_1,86.86,2.73
6773,01/09/26 2:49,S013,Planta_2,96.01,2.82
6780,01/09/26 2:49,S020,Planta_2,103.82,5.01
6783,01/09/26 2:49,S023,Planta_3,90.92,1.65
6808,01/09/26 2:50,S008,Planta_1,100.31,3.84
6809,01/09/26 2:50,S009,Planta_1,87.7,2.1
6828,01/09/26 2:50,S028,Planta_3,87.01,3.2
6830,01/09/26 2:50,S030,Planta_3,85.34,1.53
6832,01/09/26 2:50,S032,Planta_4,96.11,1.99
6846,01/09/26 2:51,S006,Planta_1,98.91,1.37
6862,01/09/26 2:51,S022,Planta_3,102.76,1.17
6869,01/09/26 2:51,S029,Planta_3,87.95,0.74
6883,01/09/26 2:52,S003,Planta_1,91.88,5.03
6891,01/09/26 2:52,S011,Planta_2,88.27,2.69
6894,01/09/26 2:52,S014,Planta_2,90.35,2.12
6914,01/09/26 2:52,S034,Planta_4,93.04,4.64
6960,01/09/26 2:53,S040,Planta_4,88.26,2.17
6977,01/09/26 2:54,S017,Planta_2,90.13,0.9
6980,01/09/26 2:54,S020,Planta_2,87.55,2.5
7009,01/09/26 2:55,S009,Planta_1,96.22,4.64
7035,01/09/26 2:55,S035,Planta_4,93.27,5.25
7050,01/09/26 2:56,S010,Planta_1,85.72,0.72
7061,01/09/26 2:56,S021,Planta_3,91.46,4.02
7101,01/09/26 2:57,S021,Planta_3,85.42,1.27
7143,01/09/26 2:58,S023,Planta_3,93.77,1.38
7162,01/09/26 2:59,S002,Planta_1,95.1,4.27
7186,01/09/26 2:59,S026,Planta_3,95.32,3.48
7193,01/09/26 2:59,S033,Planta_4,97.94,3.94
7203,01/09/26 3:00,S003,Planta_1,91.05,2.74
7213,01/09/26 3:00,S013,Planta_2,86.32,3.49
7221,01/09/26 3:00,S021,Planta_3,89.11,1.4
7233,01/09/26 3:00,S033,Planta_4,97.49,4.18
7250,01/09/26 3:01,S010,Planta_1,95.65,3.45
7257,01/09/26 3:01,S017,Planta_2,101.9,5.16
7274,01/09/26 3:01,S034,Planta_4,98.74,4.85
7284,01/09/26 3:02,S004,Planta_1,102.43,4.05
7289,01/09/26 3:02,S009,Planta_1,101.68,4.3
7295,01/09/26 3:02,S015,Planta_2,87.32,4.06
7312,01/09/26 3:02,S032,Planta_4,89.92,5.45
7322,01/09/26 3:03,S002,Planta_1,89.63,2.85
7337,01/09/26 3:03,S017,Planta_2,87.96,3.87
7346,01/09/26 3:03,S026,Planta_3,94.96,1.43
7361,01/09/26 3:04,S001,Planta_1,91.56,4.75
7362,01/09/26 3:04,S002,Planta_1,90.65,2.03
7370,01/09/26 3:04,S010,Planta_1,95.36,4.09
7376,01/09/26 3:04,S016,Planta_2,92.2,3.54
7384,01/09/26 3:04,S024,Planta_3,94.09,2.79
7410,01/09/26 3:05,S010,Planta_1,104.45,2.69
7422,01/09/26 3:05,S022,Planta_3,89.68,1.42
7435,01/09/26 3:05,S035,Planta_4,90.33,2.98
7461,01/09/26 3:06,S021,Planta_3,87.32,0.59
7470,01/09/26 3:06,S030,Planta_3,101.2,0.79
7492,01/09/26 3:07,S012,Planta_2,90.02,1.29
7515,01/09/26 3:07,S035,Planta_4,95.0,0.9
7538,01/09/26 3:08,S018,Planta_2,94.55,1.39
7556,01/09/26 3:08,S036,Planta_4,96.08,4.51
7569,01/09/26 3:09,S009,Planta_1,102.69,3.09
7575,01/09/26 3:09,S015,Planta_2,86.71,1.6
7577,01/09/26 3:09,S017,Planta_2,104.16,2.53
7588,01/09/26 3:09,S028,Planta_3,102.69,2.79
7606,01/09/26 3:10,S006,Planta_1,99.73,4.97
7610,01/09/26 3:10,S010,Planta_1,101.5,1.0
7655,01/09/26 3:11,S015,Planta_2,92.71,2.81
7676,01/09/26 3:11,S036,Planta_4,93.21,0.97
7681,01/09/26 3:12,S001,Planta_1,99.0,3.45
7692,01/09/26 3:12,S012,Planta_2,99.73,3.98
7700,01/09/26 3:12,S020,Planta_2,100.39,1.8
7713,01/09/26 3:12,S033,Planta_4,85.88,2.11
7722,01/09/26 3:13,S002,Planta_1,99.73,1.08
7725,01/09/26 3:13,S005,Planta_1,103.82,3.59
7750,01/09/26 3:13,S030,Planta_3,88.21,4.57
7753,01/09/26 3:13,S033,Planta_4,103.94,2.88
7787,01/09/26 3:14,S027,Planta_3,89.42,1.54
7793,01/09/26 3:14,S033,Planta_4,92.36,3.82
7794,01/09/26 3:14,S034,Planta_4,91.3,2.39
7797,01/09/26 3:14,S037,Planta_4,100.53,3.84
7835,01/09/26 3:15,S035,Planta_4,93.36,5.1
7843,01/09/26 3:16,S003,Planta_1,89.45,4.88
7849,01/09/26 3:16,S009,Planta_1,96.75,1.84
7855,01/09/26 3:16,S015,Planta_2,97.78,3.04
7862,01/09/26 3:16,S022,Planta_3,100.27,4.44
7914,01/09/26 3:17,S034,Planta_4,95.35,4.2
7920,01/09/26 3:17,S040,Planta_4,97.92,3.14
7923,01/09/26 3:18,S003,Planta_1,89.53,4.53
7944,01/09/26 3:18,S024,Planta_3,85.23,1.67
7960,01/09/26 3:18,S040,Planta_4,94.62,0.63
7964,01/09/26 3:19,S004,Planta_1,90.07,2.77
7975,01/09/26 3:19,S015,Planta_2,96.96,0.9
7978,01/09/26 3:19,S018,Planta_2,92.54,2.69
7997,01/09/26 3:19,S037,Planta_4,95.84,4.31
8010,01/09/26 3:20,S010,Planta_1,97.23,5.09
8021,01/09/26 3:20,S021,Planta_3,85.56,4.7
8040,01/09/26 3:20,S040,Planta_4,100.2,2.74
8094,01/09/26 3:22,S014,Planta_2,92.19,1.58
8102,01/09/26 3:22,S022,Planta_3,103.32,0.67
8105,01/09/26 3:22,S025,Planta_3,98.09,4.11
8107,01/09/26 3:22,S027,Planta_3,97.34,2.28
8110,01/09/26 3:22,S030,Planta_3,91.12,1.66
8111,01/09/26 3:22,S031,Planta_4,91.54,0.69
8121,01/09/26 3:23,S001,Planta_1,86.07,5.46
8127,01/09/26 3:23,S007,Planta_1,94.79,3.5
8139,01/09/26 3:23,S019,Planta_2,87.55,5.39
8142,01/09/26 3:23,S022,Planta_3,96.55,0.69
8144,01/09/26 3:23,S024,Planta_3,101.61,5.27
8145,01/09/26 3:23,S025,Planta_3,94.87,4.39
8147,01/09/26 3:23,S027,Planta_3,88.68,0.72
8181,01/09/26 3:24,S021,Planta_3,95.0,4.23
8192,01/09/26 3:24,S032,Planta_4,98.77,3.51
8201,01/09/26 3:25,S001,Planta_1,95.76,5.43
8207,01/09/26 3:25,S007,Planta_1,90.04,4.95
8214,01/09/26 3:25,S014,Planta_2,101.84,3.62
8216,01/09/26 3:25,S016,Planta_2,97.46,2.58
8245,01/09/26 3:26,S005,Planta_1,87.28,2.54
8251,01/09/26 3:26,S011,Planta_2,102.64,3.93
8255,01/09/26 3:26,S015,Planta_2,91.63,1.23
8258,01/09/26 3:26,S018,Planta_2,101.15,1.86
8312,01/09/26 3:27,S032,Planta_4,97.12,4.99
8319,01/09/26 3:27,S039,Planta_4,102.52,2.31
8324,01/09/26 3:28,S004,Planta_1,102.66,1.11
8348,01/09/26 3:28,S028,Planta_3,100.92,1.35
8362,01/09/26 3:29,S002,Planta_1,87.56,4.32
8369,01/09/26 3:29,S009,Planta_1,100.18,0.63
8380,01/09/26 3:29,S020,Planta_2,93.01,4.59
8390,01/09/26 3:29,S030,Planta_3,99.1,1.19
8404,01/09/26 3:30,S004,Planta_1,96.87,4.09
8415,01/09/26 3:30,S015,Planta_2,98.61,4.03
8431,01/09/26 3:30,S031,Planta_4,102.78,1.49
8464,01/09/26 3:31,S024,Planta_3,100.85,2.05
8480,01/09/26 3:31,S040,Planta_4,89.49,5.2
8535,01/09/26 3:33,S015,Planta_2,98.64,3.65
8549,01/09/26 3:33,S029,Planta_3,89.7,2.97
8567,01/09/26 3:34,S007,Planta_1,102.77,4.55
8577,01/09/26 3:34,S017,Planta_2,87.53,0.51
8613,01/09/26 3:35,S013,Planta_2,87.87,2.33
8646,01/09/26 3:36,S006,Planta_1,96.7,3.0
8647,01/09/26 3:36,S007,Planta_1,85.01,1.56
8649,01/09/26 3:36,S009,Planta_1,85.12,0.51
8652,01/09/26 3:36,S012,Planta_2,104.91,2.8
8662,01/09/26 3:36,S022,Planta_3,91.28,3.82
8670,01/09/26 3:36,S030,Planta_3,92.48,4.39
8676,01/09/26 3:36,S036,Planta_4,88.15,4.38
8677,01/09/26 3:36,S037,Planta_4,101.48,2.09
8705,01/09/26 3:37,S025,Planta_3,101.1,0.69
8715,01/09/26 3:37,S035,Planta_4,100.19,0.61
8716,01/09/26 3:37,S036,Planta_4,100.05,2.18
8724,01/09/26 3:38,S004,Planta_1,86.92,2.53
8729,01/09/26 3:38,S009,Planta_1,85.3,5.14
8732,01/09/26 3:38,S012,Planta_2,91.8,1.25
8737,01/09/26 3:38,S017,Planta_2,98.87,4.98
8757,01/09/26 3:38,S037,Planta_4,99.88,4.87
8762,01/09/26 3:39,S002,Planta_1,98.47,0.83
8775,01/09/26 3:39,S015,Planta_2,92.35,0.89
8783,01/09/26 3:39,S023,Planta_3,104.56,1.15
8792,01/09/26 3:39,S032,Planta_4,85.54,2.47
8808,01/09/26 3:40,S008,Planta_1,94.19,1.46
8816,01/09/26 3:40,S016,Planta_2,104.88,2.3
8823,01/09/26 3:40,S023,Planta_3,90.89,4.13
8845,01/09/26 3:41,S005,Planta_1,93.18,4.5
8852,01/09/26 3:41,S012,Planta_2,104.24,1.24
8854,01/09/26 3:41,S014,Planta_2,103.8,3.92
8857,01/09/26 3:41,S017,Planta_2,89.52,4.16
8877,01/09/26 3:41,S037,Planta_4,102.81,1.57
8893,01/09/26 3:42,S013,Planta_2,103.32,2.93
8919,01/09/26 3:42,S039,Planta_4,102.6,3.02
8927,01/09/26 3:43,S007,Planta_1,93.87,4.01
8933,01/09/26 3:43,S013,Planta_2,95.38,1.16
8937,01/09/26 3:43,S017,Planta_2,102.13,0.69
8946,01/09/26 3:43,S026,Planta_3,88.42,3.25
8950,01/09/26 3:43,S030,Planta_3,104.62,2.95
8959,01/09/26 3:43,S039,Planta_4,92.89,2.06
8962,01/09/26 3:44,S002,Planta_1,97.41,2.72
8996,01/09/26 3:44,S036,Planta_4,101.65,4.49
8997,01/09/26 3:44,S037,Planta_4,103.7,2.13
8998,01/09/26 3:44,S038,Planta_4,93.3,3.38
9031,01/09/26 3:45,S031,Planta_4,98.53,3.81
9038,01/09/26 3:45,S038,Planta_4,86.05,5.11
9059,01/09/26 3:46,S019,Planta_2,99.78,2.02
9081,01/09/26 3:47,S001,Planta_1,88.21,4.16
9093,01/09/26 3:47,S013,Planta_2,86.0,3.51
9112,01/09/26 3:47,S032,Planta_4,103.36,2.07
9120,01/09/26 3:47,S040,Planta_4,88.46,1.17
9163,01/09/26 3:49,S003,Planta_1,103.85,2.3
9164,01/09/26 3:49,S004,Planta_1,98.14,2.88
9183,01/09/26 3:49,S023,Planta_3,88.9,4.41
9184,01/09/26 3:49,S024,Planta_3,90.08,5.32
9227,01/09/26 3:50,S027,Planta_3,93.36,4.69
9255,01/09/26 3:51,S015,Planta_2,103.29,5.13
9304,01/09/26 3:52,S024,Planta_3,92.43,2.26
9311,01/09/26 3:52,S031,Planta_4,90.54,4.57
9312,01/09/26 3:52,S032,Planta_4,102.34,2.07
9324,01/09/26 3:53,S004,Planta_1,88.98,4.57
9350,01/09/26 3:53,S030,Planta_3,95.32,5.13
9356,01/09/26 3:53,S036,Planta_4,103.29,2.96
9368,01/09/26 3:54,S008,Planta_1,104.63,5.09
9370,01/09/26 3:54,S010,Planta_1,101.91,5.26
9396,01/09/26 3:54,S036,Planta_4,96.42,5.15
9400,01/09/26 3:54,S040,Planta_4,99.42,2.03
9402,01/09/26 3:55,S002,Planta_1,95.0,4.51
9404,01/09/26 3:55,S004,Planta_1,101.89,2.38
9405,01/09/26 3:55,S005,Planta_1,93.25,3.65
9423,01/09/26 3:55,S023,Planta_3,88.02,2.1
9447,01/09/26 3:56,S007,Planta_1,94.99,5.22
9452,01/09/26 3:56,S012,Planta_2,95.12,1.37
9463,01/09/26 3:56,S023,Planta_3,90.84,3.48
9467,01/09/26 3:56,S027,Planta_3,93.47,4.87
9493,01/09/26 3:57,S013,Planta_2,93.43,2.23
9497,01/09/26 3:57,S017,Planta_2,98.01,1.41
9502,01/09/26 3:57,S022,Planta_3,92.12,2.61
9537,01/09/26 3:58,S017,Planta_2,87.93,3.42
9597,01/09/26 3:59,S037,Planta_4,99.51,4.43
9609,01/09/26 4:00,S009,Planta_1,104.96,4.73
9624,01/09/26 4:00,S024,Planta_3,87.95,3.35
9666,01/09/26 4:01,S026,Planta_3,102.55,1.89
9673,01/09/26 4:01,S033,Planta_4,91.26,3.25
9682,01/09/26 4:02,S002,Planta_1,99.7,1.42
9684,01/09/26 4:02,S004,Planta_1,101.16,2.67
9700,01/09/26 4:02,S020,Planta_2,89.39,3.35
9720,01/09/26 4:02,S040,Planta_4,99.65,5.43
9723,01/09/26 4:03,S003,Planta_1,97.58,3.99
9725,01/09/26 4:03,S005,Planta_1,87.72,1.18
9727,01/09/26 4:03,S007,Planta_1,85.86,4.26
9791,01/09/26 4:04,S031,Planta_4,95.82,3.37
9816,01/09/26 4:05,S016,Planta_2,98.76,4.6
9823,01/09/26 4:05,S023,Planta_3,99.64,4.09
9827,01/09/26 4:05,S027,Planta_3,96.39,2.97
9828,01/09/26 4:05,S028,Planta_3,102.33,2.87
9860,01/09/26 4:06,S020,Planta_2,89.69,3.85
9874,01/09/26 4:06,S034,Planta_4,90.47,4.48
9884,01/09/26 4:07,S004,Planta_1,99.95,3.56
9887,01/09/26 4:07,S007,Planta_1,95.21,2.73
9909,01/09/26 4:07,S029,Planta_3,104.41,3.57
9926,01/09/26 4:08,S006,Planta_1,100.82,4.58
9927,01/09/26 4:08,S007,Planta_1,103.72,0.76
9992,01/09/26 4:09,S032,Planta_4,90.62,2.28
9995,01/09/26 4:09,S035,Planta_4,103.92,1.27
10001,01/09/26 4:10,S001,Planta_1,96.9,2.21
10007,01/09/26 4:10,S007,Planta_1,87.42,3.13
10023,01/09/26 4:10,S023,Planta_3,88.77,4.75
10031,01/09/26 4:10,S031,Planta_4,91.97,4.76
10032,01/09/26 4:10,S032,Planta_4,87.44,0.58
10048,01/09/26 4:11,S008,Planta_1,94.6,0.85
10057,01/09/26 4:11,S017,Planta_2,95.14,5.09
10065,01/09/26 4:11,S025,Planta_3,95.68,5.14
10101,01/09/26 4:12,S021,Planta_3,88.02,1.1
10102,01/09/26 4:12,S022,Planta_3,96.78,3.6
10111,01/09/26 4:12,S031,Planta_4,96.61,3.47
10143,01/09/26 4:13,S023,Planta_3,92.79,2.22
10153,01/09/26 4:13,S033,Planta_4,90.49,4.55
10159,01/09/26 4:13,S039,Planta_4,86.64,5.04
10160,01/09/26 4:13,S040,Planta_4,94.54,0.57
10169,01/09/26 4:14,S009,Planta_1,100.85,3.86
10189,01/09/26 4:14,S029,Planta_3,101.12,4.37
10192,01/09/26 4:14,S032,Planta_4,92.66,2.36
10194,01/09/26 4:14,S034,Planta_4,97.14,1.01
10217,01/09/26 4:15,S017,Planta_2,98.64,4.78
10223,01/09/26 4:15,S023,Planta_3,103.74,2.62
10229,01/09/26 4:15,S029,Planta_3,89.27,1.4
10235,01/09/26 4:15,S035,Planta_4,89.04,2.91
10271,01/09/26 4:16,S031,Planta_4,99.41,1.49
10274,01/09/26 4:16,S034,Planta_4,99.4,1.03
10285,01/09/26 4:17,S005,Planta_1,94.54,2.6
10286,01/09/26 4:17,S006,Planta_1,99.79,0.53
10290,01/09/26 4:17,S010,Planta_1,97.85,3.48
10301,01/09/26 4:17,S021,Planta_3,96.33,3.84
10319,01/09/26 4:17,S039,Planta_4,86.58,5.31
10336,01/09/26 4:18,S016,Planta_2,103.54,3.38
10346,01/09/26 4:18,S026,Planta_3,94.46,3.78
10347,01/09/26 4:18,S027,Planta_3,95.99,0.65
10382,01/09/26 4:19,S022,Planta_3,88.67,2.59
10394,01/09/26 4:19,S034,Planta_4,102.26,3.89
10419,01/09/26 4:20,S019,Planta_2,92.31,4.88
10481,01/09/26 4:22,S001,Planta_1,100.21,1.8
10502,01/09/26 4:22,S022,Planta_3,89.07,3.54
10513,01/09/26 4:22,S033,Planta_4,95.52,1.12
10522,01/09/26 4:23,S002,Planta_1,89.45,1.16
10550,01/09/26 4:23,S030,Planta_3,93.58,4.21
10553,01/09/26 4:23,S033,Planta_4,103.2,5.22
10575,01/09/26 4:24,S015,Planta_2,94.02,2.99
10580,01/09/26 4:24,S020,Planta_2,89.0,3.91
10629,01/09/26 4:25,S029,Planta_3,101.2,2.28
10634,01/09/26 4:25,S034,Planta_4,101.51,4.69
10660,01/09/26 4:26,S020,Planta_2,92.49,1.11
10662,01/09/26 4:26,S022,Planta_3,87.38,1.5
10679,01/09/26 4:26,S039,Planta_4,103.78,0.63
10685,01/09/26 4:27,S005,Planta_1,102.61,4.57
10701,01/09/26 4:27,S021,Planta_3,94.77,4.7
10737,01/09/26 4:28,S017,Planta_2,96.92,3.44
10750,01/09/26 4:28,S030,Planta_3,93.64,3.07
10758,01/09/26 4:28,S038,Planta_4,102.28,5.42
10798,01/09/26 4:29,S038,Planta_4,88.91,0.95
10824,01/09/26 4:30,S024,Planta_3,93.54,5.31
10833,01/09/26 4:30,S033,Planta_4,90.0,2.82
10842,01/09/26 4:31,S002,Planta_1,88.5,3.09
10855,01/09/26 4:31,S015,Planta_2,97.31,2.47
10861,01/09/26 4:31,S021,Planta_3,98.66,0.76
10882,01/09/26 4:32,S002,Planta_1,86.87,3.03
10884,01/09/26 4:32,S004,Planta_1,85.18,4.35
10892,01/09/26 4:32,S012,Planta_2,95.71,3.29
10903,01/09/26 4:32,S023,Planta_3,104.41,5.03
10917,01/09/26 4:32,S037,Planta_4,92.27,1.9
10937,01/09/26 4:33,S017,Planta_2,104.78,3.88
10946,01/09/26 4:33,S026,Planta_3,87.42,2.91
10951,01/09/26 4:33,S031,Planta_4,100.39,2.59
10967,01/09/26 4:34,S007,Planta_1,103.85,1.99
10968,01/09/26 4:34,S008,Planta_1,95.4,3.96
10972,01/09/26 4:34,S012,Planta_2,94.05,0.82
10992,01/09/26 4:34,S032,Planta_4,102.54,0.95
10999,01/09/26 4:34,S039,Planta_4,99.12,1.28
11011,01/09/26 4:35,S011,Planta_2,101.74,2.5
11035,01/09/26 4:35,S035,Planta_4,88.28,1.51
11036,01/09/26 4:35,S036,Planta_4,91.49,2.83
11040,01/09/26 4:35,S040,Planta_4,98.63,4.49
11054,01/09/26 4:36,S014,Planta_2,90.69,3.15
11082,01/09/26 4:37,S002,Planta_1,93.84,4.04
11100,01/09/26 4:37,S020,Planta_2,103.98,2.25
11104,01/09/26 4:37,S024,Planta_3,97.7,3.98
11133,01/09/26 4:38,S013,Planta_2,94.79,1.46
11138,01/09/26 4:38,S018,Planta_2,96.71,1.11
11144,01/09/26 4:38,S024,Planta_3,93.81,4.23
11148,01/09/26 4:38,S028,Planta_3,85.99,3.0
11165,01/09/26 4:39,S005,Planta_1,96.15,1.93
11177,01/09/26 4:39,S017,Planta_2,97.82,4.68
11210,01/09/26 4:40,S010,Planta_1,98.73,1.08
11217,01/09/26 4:40,S017,Planta_2,92.5,4.34
11231,01/09/26 4:40,S031,Planta_4,102.02,1.13
11245,01/09/26 4:41,S005,Planta_1,104.06,3.06
11256,01/09/26 4:41,S016,Planta_2,87.39,1.58
11269,01/09/26 4:41,S029,Planta_3,86.93,0.93
11283,01/09/26 4:42,S003,Planta_1,103.28,4.98
11290,01/09/26 4:42,S010,Planta_1,87.91,4.9
11315,01/09/26 4:42,S035,Planta_4,95.14,1.6
11323,01/09/26 4:43,S003,Planta_1,103.11,5.03
11340,01/09/26 4:43,S020,Planta_2,102.56,0.62
11341,01/09/26 4:43,S021,Planta_3,99.29,5.46
11356,01/09/26 4:43,S036,Planta_4,92.18,4.22
11360,01/09/26 4:43,S040,Planta_4,86.86,4.11
11366,01/09/26 4:44,S006,Planta_1,103.37,4.29
11373,01/09/26 4:44,S013,Planta_2,96.04,2.57
11376,01/09/26 4:44,S016,Planta_2,101.87,0.53
11377,01/09/26 4:44,S017,Planta_2,94.5,2.22
11386,01/09/26 4:44,S026,Planta_3,91.91,0.63
11387,01/09/26 4:44,S027,Planta_3,90.84,1.41
11392,01/09/26 4:44,S032,Planta_4,101.92,4.79
11400,01/09/26 4:44,S040,Planta_4,85.02,3.38
11401,01/09/26 4:45,S001,Planta_1,98.43,0.63
11411,01/09/26 4:45,S011,Planta_2,103.79,5.44
11422,01/09/26 4:45,S022,Planta_3,91.85,4.85
11435,01/09/26 4:45,S035,Planta_4,88.01,2.52
11446,01/09/26 4:46,S006,Planta_1,87.58,2.65
11521,01/09/26 4:48,S001,Planta_1,88.67,3.8
11524,01/09/26 4:48,S004,Planta_1,99.44,4.05
11537,01/09/26 4:48,S017,Planta_2,99.11,5.19
11556,01/09/26 4:48,S036,Planta_4,100.13,0.84
11562,01/09/26 4:49,S002,Planta_1,90.17,3.47
11587,01/09/26 4:49,S027,Planta_3,86.7,3.11
11588,01/09/26 4:49,S028,Planta_3,88.59,5.37
11591,01/09/26 4:49,S031,Planta_4,104.97,5.3
11605,01/09/26 4:50,S005,Planta_1,102.89,3.61
11610,01/09/26 4:50,S010,Planta_1,87.19,0.74
11613,01/09/26 4:50,S013,Planta_2,91.83,4.46
11621,01/09/26 4:50,S021,Planta_3,99.56,4.89
11623,01/09/26 4:50,S023,Planta_3,100.29,1.84
11649,01/09/26 4:51,S009,Planta_1,93.46,3.15
11651,01/09/26 4:51,S011,Planta_2,94.57,4.5
11668,01/09/26 4:51,S028,Planta_3,97.67,4.73
11678,01/09/26 4:51,S038,Planta_4,86.97,1.13
11688,01/09/26 4:52,S008,Planta_1,102.48,2.12
11708,01/09/26 4:52,S028,Planta_3,92.29,5.22
11713,01/09/26 4:52,S033,Planta_4,100.17,2.51
11716,01/09/26 4:52,S036,Planta_4,102.23,4.35
11730,01/09/26 4:53,S010,Planta_1,92.12,4.64
11772,01/09/26 4:54,S012,Planta_2,97.92,3.84
11795,01/09/26 4:54,S035,Planta_4,94.49,1.7
11806,01/09/26 4:55,S006,Planta_1,104.5,0.64
11824,01/09/26 4:55,S024,Planta_3,95.25,0.58
11830,01/09/26 4:55,S030,Planta_3,89.25,2.03
11860,01/09/26 4:56,S020,Planta_2,95.97,2.67
11898,01/09/26 4:57,S018,Planta_2,88.32,1.85
11900,01/09/26 4:57,S020,Planta_2,88.56,3.32
11905,01/09/26 4:57,S025,Planta_3,100.76,4.79
11918,01/09/26 4:57,S038,Planta_4,90.06,1.66
11934,01/09/26 4:58,S014,Planta_2,98.45,2.9
11938,01/09/26 4:58,S018,Planta_2,94.37,4.01
11942,01/09/26 4:58,S022,Planta_3,104.96,2.85
11964,01/09/26 4:59,S004,Planta_1,98.84,1.32
11969,01/09/26 4:59,S009,Planta_1,96.72,4.35
11997,01/09/26 4:59,S037,Planta_4,85.97,0.76
12008,01/09/26 5:00,S008,Planta_1,96.46,5.14
12025,01/09/26 5:00,S025,Planta_3,98.91,5.05
12027,01/09/26 5:00,S027,Planta_3,86.89,3.41
12028,01/09/26 5:00,S028,Planta_3,104.28,3.33
12043,01/09/26 5:01,S003,Planta_1,102.33,1.16
12049,01/09/26 5:01,S009,Planta_1,104.08,5.34
12055,01/09/26 5:01,S015,Planta_2,93.77,2.12
12071,01/09/26 5:01,S031,Planta_4,97.54,3.71
12090,01/09/26 5:02,S010,Planta_1,92.08,4.49
12114,01/09/26 5:02,S034,Planta_4,99.53,1.58
12135,01/09/26 5:03,S015,Planta_2,98.51,3.56
12139,01/09/26 5:03,S019,Planta_2,87.12,3.02
12144,01/09/26 5:03,S024,Planta_3,103.73,0.55
12151,01/09/26 5:03,S031,Planta_4,98.48,3.95
12208,01/09/26 5:05,S008,Planta_1,89.44,1.59
12234,01/09/26 5:05,S034,Planta_4,90.38,1.98
12237,01/09/26 5:05,S037,Planta_4,103.23,1.42
12264,01/09/26 5:06,S024,Planta_3,97.18,2.32
12265,01/09/26 5:06,S025,Planta_3,97.56,2.38
12278,01/09/26 5:06,S038,Planta_4,85.81,2.68
12294,01/09/26 5:07,S014,Planta_2,101.81,1.76
12295,01/09/26 5:07,S015,Planta_2,103.49,4.38
12312,01/09/26 5:07,S032,Planta_4,96.28,1.03
12370,01/09/26 5:09,S010,Planta_1,92.52,3.86
12374,01/09/26 5:09,S014,Planta_2,96.82,3.61
12384,01/09/26 5:09,S024,Planta_3,92.31,4.26
12385,01/09/26 5:09,S025,Planta_3,99.5,5.25
12386,01/09/26 5:09,S026,Planta_3,93.04,1.96
12395,01/09/26 5:09,S035,Planta_4,98.04,1.27
12419,01/09/26 5:10,S019,Planta_2,95.51,2.32
12436,01/09/26 5:10,S036,Planta_4,85.1,2.72
12465,01/09/26 5:11,S025,Planta_3,88.68,5.01
12482,01/09/26 5:12,S002,Planta_1,99.48,1.18
12493,01/09/26 5:12,S013,Planta_2,100.53,2.9
12514,01/09/26 5:12,S034,Planta_4,88.13,4.88
12516,01/09/26 5:12,S036,Planta_4,96.86,5.15
12522,01/09/26 5:13,S002,Planta_1,102.93,5.14
12532,01/09/26 5:13,S012,Planta_2,88.86,3.36
12552,01/09/26 5:13,S032,Planta_4,98.62,0.62
12569,01/09/26 5:14,S009,Planta_1,98.23,4.15
12584,01/09/26 5:14,S024,Planta_3,94.02,4.14
12599,01/09/26 5:14,S039,Planta_4,100.94,5.33
12607,01/09/26 5:15,S007,Planta_1,87.67,3.56
12616,01/09/26 5:15,S016,Planta_2,90.88,2.29
12659,01/09/26 5:16,S019,Planta_2,103.25,3.22
12663,01/09/26 5:16,S023,Planta_3,95.14,1.79
12671,01/09/26 5:16,S031,Planta_4,92.16,1.75
12673,01/09/26 5:16,S033,Planta_4,98.18,2.96
12700,01/09/26 5:17,S020,Planta_2,99.51,5.09
12705,01/09/26 5:17,S025,Planta_3,93.36,5.37
12709,01/09/26 5:17,S029,Planta_3,99.34,1.32
12715,01/09/26 5:17,S035,Planta_4,97.69,3.82
12738,01/09/26 5:18,S018,Planta_2,104.65,0.62
12742,01/09/26 5:18,S022,Planta_3,95.84,2.62
12743,01/09/26 5:18,S023,Planta_3,93.44,2.06
12747,01/09/26 5:18,S027,Planta_3,104.47,4.64
12771,01/09/26 5:19,S011,Planta_2,102.88,0.86
12778,01/09/26 5:19,S018,Planta_2,99.71,2.99
12784,01/09/26 5:19,S024,Planta_3,89.72,1.99
12822,01/09/26 5:20,S022,Planta_3,97.55,2.77
12850,01/09/26 5:21,S010,Planta_1,96.53,1.24
12919,01/09/26 5:22,S039,Planta_4,96.26,1.07
12923,01/09/26 5:23,S003,Planta_1,88.06,5.03
12940,01/09/26 5:23,S020,Planta_2,86.86,0.72
12959,01/09/26 5:23,S039,Planta_4,100.33,1.0
12965,01/09/26 5:24,S005,Planta_1,102.11,1.0
12972,01/09/26 5:24,S012,Planta_2,92.85,4.1
12997,01/09/26 5:24,S037,Planta_4,92.2,5.17
13016,01/09/26 5:25,S016,Planta_2,88.79,2.69
13024,01/09/26 5:25,S024,Planta_3,88.13,5.14
13031,01/09/26 5:25,S031,Planta_4,103.82,4.01
13035,01/09/26 5:25,S035,Planta_4,104.21,4.51
13046,01/09/26 5:26,S006,Planta_1,89.8,1.71
13055,01/09/26 5:26,S015,Planta_2,94.48,1.34
13064,01/09/26 5:26,S024,Planta_3,103.73,0.79
13065,01/09/26 5:26,S025,Planta_3,91.52,3.67
13076,01/09/26 5:26,S036,Planta_4,103.75,5.28
13089,01/09/26 5:27,S009,Planta_1,94.04,0.65
13098,01/09/26 5:27,S018,Planta_2,100.35,5.08
13115,01/09/26 5:27,S035,Planta_4,94.55,0.82
13128,01/09/26 5:28,S008,Planta_1,94.47,4.34
13130,01/09/26 5:28,S010,Planta_1,90.2,1.33
13135,01/09/26 5:28,S015,Planta_2,100.42,1.14
13151,01/09/26 5:28,S031,Planta_4,90.09,3.92
13158,01/09/26 5:28,S038,Planta_4,86.51,2.88
13174,01/09/26 5:29,S014,Planta_2,104.01,3.87
13177,01/09/26 5:29,S017,Planta_2,92.83,3.07
13185,01/09/26 5:29,S025,Planta_3,93.55,2.97
13192,01/09/26 5:29,S032,Planta_4,100.47,3.36
13210,01/09/26 5:30,S010,Planta_1,98.31,1.29
13231,01/09/26 5:30,S031,Planta_4,92.65,3.7
13234,01/09/26 5:30,S034,Planta_4,104.79,3.03
13243,01/09/26 5:31,S003,Planta_1,104.36,2.61
13249,01/09/26 5:31,S009,Planta_1,99.84,1.68
13257,01/09/26 5:31,S017,Planta_2,85.18,4.89
13264,01/09/26 5:31,S024,Planta_3,94.57,1.62
13290,01/09/26 5:32,S010,Planta_1,87.62,4.85
13300,01/09/26 5:32,S020,Planta_2,93.47,0.78
13316,01/09/26 5:32,S036,Planta_4,88.37,0.87
13320,01/09/26 5:32,S040,Planta_4,92.59,4.29
13330,01/09/26 5:33,S010,Planta_1,102.01,5.35
13339,01/09/26 5:33,S019,Planta_2,85.42,4.41
13342,01/09/26 5:33,S022,Planta_3,86.79,2.11
13392,01/09/26 5:34,S032,Planta_4,100.65,1.27
13396,01/09/26 5:34,S036,Planta_4,96.78,2.74
13408,01/09/26 5:35,S008,Planta_1,99.89,3.83
13421,01/09/26 5:35,S021,Planta_3,91.87,4.04
13431,01/09/26 5:35,S031,Planta_4,92.79,3.8
13437,01/09/26 5:35,S037,Planta_4,104.77,2.89
13448,01/09/26 5:36,S008,Planta_1,98.68,4.02
13473,01/09/26 5:36,S033,Planta_4,102.69,2.88
13478,01/09/26 5:36,S038,Planta_4,86.2,2.25
13481,01/09/26 5:37,S001,Planta_1,85.79,3.46
13498,01/09/26 5:37,S018,Planta_2,91.75,3.65
13507,01/09/26 5:37,S027,Planta_3,95.32,1.36
13511,01/09/26 5:37,S031,Planta_4,93.43,1.9
13515,01/09/26 5:37,S035,Planta_4,91.72,3.9
13523,01/09/26 5:38,S003,Planta_1,90.28,3.3
13529,01/09/26 5:38,S009,Planta_1,104.75,4.06
13535,01/09/26 5:38,S015,Planta_2,85.26,4.02
13560,01/09/26 5:38,S040,Planta_4,97.43,3.24
13564,01/09/26 5:39,S004,Planta_1,87.03,3.24
13571,01/09/26 5:39,S011,Planta_2,97.14,0.65
13608,01/09/26 5:40,S008,Planta_1,100.94,4.98
13609,01/09/26 5:40,S009,Planta_1,99.23,3.08
13618,01/09/26 5:40,S018,Planta_2,88.02,3.14
13644,01/09/26 5:41,S004,Planta_1,90.67,4.23
13647,01/09/26 5:41,S007,Planta_1,85.17,0.64
13648,01/09/26 5:41,S008,Planta_1,93.28,1.05
13660,01/09/26 5:41,S020,Planta_2,103.09,1.93
13678,01/09/26 5:41,S038,Planta_4,94.49,1.53
13683,01/09/26 5:42,S003,Planta_1,100.23,5.3
13696,01/09/26 5:42,S016,Planta_2,99.9,4.22
13750,01/09/26 5:43,S030,Planta_3,98.84,4.66
13762,01/09/26 5:44,S002,Planta_1,98.04,3.12
13770,01/09/26 5:44,S010,Planta_1,98.6,3.5
13791,01/09/26 5:44,S031,Planta_4,102.96,4.0
13814,01/09/26 5:45,S014,Planta_2,90.86,2.31
13815,01/09/26 5:45,S015,Planta_2,90.6,3.89
13828,01/09/26 5:45,S028,Planta_3,89.74,5.23
13846,01/09/26 5:46,S006,Planta_1,88.16,3.28
13849,01/09/26 5:46,S009,Planta_1,103.57,3.96
13867,01/09/26 5:46,S027,Planta_3,91.03,3.03
13876,01/09/26 5:46,S036,Planta_4,99.26,4.42
13895,01/09/26 5:47,S015,Planta_2,91.44,1.51
13935,01/09/26 5:48,S015,Planta_2,99.3,1.83
13950,01/09/26 5:48,S030,Planta_3,88.94,4.99
13971,01/09/26 5:49,S011,Planta_2,100.47,3.38
13980,01/09/26 5:49,S020,Planta_2,90.87,2.56
14017,01/09/26 5:50,S017,Planta_2,101.0,4.37
14019,01/09/26 5:50,S019,Planta_2,101.96,1.83
14020,01/09/26 5:50,S020,Planta_2,104.4,1.46
14024,01/09/26 5:50,S024,Planta_3,85.62,3.34
14031,01/09/26 5:50,S031,Planta_4,93.65,3.61
14045,01/09/26 5:51,S005,Planta_1,94.3,0.76
14056,01/09/26 5:51,S016,Planta_2,96.06,3.32
14108,01/09/26 5:52,S028,Planta_3,104.88,4.3
14161,01/09/26 5:54,S001,Planta_1,87.86,1.18
14169,01/09/26 5:54,S009,Planta_1,96.25,1.82
14174,01/09/26 5:54,S014,Planta_2,95.56,1.19
14175,01/09/26 5:54,S015,Planta_2,85.25,3.05
14177,01/09/26 5:54,S017,Planta_2,93.07,5.27
14197,01/09/26 5:54,S037,Planta_4,99.6,1.55
14201,01/09/26 5:55,S001,Planta_1,91.07,3.3
14213,01/09/26 5:55,S013,Planta_2,92.95,4.58
14223,01/09/26 5:55,S023,Planta_3,86.56,4.01
14237,01/09/26 5:55,S037,Planta_4,103.08,1.81
14239,01/09/26 5:55,S039,Planta_4,101.72,2.54
14254,01/09/26 5:56,S014,Planta_2,90.75,0.67
14312,01/09/26 5:57,S032,Planta_4,100.02,4.82
14315,01/09/26 5:57,S035,Planta_4,88.64,4.98
14339,01/09/26 5:58,S019,Planta_2,103.11,1.01
14392,01/09/26 5:59,S032,Planta_4,104.48,4.58
14408,01/09/26 6:00,S008,Planta_1,102.04,5.29
14415,01/09/26 6:00,S015,Planta_2,100.07,1.84
14423,01/09/26 6:00,S023,Planta_3,91.91,3.1
14449,01/09/26 6:01,S009,Planta_1,104.59,3.68
14453,01/09/26 6:01,S013,Planta_2,99.53,4.56
14469,01/09/26 6:01,S029,Planta_3,104.39,1.11
14474,01/09/26 6:01,S034,Planta_4,95.35,4.59
14477,01/09/26 6:01,S037,Planta_4,92.38,5.49
14494,01/09/26 6:02,S014,Planta_2,97.68,4.01
14520,01/09/26 6:02,S040,Planta_4,91.81,3.82
14560,01/09/26 6:03,S040,Planta_4,85.11,3.18
14564,01/09/26 6:04,S004,Planta_1,94.79,2.01
14569,01/09/26 6:04,S009,Planta_1,97.91,0.56
14584,01/09/26 6:04,S024,Planta_3,95.15,2.73
14586,01/09/26 6:04,S026,Planta_3,103.24,0.69
14597,01/09/26 6:04,S037,Planta_4,101.94,3.94
14608,01/09/26 6:05,S008,Planta_1,97.44,2.35
14623,01/09/26 6:05,S023,Planta_3,86.87,1.99
14637,01/09/26 6:05,S037,Planta_4,87.86,4.84
14653,01/09/26 6:06,S013,Planta_2,95.98,5.42
14659,01/09/26 6:06,S019,Planta_2,93.78,2.91
14666,01/09/26 6:06,S026,Planta_3,88.73,3.12
14681,01/09/26 6:07,S001,Planta_1,86.44,1.88
14694,01/09/26 6:07,S014,Planta_2,86.23,4.15
14724,01/09/26 6:08,S004,Planta_1,88.44,2.63
14737,01/09/26 6:08,S017,Planta_2,98.36,2.31
14773,01/09/26 6:09,S013,Planta_2,100.71,3.13
14803,01/09/26 6:10,S003,Planta_1,100.98,0.59
14814,01/09/26 6:10,S014,Planta_2,88.87,0.9
14825,01/09/26 6:10,S025,Planta_3,87.31,2.59
14828,01/09/26 6:10,S028,Planta_3,85.91,5.34
14842,01/09/26 6:11,S002,Planta_1,100.59,1.61
14866,01/09/26 6:11,S026,Planta_3,85.48,5.11
14873,01/09/26 6:11,S033,Planta_4,92.22,5.46
14885,01/09/26 6:12,S005,Planta_1,98.1,5.0
14894,01/09/26 6:12,S014,Planta_2,95.5,1.24
14909,01/09/26 6:12,S029,Planta_3,104.72,3.37
14919,01/09/26 6:12,S039,Planta_4,100.48,5.08
14922,01/09/26 6:13,S002,Planta_1,86.72,5.46
14924,01/09/26 6:13,S004,Planta_1,95.93,1.4
14936,01/09/26 6:13,S016,Planta_2,91.15,3.21
14983,01/09/26 6:14,S023,Planta_3,93.26,1.78
14984,01/09/26 6:14,S024,Planta_3,89.44,3.34
14989,01/09/26 6:14,S029,Planta_3,85.52,1.13
15016,01/09/26 6:15,S016,Planta_2,93.85,1.67
15068,01/09/26 6:16,S028,Planta_3,104.72,3.39
15069,01/09/26 6:16,S029,Planta_3,91.61,2.26
15070,01/09/26 6:16,S030,Planta_3,92.36,4.17
15075,01/09/26 6:16,S035,Planta_4,90.37,4.25
15084,01/09/26 6:17,S004,Planta_1,91.75,0.59
15095,01/09/26 6:17,S015,Planta_2,97.38,3.9
15098,01/09/26 6:17,S018,Planta_2,85.56,2.16
15123,01/09/26 6:18,S003,Planta_1,93.55,0.52
15128,01/09/26 6:18,S008,Planta_1,89.15,2.5
15131,01/09/26 6:18,S011,Planta_2,94.3,2.88
15150,01/09/26 6:18,S030,Planta_3,97.69,2.28
15165,01/09/26 6:19,S005,Planta_1,89.17,5.33
15166,01/09/26 6:19,S006,Planta_1,92.14,3.81
15181,01/09/26 6:19,S021,Planta_3,95.73,1.14
15215,01/09/26 6:20,S015,Planta_2,97.97,2.79
15221,01/09/26 6:20,S021,Planta_3,98.48,3.62
15226,01/09/26 6:20,S026,Planta_3,93.01,2.89
15232,01/09/26 6:20,S032,Planta_4,86.26,0.6
15245,01/09/26 6:21,S005,Planta_1,103.66,0.99
15253,01/09/26 6:21,S013,Planta_2,96.51,2.91
15288,01/09/26 6:22,S008,Planta_1,93.65,1.27
15300,01/09/26 6:22,S020,Planta_2,88.58,0.61
15301,01/09/26 6:22,S021,Planta_3,94.52,1.77
15308,01/09/26 6:22,S028,Planta_3,96.31,3.37
15319,01/09/26 6:22,S039,Planta_4,96.28,1.79
15383,01/09/26 6:24,S023,Planta_3,89.5,1.43
15421,01/09/26 6:25,S021,Planta_3,93.07,3.48
15440,01/09/26 6:25,S040,Planta_4,100.08,4.99
15460,01/09/26 6:26,S020,Planta_2,103.83,2.14
15465,01/09/26 6:26,S025,Planta_3,89.32,1.7
15472,01/09/26 6:26,S032,Planta_4,102.49,0.85
15488,01/09/26 6:27,S008,Planta_1,90.36,4.14
15495,01/09/26 6:27,S015,Planta_2,88.09,2.01
15502,01/09/26 6:27,S022,Planta_3,93.78,4.12
15520,01/09/26 6:27,S040,Planta_4,102.85,5.36
15524,01/09/26 6:28,S004,Planta_1,95.24,4.08
15539,01/09/26 6:28,S019,Planta_2,103.59,5.18
15554,01/09/26 6:28,S034,Planta_4,88.95,3.24
15579,01/09/26 6:29,S019,Planta_2,99.52,2.9
15580,01/09/26 6:29,S020,Planta_2,98.17,2.79
15582,01/09/26 6:29,S022,Planta_3,92.46,5.41
15592,01/09/26 6:29,S032,Planta_4,89.07,1.19
15602,01/09/26 6:30,S002,Planta_1,93.17,1.84
15605,01/09/26 6:30,S005,Planta_1,96.93,1.09
15626,01/09/26 6:30,S026,Planta_3,100.58,0.82
15650,01/09/26 6:31,S010,Planta_1,104.44,3.2
15677,01/09/26 6:31,S037,Planta_4,100.18,5.01
15687,01/09/26 6:32,S007,Planta_1,85.89,2.64
15689,01/09/26 6:32,S009,Planta_1,86.98,1.02
15711,01/09/26 6:32,S031,Planta_4,104.92,3.33
15712,01/09/26 6:32,S032,Planta_4,92.86,4.8
15715,01/09/26 6:32,S035,Planta_4,93.37,5.31
15718,01/09/26 6:32,S038,Planta_4,103.58,3.89
15736,01/09/26 6:33,S016,Planta_2,94.56,1.71
15752,01/09/26 6:33,S032,Planta_4,93.82,3.28
15754,01/09/26 6:33,S034,Planta_4,87.64,1.69
15756,01/09/26 6:33,S036,Planta_4,94.73,2.26
15806,01/09/26 6:35,S006,Planta_1,88.23,3.69
15831,01/09/26 6:35,S031,Planta_4,97.93,4.02
15839,01/09/26 6:35,S039,Planta_4,87.35,4.85
15862,01/09/26 6:36,S022,Planta_3,89.34,4.58
15870,01/09/26 6:36,S030,Planta_3,87.37,4.99
15876,01/09/26 6:36,S036,Planta_4,88.49,4.61
15884,01/09/26 6:37,S004,Planta_1,85.62,5.46
15888,01/09/26 6:37,S008,Planta_1,88.76,5.38
15909,01/09/26 6:37,S029,Planta_3,102.7,1.31
15922,01/09/26 6:38,S002,Planta_1,85.63,0.63
15927,01/09/26 6:38,S007,Planta_1,87.27,1.26
15928,01/09/26 6:38,S008,Planta_1,91.07,0.5
15973,01/09/26 6:39,S013,Planta_2,104.7,2.0
15986,01/09/26 6:39,S026,Planta_3,92.81,0.63
15987,01/09/26 6:39,S027,Planta_3,102.67,5.49
16007,01/09/26 6:40,S007,Planta_1,92.1,3.97
16035,01/09/26 6:40,S035,Planta_4,101.46,4.25
16050,01/09/26 6:41,S010,Planta_1,87.98,4.05
16052,01/09/26 6:41,S012,Planta_2,98.88,1.06
16061,01/09/26 6:41,S021,Planta_3,91.3,2.5
16082,01/09/26 6:42,S002,Planta_1,103.4,4.79
16086,01/09/26 6:42,S006,Planta_1,94.35,2.62
16126,01/09/26 6:43,S006,Planta_1,102.72,4.62
16141,01/09/26 6:43,S021,Planta_3,95.57,3.2
16153,01/09/26 6:43,S033,Planta_4,102.25,1.59
16176,01/09/26 6:44,S016,Planta_2,94.53,3.27
16186,01/09/26 6:44,S026,Planta_3,89.55,4.71
16202,01/09/26 6:45,S002,Planta_1,102.65,4.26
16206,01/09/26 6:45,S006,Planta_1,103.24,2.86
16227,01/09/26 6:45,S027,Planta_3,87.89,4.77
16240,01/09/26 6:45,S040,Planta_4,86.98,1.93
16268,01/09/26 6:46,S028,Planta_3,101.15,3.43
16286,01/09/26 6:47,S006,Planta_1,104.44,1.96
16293,01/09/26 6:47,S013,Planta_2,102.2,4.97
16295,01/09/26 6:47,S015,Planta_2,89.94,3.94
16296,01/09/26 6:47,S016,Planta_2,104.86,1.31
16325,01/09/26 6:48,S005,Planta_1,98.71,1.08
16373,01/09/26 6:49,S013,Planta_2,97.56,0.68
16388,01/09/26 6:49,S028,Planta_3,96.5,2.44
16405,01/09/26 6:50,S005,Planta_1,99.28,4.93
16410,01/09/26 6:50,S010,Planta_1,97.55,5.32
16413,01/09/26 6:50,S013,Planta_2,99.19,2.83
16436,01/09/26 6:50,S036,Planta_4,90.07,4.93
16439,01/09/26 6:50,S039,Planta_4,90.93,3.79
16450,01/09/26 6:51,S010,Planta_1,88.88,1.22
16463,01/09/26 6:51,S023,Planta_3,88.49,0.56
16467,01/09/26 6:51,S027,Planta_3,104.44,1.5
16502,01/09/26 6:52,S022,Planta_3,92.95,1.5
16513,01/09/26 6:52,S033,Planta_4,100.62,1.92
16567,01/09/26 6:54,S007,Planta_1,93.95,0.78
16569,01/09/26 6:54,S009,Planta_1,90.51,2.9
16595,01/09/26 6:54,S035,Planta_4,85.27,2.28
16599,01/09/26 6:54,S039,Planta_4,90.49,4.25
16607,01/09/26 6:55,S007,Planta_1,93.62,4.18
16618,01/09/26 6:55,S018,Planta_2,95.56,5.42
16625,01/09/26 6:55,S025,Planta_3,92.73,2.95
16650,01/09/26 6:56,S010,Planta_1,93.01,3.44
16652,01/09/26 6:56,S012,Planta_2,103.91,3.63
16660,01/09/26 6:56,S020,Planta_2,96.38,2.67
16664,01/09/26 6:56,S024,Planta_3,100.18,2.32
16689,01/09/26 6:57,S009,Planta_1,101.26,4.32
16690,01/09/26 6:57,S010,Planta_1,86.71,3.09
16691,01/09/26 6:57,S011,Planta_2,86.54,4.57
16710,01/09/26 6:57,S030,Planta_3,93.21,1.37
16727,01/09/26 6:58,S007,Planta_1,93.89,5.38
16730,01/09/26 6:58,S010,Planta_1,98.98,4.22
16759,01/09/26 6:58,S039,Planta_4,95.33,4.41
16771,01/09/26 6:59,S011,Planta_2,92.25,0.99
16777,01/09/26 6:59,S017,Planta_2,89.78,1.74
16782,01/09/26 6:59,S022,Planta_3,88.92,2.31
16783,01/09/26 6:59,S023,Planta_3,96.48,4.73
16791,01/09/26 6:59,S031,Planta_4,94.61,3.27
16796,01/09/26 6:59,S036,Planta_4,87.28,1.37
16813,01/09/26 7:00,S013,Planta_2,93.65,4.27
16849,01/09/26 7:01,S009,Planta_1,102.71,1.86
16877,01/09/26 7:01,S037,Planta_4,86.66,1.15
16882,01/09/26 7:02,S002,Planta_1,96.74,5.21
16905,01/09/26 7:02,S025,Planta_3,98.3,3.69
16906,01/09/26 7:02,S026,Planta_3,104.98,1.26
16919,01/09/26 7:02,S039,Planta_4,101.68,1.01
16924,01/09/26 7:03,S004,Planta_1,85.73,1.04
16928,01/09/26 7:03,S008,Planta_1,98.24,1.6
16931,01/09/26 7:03,S011,Planta_2,98.59,2.23
16937,01/09/26 7:03,S017,Planta_2,99.77,3.8
16941,01/09/26 7:03,S021,Planta_3,85.34,1.97
16946,01/09/26 7:03,S026,Planta_3,97.19,3.15
17010,01/09/26 7:05,S010,Planta_1,104.69,4.02
17033,01/09/26 7:05,S033,Planta_4,101.45,4.56
17039,01/09/26 7:05,S039,Planta_4,99.34,1.58
17041,01/09/26 7:06,S001,Planta_1,90.1,1.02
17047,01/09/26 7:06,S007,Planta_1,98.13,4.05
17068,01/09/26 7:06,S028,Planta_3,87.25,5.48
17106,01/09/26 7:07,S026,Planta_3,93.92,3.54
17113,01/09/26 7:07,S033,Planta_4,103.38,1.08
17138,01/09/26 7:08,S018,Planta_2,88.31,3.71
17146,01/09/26 7:08,S026,Planta_3,89.75,5.31
17150,01/09/26 7:08,S030,Planta_3,92.99,5.32
17167,01/09/26 7:09,S007,Planta_1,93.27,3.48
17199,01/09/26 7:09,S039,Planta_4,100.8,4.07
17204,01/09/26 7:10,S004,Planta_1,97.9,5.35
17246,01/09/26 7:11,S006,Planta_1,85.55,1.23
17259,01/09/26 7:11,S019,Planta_2,102.6,5.09
17262,01/09/26 7:11,S022,Planta_3,102.45,2.12
17271,01/09/26 7:11,S031,Planta_4,103.72,2.23
17292,01/09/26 7:12,S012,Planta_2,89.26,3.5
17315,01/09/26 7:12,S035,Planta_4,93.51,4.02
17326,01/09/26 7:13,S006,Planta_1,86.11,1.92
17337,01/09/26 7:13,S017,Planta_2,104.27,5.05
17339,01/09/26 7:13,S019,Planta_2,89.39,2.97
17341,01/09/26 7:13,S021,Planta_3,97.22,3.2
17345,01/09/26 7:13,S025,Planta_3,85.77,0.66
17346,01/09/26 7:13,S026,Planta_3,93.66,0.59
17349,01/09/26 7:13,S029,Planta_3,86.05,3.1
17353,01/09/26 7:13,S033,Planta_4,87.69,4.24
17371,01/09/26 7:14,S011,Planta_2,99.36,2.28
17394,01/09/26 7:14,S034,Planta_4,101.93,3.68
17395,01/09/26 7:14,S035,Planta_4,86.07,3.48
17399,01/09/26 7:14,S039,Planta_4,101.48,3.35
17400,01/09/26 7:14,S040,Planta_4,86.59,1.64
17407,01/09/26 7:15,S007,Planta_1,97.52,1.16
17419,01/09/26 7:15,S019,Planta_2,85.18,3.29
17425,01/09/26 7:15,S025,Planta_3,104.51,2.02
17451,01/09/26 7:16,S011,Planta_2,90.08,2.42
17476,01/09/26 7:16,S036,Planta_4,94.4,5.18
17483,01/09/26 7:17,S003,Planta_1,92.59,4.56
17494,01/09/26 7:17,S014,Planta_2,90.07,4.77
17520,01/09/26 7:17,S040,Planta_4,98.07,0.64
17533,01/09/26 7:18,S013,Planta_2,87.55,4.98
17644,01/09/26 7:21,S004,Planta_1,93.95,0.54
17658,01/09/26 7:21,S018,Planta_2,99.53,2.92
17697,01/09/26 7:22,S017,Planta_2,93.29,2.33
17700,01/09/26 7:22,S020,Planta_2,88.31,4.74
17714,01/09/26 7:22,S034,Planta_4,101.47,4.13
17755,01/09/26 7:23,S035,Planta_4,104.74,4.28
17782,01/09/26 7:24,S022,Planta_3,93.11,3.89
17800,01/09/26 7:24,S040,Planta_4,96.52,2.02
17818,01/09/26 7:25,S018,Planta_2,85.57,1.77
17824,01/09/26 7:25,S024,Planta_3,94.88,1.36
17833,01/09/26 7:25,S033,Planta_4,96.18,0.73
17837,01/09/26 7:25,S037,Planta_4,90.41,2.34
17846,01/09/26 7:26,S006,Planta_1,100.62,5.49
17855,01/09/26 7:26,S015,Planta_2,86.75,2.72
17868,01/09/26 7:26,S028,Planta_3,90.39,2.76
17875,01/09/26 7:26,S035,Planta_4,86.78,2.85
17888,01/09/26 7:27,S008,Planta_1,94.27,1.31
17914,01/09/26 7:27,S034,Planta_4,85.85,1.15
17920,01/09/26 7:27,S040,Planta_4,89.2,0.87
17947,01/09/26 7:28,S027,Planta_3,91.98,2.77
17987,01/09/26 7:29,S027,Planta_3,100.48,3.38
18001,01/09/26 7:30,S001,Planta_1,98.27,5.34
18006,01/09/26 7:30,S006,Planta_1,92.41,1.25
18009,01/09/26 7:30,S009,Planta_1,90.51,0.85
18018,01/09/26 7:30,S018,Planta_2,99.3,5.42
18050,01/09/26 7:31,S010,Planta_1,101.68,3.17
18063,01/09/26 7:31,S023,Planta_3,98.03,4.73
18064,01/09/26 7:31,S024,Planta_3,94.49,4.44
18070,01/09/26 7:31,S030,Planta_3,87.49,2.34
18101,01/09/26 7:32,S021,Planta_3,85.04,5.02
18102,01/09/26 7:32,S022,Planta_3,85.62,3.22
18129,01/09/26 7:33,S009,Planta_1,100.61,4.71
18190,01/09/26 7:34,S030,Planta_3,104.25,3.06
18235,01/09/26 7:35,S035,Planta_4,101.95,1.44
18255,01/09/26 7:36,S015,Planta_2,89.74,1.69
18274,01/09/26 7:36,S034,Planta_4,89.68,0.91
18288,01/09/26 7:37,S008,Planta_1,103.88,2.26
18297,01/09/26 7:37,S017,Planta_2,92.34,1.29
18302,01/09/26 7:37,S022,Planta_3,88.26,0.53
18303,01/09/26 7:37,S023,Planta_3,91.37,2.19
18310,01/09/26 7:37,S030,Planta_3,96.43,1.98
18313,01/09/26 7:37,S033,Planta_4,100.99,4.48
18317,01/09/26 7:37,S037,Planta_4,85.1,3.34
18318,01/09/26 7:37,S038,Planta_4,93.85,4.42
18326,01/09/26 7:38,S006,Planta_1,97.39,3.05
18327,01/09/26 7:38,S007,Planta_1,86.85,2.29
18338,01/09/26 7:38,S018,Planta_2,100.21,5.24
18343,01/09/26 7:38,S023,Planta_3,86.88,1.32
18361,01/09/26 7:39,S001,Planta_1,93.24,0.61
18362,01/09/26 7:39,S002,Planta_1,94.04,4.74
18377,01/09/26 7:39,S017,Planta_2,97.27,1.93
18390,01/09/26 7:39,S030,Planta_3,103.1,1.29
18409,01/09/26 7:40,S009,Planta_1,92.32,3.56
18410,01/09/26 7:40,S010,Planta_1,91.05,3.16
18418,01/09/26 7:40,S018,Planta_2,91.75,1.97
18419,01/09/26 7:40,S019,Planta_2,103.79,5.13
18422,01/09/26 7:40,S022,Planta_3,85.61,1.15
18425,01/09/26 7:40,S025,Planta_3,98.34,4.58
18444,01/09/26 7:41,S004,Planta_1,104.66,3.07
18445,01/09/26 7:41,S005,Planta_1,96.84,5.23
18467,01/09/26 7:41,S027,Planta_3,89.32,1.06
18469,01/09/26 7:41,S029,Planta_3,86.39,4.53
18486,01/09/26 7:42,S006,Planta_1,98.95,1.92
18487,01/09/26 7:42,S007,Planta_1,95.52,5.03
18502,01/09/26 7:42,S022,Planta_3,94.13,4.0
18521,01/09/26 7:43,S001,Planta_1,95.71,3.72
18537,01/09/26 7:43,S017,Planta_2,101.6,4.78
18538,01/09/26 7:43,S018,Planta_2,91.5,5.12
18551,01/09/26 7:43,S031,Planta_4,99.2,2.78
18567,01/09/26 7:44,S007,Planta_1,99.96,2.13
18575,01/09/26 7:44,S015,Planta_2,96.23,5.4
18589,01/09/26 7:44,S029,Planta_3,88.57,5.23
18590,01/09/26 7:44,S030,Planta_3,102.02,3.42
18619,01/09/26 7:45,S019,Planta_2,104.62,2.72
18637,01/09/26 7:45,S037,Planta_4,99.85,2.53
18674,01/09/26 7:46,S034,Planta_4,96.8,3.33
18684,01/09/26 7:47,S004,Planta_1,87.33,1.81
18688,01/09/26 7:47,S008,Planta_1,91.18,4.38
18692,01/09/26 7:47,S012,Planta_2,88.88,2.38
18693,01/09/26 7:47,S013,Planta_2,95.82,1.08
18694,01/09/26 7:47,S014,Planta_2,91.43,4.77
18704,01/09/26 7:47,S024,Planta_3,102.75,3.84
18721,01/09/26 7:48,S001,Planta_1,97.81,0.76
18723,01/09/26 7:48,S003,Planta_1,91.46,0.54
18728,01/09/26 7:48,S008,Planta_1,88.1,2.49
18751,01/09/26 7:48,S031,Planta_4,89.12,4.79
18785,01/09/26 7:49,S025,Planta_3,97.17,3.57
18787,01/09/26 7:49,S027,Planta_3,102.83,2.92
18801,01/09/26 7:50,S001,Planta_1,103.32,1.53
18845,01/09/26 7:51,S005,Planta_1,85.83,3.37
18858,01/09/26 7:51,S018,Planta_2,98.45,2.7
18870,01/09/26 7:51,S030,Planta_3,95.53,3.95
18908,01/09/26 7:52,S028,Planta_3,102.54,3.0
18910,01/09/26 7:52,S030,Planta_3,99.66,3.15
18937,01/09/26 7:53,S017,Planta_2,87.8,4.08
18977,01/09/26 7:54,S017,Planta_2,100.22,3.21
19018,01/09/26 7:55,S018,Planta_2,88.16,0.92
19022,01/09/26 7:55,S022,Planta_3,100.42,0.89
19026,01/09/26 7:55,S026,Planta_3,95.98,1.41
19033,01/09/26 7:55,S033,Planta_4,99.73,4.67
19051,01/09/26 7:56,S011,Planta_2,94.55,4.99
19061,01/09/26 7:56,S021,Planta_3,100.3,2.72
19107,01/09/26 7:57,S027,Planta_3,95.42,2.27
19126,01/09/26 7:58,S006,Planta_1,92.97,1.51
19128,01/09/26 7:58,S008,Planta_1,103.13,4.57
19154,01/09/26 7:58,S034,Planta_4,100.25,0.74
19160,01/09/26 7:58,S040,Planta_4,95.06,3.7
19162,01/09/26 7:59,S002,Planta_1,86.56,1.18
19165,01/09/26 7:59,S005,Planta_1,88.58,3.28
19191,01/09/26 7:59,S031,Planta_4,103.46,1.91
19211,01/09/26 8:00,S011,Planta_2,93.56,1.58
19234,01/09/26 8:00,S034,Planta_4,104.95,5.43
19241,01/09/26 8:01,S001,Planta_1,100.49,1.47
19244,01/09/26 8:01,S004,Planta_1,88.58,0.54
19256,01/09/26 8:01,S016,Planta_2,93.57,2.17
19281,01/09/26 8:02,S001,Planta_1,95.87,2.78
19294,01/09/26 8:02,S014,Planta_2,85.52,5.32
19295,01/09/26 8:02,S015,Planta_2,96.5,1.4
19311,01/09/26 8:02,S031,Planta_4,92.89,4.96
19319,01/09/26 8:02,S039,Planta_4,94.73,4.02
19329,01/09/26 8:03,S009,Planta_1,94.85,3.97
19351,01/09/26 8:03,S031,Planta_4,88.12,5.29
19386,01/09/26 8:04,S026,Planta_3,86.28,2.56
19414,01/09/26 8:05,S014,Planta_2,90.35,4.8
19488,01/09/26 8:07,S008,Planta_1,98.16,1.88
19532,01/09/26 8:08,S012,Planta_2,92.41,3.7
19549,01/09/26 8:08,S029,Planta_3,103.85,3.35
19550,01/09/26 8:08,S030,Planta_3,89.88,4.96
19606,01/09/26 8:10,S006,Planta_1,92.76,0.88
19620,01/09/26 8:10,S020,Planta_2,86.57,3.73
19640,01/09/26 8:10,S040,Planta_4,100.54,1.24
19651,01/09/26 8:11,S011,Planta_2,100.71,4.28
19660,01/09/26 8:11,S020,Planta_2,101.82,4.51
19662,01/09/26 8:11,S022,Planta_3,93.69,0.51
19663,01/09/26 8:11,S023,Planta_3,93.51,1.09
19687,01/09/26 8:12,S007,Planta_1,95.46,4.34
19700,01/09/26 8:12,S020,Planta_2,90.16,4.58
19709,01/09/26 8:12,S029,Planta_3,87.88,3.04
19729,01/09/26 8:13,S009,Planta_1,92.29,2.18
19732,01/09/26 8:13,S012,Planta_2,101.92,1.03
19754,01/09/26 8:13,S034,Planta_4,91.58,5.24
19757,01/09/26 8:13,S037,Planta_4,87.56,2.27
19761,01/09/26 8:14,S001,Planta_1,92.02,4.69
19783,01/09/26 8:14,S023,Planta_3,94.62,5.36
19812,01/09/26 8:15,S012,Planta_2,104.83,1.16
19834,01/09/26 8:15,S034,Planta_4,94.33,3.17
19854,01/09/26 8:16,S014,Planta_2,85.32,2.19
19873,01/09/26 8:16,S033,Planta_4,97.87,2.9
19877,01/09/26 8:16,S037,Planta_4,91.72,2.08
19893,01/09/26 8:17,S013,Planta_2,96.26,0.81
19908,01/09/26 8:17,S028,Planta_3,85.87,1.16
19960,01/09/26 8:18,S040,Planta_4,91.24,3.4
19981,01/09/26 8:19,S021,Planta_3,93.57,5.14
19995,01/09/26 8:19,S035,Planta_4,91.39,5.49
19996,01/09/26 8:19,S036,Planta_4,96.24,5.0
19998,01/09/26 8:19,S038,Planta_4,99.89,3.74
20003,01/09/26 8:20,S003,Planta_1,88.72,4.97
20011,01/09/26 8:20,S011,Planta_2,98.22,5.46
20015,01/09/26 8:20,S015,Planta_2,92.86,1.27
20036,01/09/26 8:20,S036,Planta_4,89.37,4.94
20057,01/09/26 8:21,S017,Planta_2,104.28,0.81
20062,01/09/26 8:21,S022,Planta_3,96.12,3.15
20072,01/09/26 8:21,S032,Planta_4,99.68,1.3
20098,01/09/26 8:22,S018,Planta_2,86.62,3.7
20107,01/09/26 8:22,S027,Planta_3,85.78,2.18
20160,01/09/26 8:23,S040,Planta_4,86.5,2.87
20166,01/09/26 8:24,S006,Planta_1,91.43,3.8
20186,01/09/26 8:24,S026,Planta_3,91.08,4.48
20189,01/09/26 8:24,S029,Planta_3,89.75,4.78
20197,01/09/26 8:24,S037,Planta_4,85.67,5.11
20246,01/09/26 8:26,S006,Planta_1,87.18,4.89
20381,01/09/26 8:29,S021,Planta_3,88.71,2.35
20409,01/09/26 8:30,S009,Planta_1,104.65,3.09
20413,01/09/26 8:30,S013,Planta_2,95.52,1.98
20444,01/09/26 8:31,S004,Planta_1,87.85,3.83
20468,01/09/26 8:31,S028,Planta_3,90.25,4.16
20490,01/09/26 8:32,S010,Planta_1,103.55,5.05
20537,01/09/26 8:33,S017,Planta_2,92.34,3.17
20552,01/09/26 8:33,S032,Planta_4,93.21,3.72
20569,01/09/26 8:34,S009,Planta_1,104.8,1.01
20593,01/09/26 8:34,S033,Planta_4,100.61,0.58
20614,01/09/26 8:35,S014,Planta_2,100.03,1.87
20617,01/09/26 8:35,S017,Planta_2,94.32,3.92
20631,01/09/26 8:35,S031,Planta_4,96.34,1.74
20633,01/09/26 8:35,S033,Planta_4,91.99,1.01
20645,01/09/26 8:36,S005,Planta_1,86.37,4.94
20661,01/09/26 8:36,S021,Planta_3,101.04,0.58
20668,01/09/26 8:36,S028,Planta_3,95.71,5.45
20669,01/09/26 8:36,S029,Planta_3,102.14,2.33
20694,01/09/26 8:37,S014,Planta_2,104.35,5.45
20695,01/09/26 8:37,S015,Planta_2,99.59,3.65
20709,01/09/26 8:37,S029,Planta_3,96.51,3.3
20710,01/09/26 8:37,S030,Planta_3,87.35,2.53
20717,01/09/26 8:37,S037,Planta_4,93.35,1.25
20719,01/09/26 8:37,S039,Planta_4,102.49,5.28
20765,01/09/26 8:39,S005,Planta_1,96.69,1.78
20786,01/09/26 8:39,S026,Planta_3,91.33,5.39
20788,01/09/26 8:39,S028,Planta_3,86.08,5.2
20813,01/09/26 8:40,S013,Planta_2,95.99,4.55
20815,01/09/26 8:40,S015,Planta_2,92.65,4.09
20825,01/09/26 8:40,S025,Planta_3,87.75,0.54
20853,01/09/26 8:41,S013,Planta_2,95.88,3.11
20861,01/09/26 8:41,S021,Planta_3,92.43,4.16
20864,01/09/26 8:41,S024,Planta_3,102.43,2.67
20867,01/09/26 8:41,S027,Planta_3,96.8,5.03
20869,01/09/26 8:41,S029,Planta_3,100.88,3.21
20887,01/09/26 8:42,S007,Planta_1,99.7,5.27
20903,01/09/26 8:42,S023,Planta_3,96.89,5.21
20908,01/09/26 8:42,S028,Planta_3,97.11,1.17
20930,01/09/26 8:43,S010,Planta_1,89.54,3.28
20936,01/09/26 8:43,S016,Planta_2,104.28,3.24
20943,01/09/26 8:43,S023,Planta_3,92.57,2.79
20955,01/09/26 8:43,S035,Planta_4,99.95,1.67
20956,01/09/26 8:43,S036,Planta_4,88.34,2.03
20971,01/09/26 8:44,S011,Planta_2,98.24,1.36
20996,01/09/26 8:44,S036,Planta_4,98.42,1.69
21004,01/09/26 8:45,S004,Planta_1,91.78,1.28
21013,01/09/26 8:45,S013,Planta_2,91.56,2.95
21034,01/09/26 8:45,S034,Planta_4,95.89,0.95
21037,01/09/26 8:45,S037,Planta_4,103.74,4.98
21049,01/09/26 8:46,S009,Planta_1,85.9,1.21
21053,01/09/26 8:46,S013,Planta_2,90.9,2.72
21057,01/09/26 8:46,S017,Planta_2,104.11,2.13
21081,01/09/26 8:47,S001,Planta_1,104.16,4.28
21088,01/09/26 8:47,S008,Planta_1,89.61,5.21
21089,01/09/26 8:47,S009,Planta_1,85.2,4.1
21095,01/09/26 8:47,S015,Planta_2,86.05,1.62
21148,01/09/26 8:48,S028,Planta_3,98.97,1.29
21149,01/09/26 8:48,S029,Planta_3,99.89,1.09
21156,01/09/26 8:48,S036,Planta_4,92.69,0.61
21208,01/09/26 8:50,S008,Planta_1,92.51,0.63
21210,01/09/26 8:50,S010,Planta_1,100.08,4.81
21274,01/09/26 8:51,S034,Planta_4,90.88,5.36
21302,01/09/26 8:52,S022,Planta_3,96.4,3.36
21306,01/09/26 8:52,S026,Planta_3,88.26,2.35
21350,01/09/26 8:53,S030,Planta_3,101.92,4.62
21379,01/09/26 8:54,S019,Planta_2,99.52,4.09
21397,01/09/26 8:54,S037,Planta_4,99.86,4.44
21399,01/09/26 8:54,S039,Planta_4,102.13,1.05
21403,01/09/26 8:55,S003,Planta_1,86.16,3.33
21415,01/09/26 8:55,S015,Planta_2,94.07,1.94
21430,01/09/26 8:55,S030,Planta_3,94.36,4.24
21439,01/09/26 8:55,S039,Planta_4,95.75,4.54
21451,01/09/26 8:56,S011,Planta_2,88.16,3.47
21452,01/09/26 8:56,S012,Planta_2,87.37,0.75
21469,01/09/26 8:56,S029,Planta_3,94.17,0.57
21487,01/09/26 8:57,S007,Planta_1,86.7,3.87
21503,01/09/26 8:57,S023,Planta_3,104.6,0.78
21532,01/09/26 8:58,S012,Planta_2,95.98,3.14
21543,01/09/26 8:58,S023,Planta_3,92.05,3.85
21561,01/09/26 8:59,S001,Planta_1,86.4,3.74
21565,01/09/26 8:59,S005,Planta_1,93.06,5.2
21581,01/09/26 8:59,S021,Planta_3,85.83,2.07
21597,01/09/26 8:59,S037,Planta_4,95.28,4.06
21607,01/09/26 9:00,S007,Planta_1,100.74,4.08
21610,01/09/26 9:00,S010,Planta_1,103.56,4.68
21620,01/09/26 9:00,S020,Planta_2,93.41,0.54
21626,01/09/26 9:00,S026,Planta_3,99.0,2.0
21636,01/09/26 9:00,S036,Planta_4,104.08,1.46
21657,01/09/26 9:01,S017,Planta_2,97.21,1.06
21663,01/09/26 9:01,S023,Planta_3,98.49,2.79
21667,01/09/26 9:01,S027,Planta_3,85.38,5.04
21691,01/09/26 9:02,S011,Planta_2,93.09,5.11
21696,01/09/26 9:02,S016,Planta_2,104.74,4.81
21716,01/09/26 9:02,S036,Planta_4,91.69,2.01
21741,01/09/26 9:03,S021,Planta_3,99.87,2.15
21754,01/09/26 9:03,S034,Planta_4,95.52,3.98
21762,01/09/26 9:04,S002,Planta_1,95.61,4.53
21774,01/09/26 9:04,S014,Planta_2,95.67,4.44
21811,01/09/26 9:05,S011,Planta_2,91.25,0.7
21812,01/09/26 9:05,S012,Planta_2,101.3,2.82
21817,01/09/26 9:05,S017,Planta_2,86.14,1.53
21823,01/09/26 9:05,S023,Planta_3,90.5,3.77
21830,01/09/26 9:05,S030,Planta_3,97.68,1.7
21836,01/09/26 9:05,S036,Planta_4,96.96,0.76
21842,01/09/26 9:06,S002,Planta_1,102.32,2.53
21844,01/09/26 9:06,S004,Planta_1,100.49,4.55
21845,01/09/26 9:06,S005,Planta_1,85.65,4.77
21873,01/09/26 9:06,S033,Planta_4,104.22,1.27
21906,01/09/26 9:07,S026,Planta_3,89.52,3.82
21915,01/09/26 9:07,S035,Planta_4,90.69,4.08
21934,01/09/26 9:08,S014,Planta_2,86.06,1.6
21938,01/09/26 9:08,S018,Planta_2,101.64,0.93
21939,01/09/26 9:08,S019,Planta_2,98.23,5.34
21988,01/09/26 9:09,S028,Planta_3,86.0,1.36
21999,01/09/26 9:09,S039,Planta_4,88.5,4.08
22013,01/09/26 9:10,S013,Planta_2,96.79,3.54
22030,01/09/26 9:10,S030,Planta_3,93.7,3.06
22042,01/09/26 9:11,S002,Planta_1,103.94,1.85
22074,01/09/26 9:11,S034,Planta_4,103.54,1.64
22101,01/09/26 9:12,S021,Planta_3,101.86,4.38
22104,01/09/26 9:12,S024,Planta_3,102.16,0.68
22105,01/09/26 9:12,S025,Planta_3,99.38,5.09
22113,01/09/26 9:12,S033,Planta_4,91.87,4.38
22117,01/09/26 9:12,S037,Planta_4,93.26,3.31
22122,01/09/26 9:13,S002,Planta_1,96.31,1.48
22165,01/09/26 9:14,S005,Planta_1,101.01,4.75
22199,01/09/26 9:14,S039,Planta_4,99.28,5.31
22203,01/09/26 9:15,S003,Planta_1,86.48,1.0
22225,01/09/26 9:15,S025,Planta_3,99.19,2.79
22237,01/09/26 9:15,S037,Planta_4,98.39,0.8
22240,01/09/26 9:15,S040,Planta_4,104.35,0.67
22247,01/09/26 9:16,S007,Planta_1,103.67,1.38
22266,01/09/26 9:16,S026,Planta_3,104.74,4.13
22270,01/09/26 9:16,S030,Planta_3,96.72,1.63
22297,01/09/26 9:17,S017,Planta_2,98.61,3.85
22300,01/09/26 9:17,S020,Planta_2,101.35,2.34
22348,01/09/26 9:18,S028,Planta_3,93.32,3.69
22366,01/09/26 9:19,S006,Planta_1,95.41,2.54
22386,01/09/26 9:19,S026,Planta_3,101.55,2.93
22392,01/09/26 9:19,S032,Planta_4,85.91,2.98
22410,01/09/26 9:20,S010,Planta_1,95.36,2.07
22413,01/09/26 9:20,S013,Planta_2,100.64,2.36
22415,01/09/26 9:20,S015,Planta_2,97.79,4.68
22428,01/09/26 9:20,S028,Planta_3,94.26,1.99
22429,01/09/26 9:20,S029,Planta_3,94.08,0.54
22432,01/09/26 9:20,S032,Planta_4,102.82,4.29
22445,01/09/26 9:21,S005,Planta_1,100.12,2.97
22466,01/09/26 9:21,S026,Planta_3,101.94,1.08
22483,01/09/26 9:22,S003,Planta_1,95.42,5.03
22484,01/09/26 9:22,S004,Planta_1,88.83,2.86
22522,01/09/26 9:23,S002,Planta_1,87.04,1.45
22524,01/09/26 9:23,S004,Planta_1,87.69,3.28
22538,01/09/26 9:23,S018,Planta_2,100.99,4.95
22559,01/09/26 9:23,S039,Planta_4,98.17,2.65
22562,01/09/26 9:24,S002,Planta_1,87.83,3.24
22567,01/09/26 9:24,S007,Planta_1,86.99,3.28
22578,01/09/26 9:24,S018,Planta_2,96.58,3.67
22590,01/09/26 9:24,S030,Planta_3,88.28,1.7
22614,01/09/26 9:25,S014,Planta_2,85.44,5.35
22666,01/09/26 9:26,S026,Planta_3,103.51,1.43
22690,01/09/26 9:27,S010,Planta_1,87.72,2.4
22692,01/09/26 9:27,S012,Planta_2,91.65,3.58
22708,01/09/26 9:27,S028,Planta_3,96.53,0.68
22748,01/09/26 9:28,S028,Planta_3,94.39,4.28
22752,01/09/26 9:28,S032,Planta_4,96.56,2.34
22772,01/09/26 9:29,S012,Planta_2,104.93,3.79
22802,01/09/26 9:30,S002,Planta_1,95.98,0.88
22805,01/09/26 9:30,S005,Planta_1,104.82,1.74
22819,01/09/26 9:30,S019,Planta_2,96.34,5.33
22827,01/09/26 9:30,S027,Planta_3,92.54,0.76
22850,01/09/26 9:31,S010,Planta_1,87.58,5.42
22862,01/09/26 9:31,S022,Planta_3,101.27,0.97
22875,01/09/26 9:31,S035,Planta_4,100.58,5.37
22889,01/09/26 9:32,S009,Planta_1,93.39,2.73
22896,01/09/26 9:32,S016,Planta_2,91.01,1.03
22903,01/09/26 9:32,S023,Planta_3,95.26,4.7
22922,01/09/26 9:33,S002,Planta_1,98.57,3.13
22925,01/09/26 9:33,S005,Planta_1,93.86,2.31
22926,01/09/26 9:33,S006,Planta_1,87.91,4.69
22950,01/09/26 9:33,S030,Planta_3,96.94,0.67
22980,01/09/26 9:34,S020,Planta_2,93.46,3.93
22983,01/09/26 9:34,S023,Planta_3,86.18,3.75
22993,01/09/26 9:34,S033,Planta_4,85.4,0.88
23007,01/09/26 9:35,S007,Planta_1,92.15,2.27
23010,01/09/26 9:35,S010,Planta_1,90.94,0.51
23030,01/09/26 9:35,S030,Planta_3,89.75,4.91
23068,01/09/26 9:36,S028,Planta_3,98.72,5.38
23089,01/09/26 9:37,S009,Planta_1,95.96,2.81
23127,01/09/26 9:38,S007,Planta_1,94.27,5.24
23149,01/09/26 9:38,S029,Planta_3,89.66,1.76
23158,01/09/26 9:38,S038,Planta_4,93.7,4.41
23186,01/09/26 9:39,S026,Planta_3,104.2,5.31
23187,01/09/26 9:39,S027,Planta_3,87.02,1.21
23203,01/09/26 9:40,S003,Planta_1,90.25,0.64
23255,01/09/26 9:41,S015,Planta_2,92.37,4.14
23285,01/09/26 9:42,S005,Planta_1,103.79,1.32
23303,01/09/26 9:42,S023,Planta_3,94.57,3.05
23311,01/09/26 9:42,S031,Planta_4,88.59,0.78
23323,01/09/26 9:43,S003,Planta_1,94.77,3.04
23332,01/09/26 9:43,S012,Planta_2,103.87,4.64
23337,01/09/26 9:43,S017,Planta_2,91.69,4.4
23426,01/09/26 9:45,S026,Planta_3,88.0,2.31
23453,01/09/26 9:46,S013,Planta_2,87.42,3.01
23457,01/09/26 9:46,S017,Planta_2,85.67,5.04
23464,01/09/26 9:46,S024,Planta_3,92.42,0.89
23478,01/09/26 9:46,S038,Planta_4,102.45,0.58
23520,01/09/26 9:47,S040,Planta_4,98.06,2.15
23542,01/09/26 9:48,S022,Planta_3,95.36,3.37
23571,01/09/26 9:49,S011,Planta_2,96.41,1.81
23608,01/09/26 9:50,S008,Planta_1,97.61,4.83
23620,01/09/26 9:50,S020,Planta_2,85.66,1.14
23622,01/09/26 9:50,S022,Planta_3,100.78,4.54
23627,01/09/26 9:50,S027,Planta_3,93.27,3.5
23656,01/09/26 9:51,S016,Planta_2,101.24,1.28
23665,01/09/26 9:51,S025,Planta_3,86.54,1.02
23685,01/09/26 9:52,S005,Planta_1,102.83,4.68
23700,01/09/26 9:52,S020,Planta_2,90.38,2.09
23727,01/09/26 9:53,S007,Planta_1,88.24,0.97
23748,01/09/26 9:53,S028,Planta_3,85.49,0.92
23750,01/09/26 9:53,S030,Planta_3,93.04,1.12
23768,01/09/26 9:54,S008,Planta_1,95.44,3.87
23773,01/09/26 9:54,S013,Planta_2,97.89,2.31
23789,01/09/26 9:54,S029,Planta_3,90.46,3.5
23811,01/09/26 9:55,S011,Planta_2,88.77,4.69
23813,01/09/26 9:55,S013,Planta_2,101.42,4.32
23819,01/09/26 9:55,S019,Planta_2,90.28,3.24
23820,01/09/26 9:55,S020,Planta_2,97.25,1.5
23837,01/09/26 9:55,S037,Planta_4,101.51,0.75
23840,01/09/26 9:55,S040,Planta_4,97.66,4.91
23904,01/09/26 9:57,S024,Planta_3,88.47,4.98
23906,01/09/26 9:57,S026,Planta_3,96.37,1.71
23921,01/09/26 9:58,S001,Planta_1,99.61,4.97
23953,01/09/26 9:58,S033,Planta_4,95.97,4.54
23967,01/09/26 9:59,S007,Planta_1,88.84,0.98
23996,01/09/26 9:59,S036,Planta_4,102.7,3.65
23997,01/09/26 9:59,S037,Planta_4,90.47,4.27
23999,01/09/26 9:59,S039,Planta_4,91.5,5.28
24022,01/09/26 10:00,S022,Planta_3,101.9,1.1
24028,01/09/26 10:00,S028,Planta_3,87.84,1.95
24029,01/09/26 10:00,S029,Planta_3,104.1,3.41
24041,01/09/26 10:01,S001,Planta_1,96.4,1.96
24067,01/09/26 10:01,S027,Planta_3,102.71,4.01
24072,01/09/26 10:01,S032,Planta_4,104.02,3.33
24081,01/09/26 10:02,S001,Planta_1,86.32,1.6
24082,01/09/26 10:02,S002,Planta_1,103.42,1.12
24102,01/09/26 10:02,S022,Planta_3,87.11,4.65
24106,01/09/26 10:02,S026,Planta_3,95.43,1.52
24130,01/09/26 10:03,S010,Planta_1,86.33,1.3
24148,01/09/26 10:03,S028,Planta_3,85.62,1.06
24149,01/09/26 10:03,S029,Planta_3,94.6,2.95
24151,01/09/26 10:03,S031,Planta_4,85.18,0.96
24160,01/09/26 10:03,S040,Planta_4,103.03,2.36
24210,01/09/26 10:05,S010,Planta_1,90.55,3.18
24242,01/09/26 10:06,S002,Planta_1,95.8,1.5
24248,01/09/26 10:06,S008,Planta_1,92.57,3.06
24300,01/09/26 10:07,S020,Planta_2,99.78,0.62
24311,01/09/26 10:07,S031,Planta_4,103.29,2.94
24320,01/09/26 10:07,S040,Planta_4,88.28,1.8
24352,01/09/26 10:08,S032,Planta_4,87.39,0.95
24361,01/09/26 10:09,S001,Planta_1,99.7,3.3
24363,01/09/26 10:09,S003,Planta_1,93.55,1.94
24377,01/09/26 10:09,S017,Planta_2,91.71,1.79
24379,01/09/26 10:09,S019,Planta_2,95.38,5.47
24387,01/09/26 10:09,S027,Planta_3,87.72,1.63
24395,01/09/26 10:09,S035,Planta_4,88.57,3.04
24396,01/09/26 10:09,S036,Planta_4,95.5,3.54
24407,01/09/26 10:10,S007,Planta_1,100.95,4.08
24408,01/09/26 10:10,S008,Planta_1,87.42,3.62
24414,01/09/26 10:10,S014,Planta_2,101.98,3.08
24415,01/09/26 10:10,S015,Planta_2,86.83,4.27
24422,01/09/26 10:10,S022,Planta_3,99.77,1.41
24423,01/09/26 10:10,S023,Planta_3,88.43,4.2
24462,01/09/26 10:11,S022,Planta_3,99.03,4.43
24508,01/09/26 10:12,S028,Planta_3,97.95,3.93
24521,01/09/26 10:13,S001,Planta_1,87.98,3.55
24523,01/09/26 10:13,S003,Planta_1,89.44,4.43
24531,01/09/26 10:13,S011,Planta_2,86.34,4.43
24532,01/09/26 10:13,S012,Planta_2,91.32,2.75
24540,01/09/26 10:13,S020,Planta_2,93.85,3.72
24542,01/09/26 10:13,S022,Planta_3,104.76,3.61
24558,01/09/26 10:13,S038,Planta_4,88.78,0.59
24570,01/09/26 10:14,S010,Planta_1,104.83,2.57
24582,01/09/26 10:14,S022,Planta_3,94.45,3.12
24592,01/09/26 10:14,S032,Planta_4,103.06,4.0
24629,01/09/26 10:15,S029,Planta_3,95.54,3.15
24638,01/09/26 10:15,S038,Planta_4,101.43,5.06
24644,01/09/26 10:16,S004,Planta_1,99.31,0.81
24658,01/09/26 10:16,S018,Planta_2,100.97,4.72
24680,01/09/26 10:16,S040,Planta_4,99.89,1.96
24702,01/09/26 10:17,S022,Planta_3,92.95,1.18
24706,01/09/26 10:17,S026,Planta_3,87.42,1.13
24720,01/09/26 10:17,S040,Planta_4,104.06,3.55
24744,01/09/26 10:18,S024,Planta_3,86.44,3.28
24753,01/09/26 10:18,S033,Planta_4,86.05,1.74
24758,01/09/26 10:18,S038,Planta_4,94.58,3.67
24771,01/09/26 10:19,S011,Planta_2,101.38,4.74
24788,01/09/26 10:19,S028,Planta_3,85.62,1.86
24791,01/09/26 10:19,S031,Planta_4,96.5,3.45
24794,01/09/26 10:19,S034,Planta_4,89.29,1.38
24802,01/09/26 10:20,S002,Planta_1,91.94,1.44
24806,01/09/26 10:20,S006,Planta_1,92.31,3.23
24812,01/09/26 10:20,S012,Planta_2,102.98,0.6
24821,01/09/26 10:20,S021,Planta_3,96.33,3.27
24827,01/09/26 10:20,S027,Planta_3,102.04,5.39
24830,01/09/26 10:20,S030,Planta_3,103.83,3.41
24846,01/09/26 10:21,S006,Planta_1,102.75,2.49
24871,01/09/26 10:21,S031,Planta_4,97.68,1.73
24898,01/09/26 10:22,S018,Planta_2,102.34,4.43
24911,01/09/26 10:22,S031,Planta_4,89.27,3.33
24929,01/09/26 10:23,S009,Planta_1,93.0,2.87
24937,01/09/26 10:23,S017,Planta_2,90.85,1.18
24944,01/09/26 10:23,S024,Planta_3,89.33,3.49
24949,01/09/26 10:23,S029,Planta_3,92.04,3.42
24961,01/09/26 10:24,S001,Planta_1,101.98,3.88
24970,01/09/26 10:24,S010,Planta_1,98.2,3.25
24978,01/09/26 10:24,S018,Planta_2,101.01,4.67
24983,01/09/26 10:24,S023,Planta_3,92.6,2.66
24987,01/09/26 10:24,S027,Planta_3,100.39,1.01
24989,01/09/26 10:24,S029,Planta_3,103.24,4.69
25029,01/09/26 10:25,S029,Planta_3,101.34,0.57
25055,01/09/26 10:26,S015,Planta_2,99.07,1.37
25064,01/09/26 10:26,S024,Planta_3,90.51,0.72
25102,01/09/26 10:27,S022,Planta_3,102.96,1.33
25113,01/09/26 10:27,S033,Planta_4,96.98,2.33
25115,01/09/26 10:27,S035,Planta_4,99.85,3.39
25116,01/09/26 10:27,S036,Planta_4,95.91,3.64
25133,01/09/26 10:28,S013,Planta_2,102.45,4.01
25156,01/09/26 10:28,S036,Planta_4,85.25,1.85
25162,01/09/26 10:29,S002,Planta_1,101.99,2.07
25179,01/09/26 10:29,S019,Planta_2,96.49,4.7
25181,01/09/26 10:29,S021,Planta_3,90.94,4.61
25193,01/09/26 10:29,S033,Planta_4,96.52,2.56
25195,01/09/26 10:29,S035,Planta_4,91.77,5.32
25206,01/09/26 10:30,S006,Planta_1,100.75,3.94
25212,01/09/26 10:30,S012,Planta_2,91.04,4.42
25219,01/09/26 10:30,S019,Planta_2,93.49,2.76
25234,01/09/26 10:30,S034,Planta_4,97.01,3.86
25244,01/09/26 10:31,S004,Planta_1,97.31,4.41
25245,01/09/26 10:31,S005,Planta_1,97.02,0.72
25251,01/09/26 10:31,S011,Planta_2,97.47,1.69
25282,01/09/26 10:32,S002,Planta_1,87.07,1.09
25284,01/09/26 10:32,S004,Planta_1,87.45,2.62
25301,01/09/26 10:32,S021,Planta_3,95.6,2.18
25305,01/09/26 10:32,S025,Planta_3,94.1,4.27
25311,01/09/26 10:32,S031,Planta_4,94.04,2.33
25335,01/09/26 10:33,S015,Planta_2,102.22,5.29
25342,01/09/26 10:33,S022,Planta_3,104.88,2.66
25345,01/09/26 10:33,S025,Planta_3,101.3,5.28
25372,01/09/26 10:34,S012,Planta_2,85.31,0.65
25376,01/09/26 10:34,S016,Planta_2,87.19,2.28
25397,01/09/26 10:34,S037,Planta_4,93.68,1.13
25439,01/09/26 10:35,S039,Planta_4,87.99,5.39
25462,01/09/26 10:36,S022,Planta_3,103.61,4.58
25512,01/09/26 10:37,S032,Planta_4,90.97,2.26
25514,01/09/26 10:37,S034,Planta_4,85.63,3.3
25517,01/09/26 10:37,S037,Planta_4,92.02,3.73
25522,01/09/26 10:38,S002,Planta_1,98.13,4.48
25541,01/09/26 10:38,S021,Planta_3,97.98,2.17
25554,01/09/26 10:38,S034,Planta_4,85.54,4.73
25557,01/09/26 10:38,S037,Planta_4,96.22,1.21
25563,01/09/26 10:39,S003,Planta_1,93.53,3.22
25589,01/09/26 10:39,S029,Planta_3,91.61,1.14
25612,01/09/26 10:40,S012,Planta_2,95.72,2.9
25618,01/09/26 10:40,S018,Planta_2,85.93,3.37
25628,01/09/26 10:40,S028,Planta_3,85.49,3.79
25636,01/09/26 10:40,S036,Planta_4,87.05,5.47
25638,01/09/26 10:40,S038,Planta_4,90.85,5.15
25640,01/09/26 10:40,S040,Planta_4,97.1,3.93
25643,01/09/26 10:41,S003,Planta_1,86.0,1.23
25647,01/09/26 10:41,S007,Planta_1,102.23,4.16
25649,01/09/26 10:41,S009,Planta_1,98.87,2.59
25669,01/09/26 10:41,S029,Planta_3,85.15,5.47
25704,01/09/26 10:42,S024,Planta_3,85.04,1.28
25713,01/09/26 10:42,S033,Planta_4,85.28,1.86
25717,01/09/26 10:42,S037,Planta_4,93.52,0.87
25718,01/09/26 10:42,S038,Planta_4,95.51,1.98
25737,01/09/26 10:43,S017,Planta_2,86.85,1.95
25740,01/09/26 10:43,S020,Planta_2,97.3,3.15
25747,01/09/26 10:43,S027,Planta_3,89.54,3.74
25768,01/09/26 10:44,S008,Planta_1,94.34,5.13
25795,01/09/26 10:44,S035,Planta_4,94.92,0.89
25824,01/09/26 10:45,S024,Planta_3,98.48,2.44
25826,01/09/26 10:45,S026,Planta_3,87.27,0.76
25834,01/09/26 10:45,S034,Planta_4,87.5,5.01
25849,01/09/26 10:46,S009,Planta_1,96.36,3.73
25851,01/09/26 10:46,S011,Planta_2,91.35,1.5
25885,01/09/26 10:47,S005,Planta_1,103.58,3.82
25888,01/09/26 10:47,S008,Planta_1,97.27,2.57
25934,01/09/26 10:48,S014,Planta_2,91.53,3.9
25962,01/09/26 10:49,S002,Planta_1,87.28,5.01
25965,01/09/26 10:49,S005,Planta_1,99.33,1.89
25995,01/09/26 10:49,S035,Planta_4,95.91,1.32
25998,01/09/26 10:49,S038,Planta_4,96.69,4.82
26004,01/09/26 10:50,S004,Planta_1,89.55,3.06
26007,01/09/26 10:50,S007,Planta_1,92.05,3.48
26026,01/09/26 10:50,S026,Planta_3,102.88,2.46
26033,01/09/26 10:50,S033,Planta_4,103.86,4.15
26046,01/09/26 10:51,S006,Planta_1,97.28,1.79
26076,01/09/26 10:51,S036,Planta_4,88.05,2.82
26081,01/09/26 10:52,S001,Planta_1,101.65,1.58
26118,01/09/26 10:52,S038,Planta_4,103.07,3.37
26122,01/09/26 10:53,S002,Planta_1,103.48,3.33
26124,01/09/26 10:53,S004,Planta_1,90.21,4.53
26125,01/09/26 10:53,S005,Planta_1,90.93,2.48
26134,01/09/26 10:53,S014,Planta_2,93.72,3.69
26139,01/09/26 10:53,S019,Planta_2,103.82,4.87
26164,01/09/26 10:54,S004,Planta_1,98.39,2.05
26166,01/09/26 10:54,S006,Planta_1,102.32,2.82
26175,01/09/26 10:54,S015,Planta_2,94.78,3.97
26248,01/09/26 10:56,S008,Planta_1,96.94,4.45
26251,01/09/26 10:56,S011,Planta_2,101.67,3.33
26258,01/09/26 10:56,S018,Planta_2,103.56,2.35
26298,01/09/26 10:57,S018,Planta_2,103.16,2.6
26323,01/09/26 10:58,S003,Planta_1,94.42,0.6
26324,01/09/26 10:58,S004,Planta_1,100.44,3.86
26334,01/09/26 10:58,S014,Planta_2,91.78,2.62
26368,01/09/26 10:59,S008,Planta_1,97.63,4.99
26371,01/09/26 10:59,S011,Planta_2,89.19,3.55
26385,01/09/26 10:59,S025,Planta_3,101.54,0.6
26389,01/09/26 10:59,S029,Planta_3,86.24,4.19
26395,01/09/26 10:59,S035,Planta_4,103.47,5.18
26398,01/09/26 10:59,S038,Planta_4,98.65,1.43
26399,01/09/26 10:59,S039,Planta_4,98.98,0.88
26405,01/09/26 11:00,S005,Planta_1,90.27,3.61
26410,01/09/26 11:00,S010,Planta_1,92.71,1.97
26425,01/09/26 11:00,S025,Planta_3,91.4,4.29
26448,01/09/26 11:01,S008,Planta_1,90.78,2.08
26475,01/09/26 11:01,S035,Planta_4,85.53,4.31
26494,01/09/26 11:02,S014,Planta_2,102.59,3.31
26526,01/09/26 11:03,S006,Planta_1,89.16,1.77
26529,01/09/26 11:03,S009,Planta_1,102.46,4.92
26556,01/09/26 11:03,S036,Planta_4,88.81,0.81
26633,01/09/26 11:05,S033,Planta_4,94.2,4.25
26645,01/09/26 11:06,S005,Planta_1,98.66,1.66
26648,01/09/26 11:06,S008,Planta_1,99.14,3.37
26651,01/09/26 11:06,S011,Planta_2,90.09,4.85
26689,01/09/26 11:07,S009,Planta_1,85.95,4.44
26700,01/09/26 11:07,S020,Planta_2,94.82,0.61
26706,01/09/26 11:07,S026,Planta_3,93.75,0.97
26708,01/09/26 11:07,S028,Planta_3,100.3,3.02
26711,01/09/26 11:07,S031,Planta_4,85.2,4.52
26725,01/09/26 11:08,S005,Planta_1,104.9,0.97
26745,01/09/26 11:08,S025,Planta_3,90.56,4.66
26774,01/09/26 11:09,S014,Planta_2,95.37,3.11
26780,01/09/26 11:09,S020,Planta_2,101.76,2.37
26790,01/09/26 11:09,S030,Planta_3,96.12,3.91
26800,01/09/26 11:09,S040,Planta_4,90.65,1.41
26822,01/09/26 11:10,S022,Planta_3,92.28,1.07
26841,01/09/26 11:11,S001,Planta_1,85.35,4.58
26853,01/09/26 11:11,S013,Planta_2,104.2,4.93
26856,01/09/26 11:11,S016,Planta_2,89.16,3.79
26858,01/09/26 11:11,S018,Planta_2,102.72,4.27
26862,01/09/26 11:11,S022,Planta_3,95.6,2.4
26880,01/09/26 11:11,S040,Planta_4,95.98,1.29
26882,01/09/26 11:12,S002,Planta_1,94.35,5.12
26893,01/09/26 11:12,S013,Planta_2,86.9,0.98
26922,01/09/26 11:13,S002,Planta_1,86.99,5.4
26940,01/09/26 11:13,S020,Planta_2,99.65,1.94
26953,01/09/26 11:13,S033,Planta_4,91.72,1.98
26959,01/09/26 11:13,S039,Planta_4,89.26,3.42
26961,01/09/26 11:14,S001,Planta_1,102.44,1.52
26979,01/09/26 11:14,S019,Planta_2,93.3,3.55
26987,01/09/26 11:14,S027,Planta_3,98.61,1.56
27014,01/09/26 11:15,S014,Planta_2,102.14,4.77
27016,01/09/26 11:15,S016,Planta_2,86.85,1.75
27043,01/09/26 11:16,S003,Planta_1,98.84,1.13
27055,01/09/26 11:16,S015,Planta_2,89.91,3.78
27063,01/09/26 11:16,S023,Planta_3,86.26,4.28
27064,01/09/26 11:16,S024,Planta_3,104.16,4.74
27068,01/09/26 11:16,S028,Planta_3,88.99,3.97
27085,01/09/26 11:17,S005,Planta_1,93.97,3.69
27102,01/09/26 11:17,S022,Planta_3,100.95,1.63
27120,01/09/26 11:17,S040,Planta_4,99.06,3.33
27141,01/09/26 11:18,S021,Planta_3,97.56,2.1
27147,01/09/26 11:18,S027,Planta_3,88.51,4.34
27158,01/09/26 11:18,S038,Planta_4,104.04,0.75
27167,01/09/26 11:19,S007,Planta_1,86.07,4.94
27173,01/09/26 11:19,S013,Planta_2,85.81,1.49
27180,01/09/26 11:19,S020,Planta_2,90.81,4.17
27227,01/09/26 11:20,S027,Planta_3,95.72,5.3
27237,01/09/26 11:20,S037,Planta_4,88.11,0.76
27260,01/09/26 11:21,S020,Planta_2,104.0,2.21
27280,01/09/26 11:21,S040,Planta_4,95.08,1.25
27301,01/09/26 11:22,S021,Planta_3,103.22,4.37
27319,01/09/26 11:22,S039,Planta_4,87.22,4.1
27328,01/09/26 11:23,S008,Planta_1,86.55,4.01
27330,01/09/26 11:23,S010,Planta_1,85.73,0.91
27341,01/09/26 11:23,S021,Planta_3,85.72,4.31
27349,01/09/26 11:23,S029,Planta_3,87.67,5.48
27352,01/09/26 11:23,S032,Planta_4,90.96,1.25
27365,01/09/26 11:24,S005,Planta_1,104.64,3.68
27366,01/09/26 11:24,S006,Planta_1,90.7,4.91
27371,01/09/26 11:24,S011,Planta_2,86.03,3.73
27379,01/09/26 11:24,S019,Planta_2,95.22,4.69
27390,01/09/26 11:24,S030,Planta_3,94.45,0.95
27401,01/09/26 11:25,S001,Planta_1,95.93,2.58
27405,01/09/26 11:25,S005,Planta_1,97.97,2.87
27440,01/09/26 11:25,S040,Planta_4,95.53,2.99
27480,01/09/26 11:26,S040,Planta_4,90.07,2.87
27486,01/09/26 11:27,S006,Planta_1,91.78,2.49
27493,01/09/26 11:27,S013,Planta_2,85.4,1.09
27494,01/09/26 11:27,S014,Planta_2,91.95,2.23
27504,01/09/26 11:27,S024,Planta_3,88.43,2.64
27555,01/09/26 11:28,S035,Planta_4,94.34,3.42
27573,01/09/26 11:29,S013,Planta_2,88.72,1.02
27583,01/09/26 11:29,S023,Planta_3,102.63,1.52
27602,01/09/26 11:30,S002,Planta_1,85.98,1.54
27615,01/09/26 11:30,S015,Planta_2,87.27,0.95
27651,01/09/26 11:31,S011,Planta_2,93.15,4.63
27660,01/09/26 11:31,S020,Planta_2,89.24,1.18
27664,01/09/26 11:31,S024,Planta_3,94.55,5.17
27671,01/09/26 11:31,S031,Planta_4,97.66,0.55
27705,01/09/26 11:32,S025,Planta_3,95.24,4.2
27716,01/09/26 11:32,S036,Planta_4,86.16,4.01
27734,01/09/26 11:33,S014,Planta_2,102.95,5.35
27749,01/09/26 11:33,S029,Planta_3,91.48,2.95
27768,01/09/26 11:34,S008,Planta_1,103.73,1.05
27775,01/09/26 11:34,S015,Planta_2,85.34,4.48
27781,01/09/26 11:34,S021,Planta_3,98.34,3.37
27784,01/09/26 11:34,S024,Planta_3,102.77,0.89
27786,01/09/26 11:34,S026,Planta_3,97.09,0.79
27788,01/09/26 11:34,S028,Planta_3,85.5,3.49
27798,01/09/26 11:34,S038,Planta_4,87.74,5.28
27800,01/09/26 11:34,S040,Planta_4,90.82,4.93
27811,01/09/26 11:35,S011,Planta_2,101.94,4.13
27822,01/09/26 11:35,S022,Planta_3,92.46,5.32
27866,01/09/26 11:36,S026,Planta_3,90.07,0.98
27883,01/09/26 11:37,S003,Planta_1,97.62,3.19
27888,01/09/26 11:37,S008,Planta_1,101.83,1.87
27897,01/09/26 11:37,S017,Planta_2,94.5,2.77
27898,01/09/26 11:37,S018,Planta_2,88.7,2.9
27903,01/09/26 11:37,S023,Planta_3,101.91,0.73
27907,01/09/26 11:37,S027,Planta_3,87.85,2.17
27909,01/09/26 11:37,S029,Planta_3,88.5,4.37
27911,01/09/26 11:37,S031,Planta_4,104.13,2.86
27969,01/09/26 11:39,S009,Planta_1,88.03,3.14
27970,01/09/26 11:39,S010,Planta_1,92.08,1.43
27981,01/09/26 11:39,S021,Planta_3,88.88,0.56
28026,01/09/26 11:40,S026,Planta_3,86.42,3.11
28028,01/09/26 11:40,S028,Planta_3,100.83,2.71
28031,01/09/26 11:40,S031,Planta_4,100.03,3.11
28055,01/09/26 11:41,S015,Planta_2,102.41,4.87
28096,01/09/26 11:42,S016,Planta_2,103.98,5.19
28100,01/09/26 11:42,S020,Planta_2,85.76,0.79
28102,01/09/26 11:42,S022,Planta_3,93.91,1.55
28120,01/09/26 11:42,S040,Planta_4,85.4,3.79
28147,01/09/26 11:43,S027,Planta_3,93.79,5.34
28196,01/09/26 11:44,S036,Planta_4,101.2,3.67
28217,01/09/26 11:45,S017,Planta_2,96.21,2.58
28221,01/09/26 11:45,S021,Planta_3,87.54,3.85
28223,01/09/26 11:45,S023,Planta_3,94.69,2.92
28259,01/09/26 11:46,S019,Planta_2,92.15,1.53
28268,01/09/26 11:46,S028,Planta_3,96.75,2.42
28314,01/09/26 11:47,S034,Planta_4,89.22,3.13
28325,01/09/26 11:48,S005,Planta_1,100.63,3.27
28327,01/09/26 11:48,S007,Planta_1,97.84,5.44
28363,01/09/26 11:49,S003,Planta_1,94.91,1.24
28367,01/09/26 11:49,S007,Planta_1,87.13,2.57
28379,01/09/26 11:49,S019,Planta_2,99.32,4.89
28393,01/09/26 11:49,S033,Planta_4,85.5,5.0
28394,01/09/26 11:49,S034,Planta_4,104.09,3.75
28444,01/09/26 11:51,S004,Planta_1,101.24,5.37
28472,01/09/26 11:51,S032,Planta_4,100.05,3.95
28482,01/09/26 11:52,S002,Planta_1,96.75,2.83
28498,01/09/26 11:52,S018,Planta_2,93.53,4.94
28507,01/09/26 11:52,S027,Planta_3,89.54,1.14
28526,01/09/26 11:53,S006,Planta_1,87.49,1.85
28534,01/09/26 11:53,S014,Planta_2,86.17,2.18
28550,01/09/26 11:53,S030,Planta_3,95.54,4.15
28608,01/09/26 11:55,S008,Planta_1,96.0,1.94
28612,01/09/26 11:55,S012,Planta_2,101.18,2.13
28619,01/09/26 11:55,S019,Planta_2,101.94,0.79
28627,01/09/26 11:55,S027,Planta_3,102.78,0.71
28631,01/09/26 11:55,S031,Planta_4,100.23,2.22
28646,01/09/26 11:56,S006,Planta_1,89.35,4.38
28649,01/09/26 11:56,S009,Planta_1,96.81,3.52
28684,01/09/26 11:57,S004,Planta_1,101.54,4.57
28689,01/09/26 11:57,S009,Planta_1,99.58,1.72
28700,01/09/26 11:57,S020,Planta_2,93.25,5.09
28712,01/09/26 11:57,S032,Planta_4,104.9,1.19
28714,01/09/26 11:57,S034,Planta_4,99.74,1.45
28716,01/09/26 11:57,S036,Planta_4,87.2,0.6
28718,01/09/26 11:57,S038,Planta_4,97.43,2.82
28757,01/09/26 11:58,S037,Planta_4,95.33,4.94
28766,01/09/26 11:59,S006,Planta_1,96.88,4.76
28777,01/09/26 11:59,S017,Planta_2,96.19,1.95
28781,01/09/26 11:59,S021,Planta_3,91.79,5.36
28783,01/09/26 11:59,S023,Planta_3,104.23,2.37
28815,01/09/26 12:00,S015,Planta_2,99.96,1.51
28834,01/09/26 12:00,S034,Planta_4,92.6,3.77
28891,01/09/26 12:02,S011,Planta_2,102.69,0.54
28907,01/09/26 12:02,S027,Planta_3,93.45,3.77
28924,01/09/26 12:03,S004,Planta_1,88.54,3.42
28926,01/09/26 12:03,S006,Planta_1,91.3,2.04
28934,01/09/26 12:03,S014,Planta_2,87.56,2.84
28946,01/09/26 12:03,S026,Planta_3,91.6,3.05
28951,01/09/26 12:03,S031,Planta_4,98.18,5.03
28976,01/09/26 12:04,S016,Planta_2,103.62,5.15
28992,01/09/26 12:04,S032,Planta_4,86.25,2.29
29035,01/09/26 12:05,S035,Planta_4,101.37,3.24
29042,01/09/26 12:06,S002,Planta_1,86.98,5.44
29055,01/09/26 12:06,S015,Planta_2,87.46,2.98
29070,01/09/26 12:06,S030,Planta_3,91.67,2.57
29077,01/09/26 12:06,S037,Planta_4,101.21,1.81
29083,01/09/26 12:07,S003,Planta_1,86.61,1.79
29134,01/09/26 12:08,S014,Planta_2,85.51,4.2
29148,01/09/26 12:08,S028,Planta_3,89.17,0.51
29155,01/09/26 12:08,S035,Planta_4,94.8,2.8
29167,01/09/26 12:09,S007,Planta_1,94.2,0.54
29186,01/09/26 12:09,S026,Planta_3,85.34,2.3
29189,01/09/26 12:09,S029,Planta_3,97.75,4.99
29217,01/09/26 12:10,S017,Planta_2,102.26,3.72
29219,01/09/26 12:10,S019,Planta_2,87.35,4.97
29232,01/09/26 12:10,S032,Planta_4,93.24,0.78
29233,01/09/26 12:10,S033,Planta_4,104.49,5.06
29237,01/09/26 12:10,S037,Planta_4,89.93,4.74
29249,01/09/26 12:11,S009,Planta_1,98.4,0.51
29251,01/09/26 12:11,S011,Planta_2,103.82,1.38
29272,01/09/26 12:11,S032,Planta_4,103.12,2.96
29281,01/09/26 12:12,S001,Planta_1,100.35,2.17
29288,01/09/26 12:12,S008,Planta_1,96.8,1.29
29289,01/09/26 12:12,S009,Planta_1,89.51,0.67
29297,01/09/26 12:12,S017,Planta_2,98.54,0.77
29350,01/09/26 12:13,S030,Planta_3,103.66,1.98
29351,01/09/26 12:13,S031,Planta_4,91.49,2.85
29382,01/09/26 12:14,S022,Planta_3,95.74,1.31
29400,01/09/26 12:14,S040,Planta_4,92.48,1.39
29403,01/09/26 12:15,S003,Planta_1,90.17,1.41
29450,01/09/26 12:16,S010,Planta_1,101.83,1.56
29451,01/09/26 12:16,S011,Planta_2,103.47,4.05
29491,01/09/26 12:17,S011,Planta_2,89.46,5.14
29494,01/09/26 12:17,S014,Planta_2,98.84,3.9
29499,01/09/26 12:17,S019,Planta_2,103.7,1.58
29514,01/09/26 12:17,S034,Planta_4,85.08,2.88
29551,01/09/26 12:18,S031,Planta_4,98.14,1.16
29554,01/09/26 12:18,S034,Planta_4,95.4,4.59
29568,01/09/26 12:19,S008,Planta_1,85.35,3.08
29589,01/09/26 12:19,S029,Planta_3,97.09,2.95
29597,01/09/26 12:19,S037,Planta_4,96.61,5.11
29609,01/09/26 12:20,S009,Planta_1,97.69,5.5
29626,01/09/26 12:20,S026,Planta_3,92.18,4.72
29661,01/09/26 12:21,S021,Planta_3,86.9,3.67
29663,01/09/26 12:21,S023,Planta_3,85.47,4.18
29671,01/09/26 12:21,S031,Planta_4,96.95,5.22
29688,01/09/26 12:22,S008,Planta_1,92.4,0.87
29713,01/09/26 12:22,S033,Planta_4,100.78,1.15
29726,01/09/26 12:23,S006,Planta_1,103.67,3.11
29733,01/09/26 12:23,S013,Planta_2,104.73,5.44
29757,01/09/26 12:23,S037,Planta_4,90.81,5.22
29808,01/09/26 12:25,S008,Planta_1,85.38,4.35
29828,01/09/26 12:25,S028,Planta_3,85.99,3.9
29832,01/09/26 12:25,S032,Planta_4,104.56,2.93
29855,01/09/26 12:26,S015,Planta_2,96.85,5.08
29856,01/09/26 12:26,S016,Planta_2,94.31,4.44
29872,01/09/26 12:26,S032,Planta_4,100.91,3.03
29888,01/09/26 12:27,S008,Planta_1,104.57,1.81
29893,01/09/26 12:27,S013,Planta_2,88.05,0.76
29895,01/09/26 12:27,S015,Planta_2,86.11,0.57
29911,01/09/26 12:27,S031,Planta_4,96.13,2.02
29961,01/09/26 12:29,S001,Planta_1,89.08,4.75
29963,01/09/26 12:29,S003,Planta_1,89.37,2.91
29966,01/09/26 12:29,S006,Planta_1,92.77,3.4
30006,01/09/26 12:30,S006,Planta_1,94.79,4.33
30015,01/09/26 12:30,S015,Planta_2,101.5,1.52
30023,01/09/26 12:30,S023,Planta_3,88.12,5.14
30028,01/09/26 12:30,S028,Planta_3,99.5,5.09
30037,01/09/26 12:30,S037,Planta_4,88.26,2.01
30048,01/09/26 12:31,S008,Planta_1,94.6,3.21
30060,01/09/26 12:31,S020,Planta_2,94.07,4.99
30092,01/09/26 12:32,S012,Planta_2,98.3,1.08
30109,01/09/26 12:32,S029,Planta_3,89.75,5.19
30171,01/09/26 12:34,S011,Planta_2,104.72,3.92
30184,01/09/26 12:34,S024,Planta_3,92.89,4.1
30217,01/09/26 12:35,S017,Planta_2,98.35,1.38
30224,01/09/26 12:35,S024,Planta_3,90.48,2.11
30227,01/09/26 12:35,S027,Planta_3,90.9,3.71
30239,01/09/26 12:35,S039,Planta_4,85.84,2.98
30241,01/09/26 12:36,S001,Planta_1,91.61,2.22
30261,01/09/26 12:36,S021,Planta_3,100.08,1.08
30266,01/09/26 12:36,S026,Planta_3,93.9,2.21
30305,01/09/26 12:37,S025,Planta_3,104.68,4.83
30331,01/09/26 12:38,S011,Planta_2,86.29,3.97
30343,01/09/26 12:38,S023,Planta_3,93.5,4.07
30357,01/09/26 12:38,S037,Planta_4,89.61,5.2
30360,01/09/26 12:38,S040,Planta_4,93.78,3.64
30369,01/09/26 12:39,S009,Planta_1,91.99,3.77
30383,01/09/26 12:39,S023,Planta_3,102.71,0.74
30390,01/09/26 12:39,S030,Planta_3,99.68,1.58
30414,01/09/26 12:40,S014,Planta_2,98.73,1.4
30455,01/09/26 12:41,S015,Planta_2,91.7,2.68
30492,01/09/26 12:42,S012,Planta_2,94.07,3.2
30502,01/09/26 12:42,S022,Planta_3,94.39,1.45
30524,01/09/26 12:43,S004,Planta_1,95.82,2.44
30536,01/09/26 12:43,S016,Planta_2,90.82,3.68
30543,01/09/26 12:43,S023,Planta_3,94.65,3.31
30548,01/09/26 12:43,S028,Planta_3,100.43,2.44
30560,01/09/26 12:43,S040,Planta_4,97.73,4.62
30569,01/09/26 12:44,S009,Planta_1,97.43,0.67
30575,01/09/26 12:44,S015,Planta_2,103.29,5.05
30591,01/09/26 12:44,S031,Planta_4,87.1,1.95
30600,01/09/26 12:44,S040,Planta_4,103.73,1.26
30603,01/09/26 12:45,S003,Planta_1,101.78,2.54
30606,01/09/26 12:45,S006,Planta_1,88.98,4.93
30618,01/09/26 12:45,S018,Planta_2,88.87,3.8
30665,01/09/26 12:46,S025,Planta_3,95.64,5.27
30675,01/09/26 12:46,S035,Planta_4,88.31,2.59
30679,01/09/26 12:46,S039,Planta_4,87.78,5.41
30694,01/09/26 12:47,S014,Planta_2,103.3,0.77
30703,01/09/26 12:47,S023,Planta_3,102.96,2.11
30707,01/09/26 12:47,S027,Planta_3,86.39,2.41
30720,01/09/26 12:47,S040,Planta_4,88.49,2.48
30727,01/09/26 12:48,S007,Planta_1,91.59,0.61
30728,01/09/26 12:48,S008,Planta_1,86.24,3.12
30754,01/09/26 12:48,S034,Planta_4,94.6,5.11
30772,01/09/26 12:49,S012,Planta_2,88.47,5.28
30792,01/09/26 12:49,S032,Planta_4,85.47,3.77
30812,01/09/26 12:50,S012,Planta_2,95.66,1.42
30818,01/09/26 12:50,S018,Planta_2,99.12,1.11
30851,01/09/26 12:51,S011,Planta_2,85.64,0.58
30883,01/09/26 12:52,S003,Planta_1,87.28,2.87
30886,01/09/26 12:52,S006,Planta_1,91.29,3.42
30897,01/09/26 12:52,S017,Planta_2,86.41,0.57
30910,01/09/26 12:52,S030,Planta_3,94.41,1.88
30969,01/09/26 12:54,S009,Planta_1,97.97,2.86
30975,01/09/26 12:54,S015,Planta_2,90.71,3.71
30987,01/09/26 12:54,S027,Planta_3,94.41,4.34
30999,01/09/26 12:54,S039,Planta_4,102.59,5.23
31009,01/09/26 12:55,S009,Planta_1,104.13,1.43
31053,01/09/26 12:56,S013,Planta_2,96.84,1.41
31065,01/09/26 12:56,S025,Planta_3,96.5,1.3
31072,01/09/26 12:56,S032,Planta_4,86.4,3.38
31112,01/09/26 12:57,S032,Planta_4,104.43,3.84
31120,01/09/26 12:57,S040,Planta_4,96.68,0.59
31122,01/09/26 12:58,S002,Planta_1,86.63,2.44
31126,01/09/26 12:58,S006,Planta_1,86.85,4.01
31136,01/09/26 12:58,S016,Planta_2,91.99,2.15
31190,01/09/26 12:59,S030,Planta_3,91.14,1.94
31196,01/09/26 12:59,S036,Planta_4,103.79,3.22
31224,01/09/26 13:00,S024,Planta_3,88.83,2.09
31239,01/09/26 13:00,S039,Planta_4,88.53,1.62
31244,01/09/26 13:01,S004,Planta_1,100.94,5.21
31261,01/09/26 13:01,S021,Planta_3,85.73,1.51
31276,01/09/26 13:01,S036,Planta_4,93.82,4.83
31279,01/09/26 13:01,S039,Planta_4,100.27,2.12
31286,01/09/26 13:02,S006,Planta_1,100.36,4.94
31316,01/09/26 13:02,S036,Planta_4,93.51,3.27
31353,01/09/26 13:03,S033,Planta_4,100.04,1.06
31380,01/09/26 13:04,S020,Planta_2,89.73,3.48
31392,01/09/26 13:04,S032,Planta_4,85.73,4.66
31401,01/09/26 13:05,S001,Planta_1,96.73,1.47
31413,01/09/26 13:05,S013,Planta_2,90.92,2.51
31428,01/09/26 13:05,S028,Planta_3,97.44,5.06
31431,01/09/26 13:05,S031,Planta_4,98.87,0.68
31442,01/09/26 13:06,S002,Planta_1,86.47,0.57
31465,01/09/26 13:06,S025,Planta_3,103.64,1.18
31470,01/09/26 13:06,S030,Planta_3,92.04,4.65
31472,01/09/26 13:06,S032,Planta_4,102.14,5.0
31480,01/09/26 13:06,S040,Planta_4,86.05,1.11
31501,01/09/26 13:07,S021,Planta_3,86.71,1.02
31545,01/09/26 13:08,S025,Planta_3,97.69,4.74
31579,01/09/26 13:09,S019,Planta_2,88.18,3.23
31580,01/09/26 13:09,S020,Planta_2,99.07,4.44
31583,01/09/26 13:09,S023,Planta_3,104.55,0.88
31622,01/09/26 13:10,S022,Planta_3,96.21,1.1
31647,01/09/26 13:11,S007,Planta_1,89.0,3.02
31655,01/09/26 13:11,S015,Planta_2,100.2,3.53
31659,01/09/26 13:11,S019,Planta_2,102.79,3.15
31664,01/09/26 13:11,S024,Planta_3,103.83,4.25
31672,01/09/26 13:11,S032,Planta_4,86.98,2.54
31695,01/09/26 13:12,S015,Planta_2,91.13,1.97
31727,01/09/26 13:13,S007,Planta_1,93.11,3.2
31759,01/09/26 13:13,S039,Planta_4,92.99,1.89
31766,01/09/26 13:14,S006,Planta_1,92.49,3.17
31774,01/09/26 13:14,S014,Planta_2,100.66,1.6
31781,01/09/26 13:14,S021,Planta_3,103.26,3.4
31792,01/09/26 13:14,S032,Planta_4,93.96,4.65
31796,01/09/26 13:14,S036,Planta_4,97.96,4.91
31809,01/09/26 13:15,S009,Planta_1,99.02,5.01
31831,01/09/26 13:15,S031,Planta_4,95.66,1.1
31843,01/09/26 13:16,S003,Planta_1,86.35,2.13
31846,01/09/26 13:16,S006,Planta_1,94.88,0.86
31855,01/09/26 13:16,S015,Planta_2,94.26,2.08
31889,01/09/26 13:17,S009,Planta_1,100.09,0.53
31898,01/09/26 13:17,S018,Planta_2,97.73,4.24
31910,01/09/26 13:17,S030,Planta_3,92.67,4.2
31914,01/09/26 13:17,S034,Planta_4,103.37,4.88
31964,01/09/26 13:19,S004,Planta_1,91.01,1.06
31983,01/09/26 13:19,S023,Planta_3,87.23,2.91
32016,01/09/26 13:20,S016,Planta_2,100.86,5.26
32029,01/09/26 13:20,S029,Planta_3,100.23,2.05
32049,01/09/26 13:21,S009,Planta_1,91.22,3.61
32110,01/09/26 13:22,S030,Planta_3,90.02,2.9
32113,01/09/26 13:22,S033,Planta_4,99.45,4.22
32127,01/09/26 13:23,S007,Planta_1,88.94,4.92
32140,01/09/26 13:23,S020,Planta_2,97.88,2.15
32145,01/09/26 13:23,S025,Planta_3,104.49,3.85
32154,01/09/26 13:23,S034,Planta_4,101.53,2.45
32157,01/09/26 13:23,S037,Planta_4,96.74,1.15
32179,01/09/26 13:24,S019,Planta_2,92.78,1.12
32187,01/09/26 13:24,S027,Planta_3,87.3,1.63
32194,01/09/26 13:24,S034,Planta_4,94.61,0.89
32218,01/09/26 13:25,S018,Planta_2,89.26,4.8
32229,01/09/26 13:25,S029,Planta_3,92.78,4.47
32234,01/09/26 13:25,S034,Planta_4,96.74,2.8
32254,01/09/26 13:26,S014,Planta_2,94.2,4.58
32287,01/09/26 13:27,S007,Planta_1,95.83,5.5
32296,01/09/26 13:27,S016,Planta_2,92.35,3.39
32299,01/09/26 13:27,S019,Planta_2,91.59,2.04
32320,01/09/26 13:27,S040,Planta_4,85.29,1.95
32322,01/09/26 13:28,S002,Planta_1,101.17,3.77
32336,01/09/26 13:28,S016,Planta_2,92.36,2.95
32352,01/09/26 13:28,S032,Planta_4,99.15,4.19
32354,01/09/26 13:28,S034,Planta_4,85.9,4.45
32358,01/09/26 13:28,S038,Planta_4,99.6,4.73
32363,01/09/26 13:29,S003,Planta_1,89.86,5.46
32368,01/09/26 13:29,S008,Planta_1,94.92,5.23
32381,01/09/26 13:29,S021,Planta_3,103.54,1.45
32385,01/09/26 13:29,S025,Planta_3,93.05,1.52
32416,01/09/26 13:30,S016,Planta_2,86.43,4.18
32431,01/09/26 13:30,S031,Planta_4,86.24,3.73
32455,01/09/26 13:31,S015,Planta_2,102.04,1.16
32461,01/09/26 13:31,S021,Planta_3,96.52,1.79
32477,01/09/26 13:31,S037,Planta_4,87.77,0.94
32499,01/09/26 13:32,S019,Planta_2,95.56,1.74
32507,01/09/26 13:32,S027,Planta_3,97.56,4.99
32521,01/09/26 13:33,S001,Planta_1,100.87,4.36
32524,01/09/26 13:33,S004,Planta_1,103.04,1.86
32531,01/09/26 13:33,S011,Planta_2,90.68,0.59
32555,01/09/26 13:33,S035,Planta_4,88.96,4.1
32582,01/09/26 13:34,S022,Planta_3,99.61,2.24
32585,01/09/26 13:34,S025,Planta_3,104.63,2.01
32593,01/09/26 13:34,S033,Planta_4,97.18,2.96
32607,01/09/26 13:35,S007,Planta_1,102.25,3.26
32613,01/09/26 13:35,S013,Planta_2,104.67,4.78
32623,01/09/26 13:35,S023,Planta_3,101.93,2.45
32625,01/09/26 13:35,S025,Planta_3,91.47,2.65
32628,01/09/26 13:35,S028,Planta_3,104.72,3.78
32644,01/09/26 13:36,S004,Planta_1,87.79,1.98
32646,01/09/26 13:36,S006,Planta_1,90.17,4.72
32653,01/09/26 13:36,S013,Planta_2,90.86,1.85
32660,01/09/26 13:36,S020,Planta_2,97.48,1.64
32664,01/09/26 13:36,S024,Planta_3,94.35,4.42
32669,01/09/26 13:36,S029,Planta_3,87.09,1.54
32673,01/09/26 13:36,S033,Planta_4,95.61,0.87
32769,01/09/26 13:39,S009,Planta_1,88.14,4.56
32773,01/09/26 13:39,S013,Planta_2,102.73,3.56
32781,01/09/26 13:39,S021,Planta_3,91.37,5.41
32784,01/09/26 13:39,S024,Planta_3,101.29,1.74
32850,01/09/26 13:41,S010,Planta_1,94.42,2.34
32852,01/09/26 13:41,S012,Planta_2,86.71,2.36
32862,01/09/26 13:41,S022,Planta_3,93.16,3.57
32869,01/09/26 13:41,S029,Planta_3,94.06,1.76
32872,01/09/26 13:41,S032,Planta_4,103.23,3.36
32878,01/09/26 13:41,S038,Planta_4,86.41,1.56
32898,01/09/26 13:42,S018,Planta_2,89.58,1.12
32910,01/09/26 13:42,S030,Planta_3,95.34,5.47
32931,01/09/26 13:43,S011,Planta_2,89.01,3.59
32947,01/09/26 13:43,S027,Planta_3,99.46,3.55
32951,01/09/26 13:43,S031,Planta_4,91.36,2.92
32969,01/09/26 13:44,S009,Planta_1,96.32,3.41
32972,01/09/26 13:44,S012,Planta_2,93.94,0.99
32976,01/09/26 13:44,S016,Planta_2,90.89,2.25
33005,01/09/26 13:45,S005,Planta_1,97.86,2.4
33012,01/09/26 13:45,S012,Planta_2,97.65,3.29
33032,01/09/26 13:45,S032,Planta_4,93.56,5.17
33038,01/09/26 13:45,S038,Planta_4,89.7,3.44
33040,01/09/26 13:45,S040,Planta_4,97.06,5.22
33046,01/09/26 13:46,S006,Planta_1,87.39,4.68
33053,01/09/26 13:46,S013,Planta_2,99.53,4.22
33105,01/09/26 13:47,S025,Planta_3,93.7,2.79
33126,01/09/26 13:48,S006,Planta_1,102.01,2.94
33127,01/09/26 13:48,S007,Planta_1,88.68,5.01
33128,01/09/26 13:48,S008,Planta_1,90.67,5.28
33138,01/09/26 13:48,S018,Planta_2,92.56,5.24
33158,01/09/26 13:48,S038,Planta_4,103.48,3.66
33161,01/09/26 13:49,S001,Planta_1,86.18,2.4
33169,01/09/26 13:49,S009,Planta_1,88.61,3.08
33187,01/09/26 13:49,S027,Planta_3,86.87,3.76
33215,01/09/26 13:50,S015,Planta_2,96.9,2.25
33241,01/09/26 13:51,S001,Planta_1,85.52,4.11
33269,01/09/26 13:51,S029,Planta_3,99.83,4.2
33277,01/09/26 13:51,S037,Planta_4,86.52,3.26
33282,01/09/26 13:52,S002,Planta_1,96.72,4.53
33323,01/09/26 13:53,S003,Planta_1,93.02,4.42
33327,01/09/26 13:53,S007,Planta_1,87.0,3.63
33336,01/09/26 13:53,S016,Planta_2,90.72,2.16
33340,01/09/26 13:53,S020,Planta_2,95.21,5.31
33350,01/09/26 13:53,S030,Planta_3,94.78,1.81
33352,01/09/26 13:53,S032,Planta_4,99.22,0.7
33381,01/09/26 13:54,S021,Planta_3,99.2,5.33
33393,01/09/26 13:54,S033,Planta_4,100.9,3.33
33407,01/09/26 13:55,S007,Planta_1,103.46,2.31
33415,01/09/26 13:55,S015,Planta_2,93.48,1.82
33446,01/09/26 13:56,S006,Planta_1,89.18,5.13
33490,01/09/26 13:57,S010,Planta_1,95.53,1.66
33491,01/09/26 13:57,S011,Planta_2,100.47,2.13
33530,01/09/26 13:58,S010,Planta_1,87.32,3.73
33565,01/09/26 13:59,S005,Planta_1,88.1,4.58
33575,01/09/26 13:59,S015,Planta_2,88.14,4.25
33593,01/09/26 13:59,S033,Planta_4,87.04,3.6
33603,01/09/26 14:00,S003,Planta_1,103.18,3.45
33641,01/09/26 14:01,S001,Planta_1,91.59,1.74
33664,01/09/26 14:01,S024,Planta_3,97.45,1.8
33675,01/09/26 14:01,S035,Planta_4,98.71,1.71
33686,01/09/26 14:02,S006,Planta_1,92.59,3.83
33707,01/09/26 14:02,S027,Planta_3,93.09,5.28
33714,01/09/26 14:02,S034,Planta_4,88.17,4.17
33718,01/09/26 14:02,S038,Planta_4,90.04,5.37
33732,01/09/26 14:03,S012,Planta_2,87.18,4.76
33751,01/09/26 14:03,S031,Planta_4,90.27,5.23
33760,01/09/26 14:03,S040,Planta_4,104.94,4.45
33793,01/09/26 14:04,S033,Planta_4,85.57,5.35
33809,01/09/26 14:05,S009,Planta_1,90.17,3.72
33813,01/09/26 14:05,S013,Planta_2,96.95,5.47
33860,01/09/26 14:06,S020,Planta_2,96.4,1.66
33872,01/09/26 14:06,S032,Planta_4,103.18,5.11
33910,01/09/26 14:07,S030,Planta_3,94.29,4.37
33913,01/09/26 14:07,S033,Planta_4,97.86,3.28
33919,01/09/26 14:07,S039,Planta_4,88.08,3.95
33923,01/09/26 14:08,S003,Planta_1,100.89,3.93
33933,01/09/26 14:08,S013,Planta_2,92.58,0.98
33950,01/09/26 14:08,S030,Planta_3,94.9,3.83
33954,01/09/26 14:08,S034,Planta_4,98.31,0.67
33961,01/09/26 14:09,S001,Planta_1,93.2,1.42
33971,01/09/26 14:09,S011,Planta_2,94.73,4.91
33987,01/09/26 14:09,S027,Planta_3,92.04,3.78
33996,01/09/26 14:09,S036,Planta_4,86.49,0.94
34001,01/09/26 14:10,S001,Planta_1,89.46,2.99
34009,01/09/26 14:10,S009,Planta_1,88.14,0.98
34030,01/09/26 14:10,S030,Planta_3,86.01,4.74
34034,01/09/26 14:10,S034,Planta_4,95.65,5.46
34044,01/09/26 14:11,S004,Planta_1,89.45,1.46
34046,01/09/26 14:11,S006,Planta_1,89.24,0.78
34056,01/09/26 14:11,S016,Planta_2,92.35,2.78
34057,01/09/26 14:11,S017,Planta_2,101.69,1.31
34062,01/09/26 14:11,S022,Planta_3,101.16,2.37
34064,01/09/26 14:11,S024,Planta_3,91.64,2.42
34087,01/09/26 14:12,S007,Planta_1,93.73,0.98
34092,01/09/26 14:12,S012,Planta_2,100.08,0.98
34096,01/09/26 14:12,S016,Planta_2,91.97,2.8
34116,01/09/26 14:12,S036,Planta_4,85.2,4.95
34144,01/09/26 14:13,S024,Planta_3,94.59,5.41
34148,01/09/26 14:13,S028,Planta_3,87.84,1.69
34150,01/09/26 14:13,S030,Planta_3,88.0,0.74
34194,01/09/26 14:14,S034,Planta_4,100.75,4.36
34195,01/09/26 14:14,S035,Planta_4,98.64,1.62
34197,01/09/26 14:14,S037,Planta_4,103.82,4.97
34244,01/09/26 14:16,S004,Planta_1,96.97,0.94
34246,01/09/26 14:16,S006,Planta_1,96.84,4.7
34247,01/09/26 14:16,S007,Planta_1,103.97,5.11
34254,01/09/26 14:16,S014,Planta_2,101.3,4.03
34262,01/09/26 14:16,S022,Planta_3,102.95,3.88
34284,01/09/26 14:17,S004,Planta_1,100.24,5.17
34296,01/09/26 14:17,S016,Planta_2,102.14,4.18
34314,01/09/26 14:17,S034,Planta_4,102.39,2.65
34318,01/09/26 14:17,S038,Planta_4,87.92,1.86
34334,01/09/26 14:18,S014,Planta_2,87.49,3.82
34370,01/09/26 14:19,S010,Planta_1,98.35,4.44
34383,01/09/26 14:19,S023,Planta_3,91.8,4.16
34387,01/09/26 14:19,S027,Planta_3,90.54,5.45
34425,01/09/26 14:20,S025,Planta_3,91.55,3.25
34432,01/09/26 14:20,S032,Planta_4,89.68,4.18
34485,01/09/26 14:22,S005,Planta_1,90.06,5.09
34497,01/09/26 14:22,S017,Planta_2,99.34,5.11
34504,01/09/26 14:22,S024,Planta_3,90.04,1.85
34516,01/09/26 14:22,S036,Planta_4,95.98,1.56
34534,01/09/26 14:23,S014,Planta_2,87.35,3.29
34539,01/09/26 14:23,S019,Planta_2,94.86,2.84
34547,01/09/26 14:23,S027,Planta_3,101.05,1.47
34548,01/09/26 14:23,S028,Planta_3,90.44,4.53
34554,01/09/26 14:23,S034,Planta_4,93.94,1.25
34562,01/09/26 14:24,S002,Planta_1,101.88,1.94
34563,01/09/26 14:24,S003,Planta_1,96.17,2.21
34573,01/09/26 14:24,S013,Planta_2,93.46,2.79
34593,01/09/26 14:24,S033,Planta_4,88.75,3.69
34597,01/09/26 14:24,S037,Planta_4,93.11,3.78
34607,01/09/26 14:25,S007,Planta_1,92.22,1.22
34630,01/09/26 14:25,S030,Planta_3,92.39,3.07
34645,01/09/26 14:26,S005,Planta_1,97.39,5.35
34648,01/09/26 14:26,S008,Planta_1,90.98,3.13
34656,01/09/26 14:26,S016,Planta_2,101.99,0.66
34661,01/09/26 14:26,S021,Planta_3,100.89,2.41
34695,01/09/26 14:27,S015,Planta_2,103.77,3.22
34697,01/09/26 14:27,S017,Planta_2,95.36,3.54
34704,01/09/26 14:27,S024,Planta_3,87.82,2.83
34715,01/09/26 14:27,S035,Planta_4,104.91,4.87
34724,01/09/26 14:28,S004,Planta_1,93.78,1.78
34734,01/09/26 14:28,S014,Planta_2,89.51,2.27
34740,01/09/26 14:28,S020,Planta_2,101.26,3.98
34756,01/09/26 14:28,S036,Planta_4,95.33,4.38
34776,01/09/26 14:29,S016,Planta_2,87.78,3.45
34793,01/09/26 14:29,S033,Planta_4,103.44,3.3
34795,01/09/26 14:29,S035,Planta_4,91.9,1.36
34820,01/09/26 14:30,S020,Planta_2,86.09,2.0
34821,01/09/26 14:30,S021,Planta_3,102.51,2.62
34843,01/09/26 14:31,S003,Planta_1,98.87,2.05
34851,01/09/26 14:31,S011,Planta_2,92.5,2.13
34860,01/09/26 14:31,S020,Planta_2,99.6,2.16
34890,01/09/26 14:32,S010,Planta_1,102.31,2.18
34912,01/09/26 14:32,S032,Planta_4,90.88,0.57
34937,01/09/26 14:33,S017,Planta_2,95.94,4.9
34943,01/09/26 14:33,S023,Planta_3,99.73,0.64
34946,01/09/26 14:33,S026,Planta_3,93.59,1.17
34951,01/09/26 14:33,S031,Planta_4,87.47,1.48
34958,01/09/26 14:33,S038,Planta_4,96.7,1.36
34959,01/09/26 14:33,S039,Planta_4,95.64,1.85
34960,01/09/26 14:33,S040,Planta_4,102.36,1.77
34970,01/09/26 14:34,S010,Planta_1,92.39,1.88
34972,01/09/26 14:34,S012,Planta_2,104.93,4.68
35001,01/09/26 14:35,S001,Planta_1,104.37,5.04
35002,01/09/26 14:35,S002,Planta_1,95.02,2.71
35018,01/09/26 14:35,S018,Planta_2,91.79,4.41
35053,01/09/26 14:36,S013,Planta_2,103.88,3.9
35054,01/09/26 14:36,S014,Planta_2,100.57,2.55
35055,01/09/26 14:36,S015,Planta_2,91.44,1.54
35064,01/09/26 14:36,S024,Planta_3,92.85,3.32
35072,01/09/26 14:36,S032,Planta_4,97.03,1.0
35079,01/09/26 14:36,S039,Planta_4,97.44,5.47
35080,01/09/26 14:36,S040,Planta_4,85.14,3.4
35096,01/09/26 14:37,S016,Planta_2,85.81,4.71
35116,01/09/26 14:37,S036,Planta_4,89.59,2.72
35121,01/09/26 14:38,S001,Planta_1,100.05,5.19
35129,01/09/26 14:38,S009,Planta_1,89.6,3.0
35146,01/09/26 14:38,S026,Planta_3,102.93,0.72
35158,01/09/26 14:38,S038,Planta_4,91.46,0.51
35208,01/09/26 14:40,S008,Planta_1,86.08,4.14
35232,01/09/26 14:40,S032,Planta_4,90.4,3.6
35234,01/09/26 14:40,S034,Planta_4,90.86,2.54
35289,01/09/26 14:42,S009,Planta_1,94.17,0.54
35309,01/09/26 14:42,S029,Planta_3,99.41,3.58
35328,01/09/26 14:43,S008,Planta_1,90.74,1.78
35329,01/09/26 14:43,S009,Planta_1,88.04,1.17
35347,01/09/26 14:43,S027,Planta_3,97.68,1.64
35351,01/09/26 14:43,S031,Planta_4,93.46,0.73
35353,01/09/26 14:43,S033,Planta_4,94.95,2.1
35390,01/09/26 14:44,S030,Planta_3,91.61,3.54
35424,01/09/26 14:45,S024,Planta_3,102.82,2.16
35427,01/09/26 14:45,S027,Planta_3,85.98,2.27
35440,01/09/26 14:45,S040,Planta_4,103.12,3.1
35475,01/09/26 14:46,S035,Planta_4,102.49,1.87
35484,01/09/26 14:47,S004,Planta_1,94.07,2.63
35486,01/09/26 14:47,S006,Planta_1,100.73,3.2
35512,01/09/26 14:47,S032,Planta_4,91.69,5.35
35526,01/09/26 14:48,S006,Planta_1,92.69,1.25
35529,01/09/26 14:48,S009,Planta_1,104.8,4.86
35560,01/09/26 14:48,S040,Planta_4,97.45,3.94
35573,01/09/26 14:49,S013,Planta_2,90.93,1.72
35586,01/09/26 14:49,S026,Planta_3,104.78,2.05
35587,01/09/26 14:49,S027,Planta_3,88.15,1.25
35601,01/09/26 14:50,S001,Planta_1,88.07,4.61
35610,01/09/26 14:50,S010,Planta_1,85.68,4.12
35621,01/09/26 14:50,S021,Planta_3,98.86,3.23
35632,01/09/26 14:50,S032,Planta_4,104.88,1.24
35652,01/09/26 14:51,S012,Planta_2,87.41,3.22
35667,01/09/26 14:51,S027,Planta_3,87.46,0.83
35686,01/09/26 14:52,S006,Planta_1,103.3,0.77
35705,01/09/26 14:52,S025,Planta_3,88.24,1.92
35717,01/09/26 14:52,S037,Planta_4,93.59,0.79
35720,01/09/26 14:52,S040,Planta_4,90.79,4.13
35727,01/09/26 14:53,S007,Planta_1,91.75,3.1
35755,01/09/26 14:53,S035,Planta_4,104.1,4.69
35786,01/09/26 14:54,S026,Planta_3,97.91,0.69
35791,01/09/26 14:54,S031,Planta_4,91.32,1.55
35797,01/09/26 14:54,S037,Planta_4,104.61,2.53
35805,01/09/26 14:55,S005,Planta_1,89.77,3.04
35812,01/09/26 14:55,S012,Planta_2,93.58,2.73
35823,01/09/26 14:55,S023,Planta_3,94.84,1.24
35826,01/09/26 14:55,S026,Planta_3,86.23,4.49
35838,01/09/26 14:55,S038,Planta_4,91.41,4.94
35841,01/09/26 14:56,S001,Planta_1,94.55,5.34
35849,01/09/26 14:56,S009,Planta_1,88.13,5.24
35876,01/09/26 14:56,S036,Planta_4,99.26,5.28
35878,01/09/26 14:56,S038,Planta_4,86.93,1.07
35926,01/09/26 14:58,S006,Planta_1,101.78,3.53
35942,01/09/26 14:58,S022,Planta_3,94.87,1.65
35947,01/09/26 14:58,S027,Planta_3,92.14,3.84
35951,01/09/26 14:58,S031,Planta_4,86.55,3.18
35966,01/09/26 14:59,S006,Planta_1,104.82,2.62
35971,01/09/26 14:59,S011,Planta_2,98.39,4.18
35982,01/09/26 14:59,S022,Planta_3,101.75,4.74
36003,01/09/26 15:00,S003,Planta_1,88.86,1.99
36006,01/09/26 15:00,S006,Planta_1,88.54,1.0
36009,01/09/26 15:00,S009,Planta_1,101.74,3.08
36025,01/09/26 15:00,S025,Planta_3,103.43,2.81
36033,01/09/26 15:00,S033,Planta_4,101.74,3.43
36045,01/09/26 15:01,S005,Planta_1,99.25,2.87
36049,01/09/26 15:01,S009,Planta_1,89.01,2.86
36061,01/09/26 15:01,S021,Planta_3,104.24,0.51
36068,01/09/26 15:01,S028,Planta_3,96.69,4.63
36070,01/09/26 15:01,S030,Planta_3,88.85,4.59
36111,01/09/26 15:02,S031,Planta_4,99.55,0.89
36145,01/09/26 15:03,S025,Planta_3,88.24,4.44
36170,01/09/26 15:04,S010,Planta_1,92.72,2.13
36187,01/09/26 15:04,S027,Planta_3,89.57,4.09
36196,01/09/26 15:04,S036,Planta_4,88.76,2.64
36220,01/09/26 15:05,S020,Planta_2,99.99,2.62
36221,01/09/26 15:05,S021,Planta_3,94.41,1.43
36272,01/09/26 15:06,S032,Planta_4,95.98,1.76
36277,01/09/26 15:06,S037,Planta_4,104.33,0.78
36280,01/09/26 15:06,S040,Planta_4,102.44,0.8
36293,01/09/26 15:07,S013,Planta_2,99.04,1.68
36320,01/09/26 15:07,S040,Planta_4,91.18,0.63
36323,01/09/26 15:08,S003,Planta_1,89.47,4.71
36346,01/09/26 15:08,S026,Planta_3,90.26,2.57
36352,01/09/26 15:08,S032,Planta_4,91.61,5.39
36364,01/09/26 15:09,S004,Planta_1,103.94,3.32
36381,01/09/26 15:09,S021,Planta_3,88.3,3.92
36390,01/09/26 15:09,S030,Planta_3,92.21,0.57
36396,01/09/26 15:09,S036,Planta_4,99.4,1.52
36416,01/09/26 15:10,S016,Planta_2,92.77,3.79
36425,01/09/26 15:10,S025,Planta_3,87.44,3.98
36430,01/09/26 15:10,S030,Planta_3,93.14,4.9
36432,01/09/26 15:10,S032,Planta_4,94.77,1.94
36461,01/09/26 15:11,S021,Planta_3,99.34,0.98
36495,01/09/26 15:12,S015,Planta_2,92.38,2.05
36501,01/09/26 15:12,S021,Planta_3,90.63,2.89
36530,01/09/26 15:13,S010,Planta_1,89.24,0.77
36545,01/09/26 15:13,S025,Planta_3,90.72,3.23
36586,01/09/26 15:14,S026,Planta_3,100.52,0.62
36638,01/09/26 15:15,S038,Planta_4,86.07,3.12
36641,01/09/26 15:16,S001,Planta_1,92.82,4.43
36671,01/09/26 15:16,S031,Planta_4,97.12,1.1
36684,01/09/26 15:17,S004,Planta_1,98.65,5.38
36695,01/09/26 15:17,S015,Planta_2,96.37,4.92
36717,01/09/26 15:17,S037,Planta_4,93.08,3.67
36767,01/09/26 15:19,S007,Planta_1,96.71,3.47
36772,01/09/26 15:19,S012,Planta_2,101.43,4.3
36775,01/09/26 15:19,S015,Planta_2,102.2,2.12
36781,01/09/26 15:19,S021,Planta_3,97.99,1.64
36809,01/09/26 15:20,S009,Planta_1,100.25,2.09
36812,01/09/26 15:20,S012,Planta_2,103.92,1.87
36840,01/09/26 15:20,S040,Planta_4,88.32,2.64
36841,01/09/26 15:21,S001,Planta_1,98.31,2.69
36864,01/09/26 15:21,S024,Planta_3,98.15,3.62
36932,01/09/26 15:23,S012,Planta_2,99.79,1.12
36980,01/09/26 15:24,S020,Planta_2,94.78,3.23
36999,01/09/26 15:24,S039,Planta_4,94.7,1.83
37004,01/09/26 15:25,S004,Planta_1,90.1,3.9
37026,01/09/26 15:25,S026,Planta_3,87.9,0.87
37030,01/09/26 15:25,S030,Planta_3,95.1,1.11
37040,01/09/26 15:25,S040,Planta_4,90.62,3.05
37051,01/09/26 15:26,S011,Planta_2,100.4,0.77
37104,01/09/26 15:27,S024,Planta_3,93.67,2.48
37105,01/09/26 15:27,S025,Planta_3,103.29,5.45
37114,01/09/26 15:27,S034,Planta_4,101.61,2.79
37122,01/09/26 15:28,S002,Planta_1,102.91,4.79
37141,01/09/26 15:28,S021,Planta_3,99.76,2.82
37146,01/09/26 15:28,S026,Planta_3,92.92,1.87
37208,01/09/26 15:30,S008,Planta_1,94.28,4.27
37209,01/09/26 15:30,S009,Planta_1,89.69,3.56
37210,01/09/26 15:30,S010,Planta_1,104.3,2.19
37277,01/09/26 15:31,S037,Planta_4,85.17,5.43
37285,01/09/26 15:32,S005,Planta_1,104.71,4.11
37287,01/09/26 15:32,S007,Planta_1,92.23,3.73
37319,01/09/26 15:32,S039,Planta_4,88.05,3.21
37332,01/09/26 15:33,S012,Planta_2,94.78,1.12
37344,01/09/26 15:33,S024,Planta_3,102.9,2.71
37381,01/09/26 15:34,S021,Planta_3,104.3,5.33
37387,01/09/26 15:34,S027,Planta_3,103.29,3.9
37390,01/09/26 15:34,S030,Planta_3,101.95,0.62
37391,01/09/26 15:34,S031,Planta_4,99.01,1.66
37412,01/09/26 15:35,S012,Planta_2,94.88,4.77
37419,01/09/26 15:35,S019,Planta_2,90.47,2.18
37420,01/09/26 15:35,S020,Planta_2,104.09,1.97
37440,01/09/26 15:35,S040,Planta_4,91.22,0.62
37452,01/09/26 15:36,S012,Planta_2,85.72,2.43
37454,01/09/26 15:36,S014,Planta_2,90.96,3.72
37455,01/09/26 15:36,S015,Planta_2,91.23,1.84
37461,01/09/26 15:36,S021,Planta_3,94.58,3.37
37477,01/09/26 15:36,S037,Planta_4,86.15,5.27
37481,01/09/26 15:37,S001,Planta_1,91.42,3.67
37491,01/09/26 15:37,S011,Planta_2,101.24,2.21
37522,01/09/26 15:38,S002,Planta_1,102.05,1.78
37581,01/09/26 15:39,S021,Planta_3,92.81,4.59
37627,01/09/26 15:40,S027,Planta_3,100.59,5.31
37638,01/09/26 15:40,S038,Planta_4,103.46,0.8
37651,01/09/26 15:41,S011,Planta_2,93.66,0.53
37673,01/09/26 15:41,S033,Planta_4,95.24,3.76
37697,01/09/26 15:42,S017,Planta_2,92.87,4.63
37702,01/09/26 15:42,S022,Planta_3,95.56,1.11
37708,01/09/26 15:42,S028,Planta_3,102.07,4.14
37721,01/09/26 15:43,S001,Planta_1,102.37,1.07
37722,01/09/26 15:43,S002,Planta_1,100.1,1.14
37724,01/09/26 15:43,S004,Planta_1,92.02,1.49
37758,01/09/26 15:43,S038,Planta_4,97.03,5.02
37775,01/09/26 15:44,S015,Planta_2,89.63,2.27
37796,01/09/26 15:44,S036,Planta_4,90.48,3.79
37799,01/09/26 15:44,S039,Planta_4,103.31,0.66
37856,01/09/26 15:46,S016,Planta_2,103.3,5.1
37861,01/09/26 15:46,S021,Planta_3,87.57,2.8
37870,01/09/26 15:46,S030,Planta_3,104.43,3.59
37879,01/09/26 15:46,S039,Planta_4,104.46,1.85
37898,01/09/26 15:47,S018,Planta_2,93.96,4.93
37903,01/09/26 15:47,S023,Planta_3,97.25,4.48
37907,01/09/26 15:47,S027,Planta_3,99.98,4.89
37914,01/09/26 15:47,S034,Planta_4,86.09,4.69
37923,01/09/26 15:48,S003,Planta_1,88.42,2.43
37927,01/09/26 15:48,S007,Planta_1,99.77,2.62
37938,01/09/26 15:48,S018,Planta_2,98.51,2.87
37960,01/09/26 15:48,S040,Planta_4,101.79,4.69
37975,01/09/26 15:49,S015,Planta_2,103.32,2.61
37993,01/09/26 15:49,S033,Planta_4,100.84,1.58
38003,01/09/26 15:50,S003,Planta_1,100.59,1.04
38015,01/09/26 15:50,S015,Planta_2,93.84,3.04
38020,01/09/26 15:50,S020,Planta_2,104.15,4.16
38033,01/09/26 15:50,S033,Planta_4,88.99,0.68
38067,01/09/26 15:51,S027,Planta_3,96.33,2.0
38073,01/09/26 15:51,S033,Planta_4,95.05,4.7
38094,01/09/26 15:52,S014,Planta_2,96.98,1.62
38116,01/09/26 15:52,S036,Planta_4,98.17,3.03
38124,01/09/26 15:53,S004,Planta_1,104.63,5.14
38138,01/09/26 15:53,S018,Planta_2,95.13,4.0
38164,01/09/26 15:54,S004,Planta_1,89.74,1.03
38172,01/09/26 15:54,S012,Planta_2,95.4,1.44
38196,01/09/26 15:54,S036,Planta_4,101.84,5.15
38199,01/09/26 15:54,S039,Planta_4,88.59,4.8
38200,01/09/26 15:54,S040,Planta_4,85.87,2.27
38236,01/09/26 15:55,S036,Planta_4,96.86,1.49
38266,01/09/26 15:56,S026,Planta_3,104.07,2.53
38275,01/09/26 15:56,S035,Planta_4,99.09,1.75
38287,01/09/26 15:57,S007,Planta_1,101.36,1.59
38344,01/09/26 15:58,S024,Planta_3,99.63,2.8
38364,01/09/26 15:59,S004,Planta_1,94.38,4.54
38373,01/09/26 15:59,S013,Planta_2,93.97,1.25
38393,01/09/26 15:59,S033,Planta_4,94.38,2.89
38424,01/09/26 16:00,S024,Planta_3,99.57,2.29
38440,01/09/26 16:00,S040,Planta_4,100.14,2.52
38443,01/09/26 16:01,S003,Planta_1,97.77,1.17
38472,01/09/26 16:01,S032,Planta_4,85.55,3.86
38479,01/09/26 16:01,S039,Planta_4,94.93,2.05
38483,01/09/26 16:02,S003,Planta_1,87.19,1.15
38485,01/09/26 16:02,S005,Planta_1,95.91,2.56
38487,01/09/26 16:02,S007,Planta_1,104.13,3.81
38488,01/09/26 16:02,S008,Planta_1,96.91,5.3
38509,01/09/26 16:02,S029,Planta_3,98.62,1.18
38528,01/09/26 16:03,S008,Planta_1,104.72,4.98
38529,01/09/26 16:03,S009,Planta_1,103.89,2.28
38545,01/09/26 16:03,S025,Planta_3,98.06,1.19
38548,01/09/26 16:03,S028,Planta_3,97.49,5.44
38554,01/09/26 16:03,S034,Planta_4,91.4,5.25
38560,01/09/26 16:03,S040,Planta_4,90.29,2.89
38582,01/09/26 16:04,S022,Planta_3,91.87,1.3
38587,01/09/26 16:04,S027,Planta_3,93.09,3.5
38594,01/09/26 16:04,S034,Planta_4,87.19,4.94
38596,01/09/26 16:04,S036,Planta_4,97.15,2.86
38621,01/09/26 16:05,S021,Planta_3,90.34,3.07
38629,01/09/26 16:05,S029,Planta_3,102.54,2.39
38636,01/09/26 16:05,S036,Planta_4,104.63,2.82
38640,01/09/26 16:05,S040,Planta_4,100.06,0.6
38688,01/09/26 16:07,S008,Planta_1,93.41,5.49
38689,01/09/26 16:07,S009,Planta_1,85.72,3.86
38722,01/09/26 16:08,S002,Planta_1,93.56,5.24
38773,01/09/26 16:09,S013,Planta_2,85.65,3.12
38786,01/09/26 16:09,S026,Planta_3,85.03,3.25
38791,01/09/26 16:09,S031,Planta_4,98.44,2.13
38805,01/09/26 16:10,S005,Planta_1,91.41,1.67
38807,01/09/26 16:10,S007,Planta_1,85.08,3.81
38809,01/09/26 16:10,S009,Planta_1,85.02,4.15
38813,01/09/26 16:10,S013,Planta_2,99.83,5.19
38819,01/09/26 16:10,S019,Planta_2,103.0,2.67
38825,01/09/26 16:10,S025,Planta_3,98.59,2.8
38835,01/09/26 16:10,S035,Planta_4,99.97,3.17
38922,01/09/26 16:13,S002,Planta_1,104.61,2.38
38951,01/09/26 16:13,S031,Planta_4,102.52,2.43
38956,01/09/26 16:13,S036,Planta_4,98.36,3.98
38959,01/09/26 16:13,S039,Planta_4,95.97,1.47
39008,01/09/26 16:15,S008,Planta_1,101.33,4.23
39033,01/09/26 16:15,S033,Planta_4,96.61,3.42
39036,01/09/26 16:15,S036,Planta_4,97.12,2.08
39072,01/09/26 16:16,S032,Planta_4,85.95,1.47
39087,01/09/26 16:17,S007,Planta_1,104.72,0.9
39102,01/09/26 16:17,S022,Planta_3,97.26,1.12
39109,01/09/26 16:17,S029,Planta_3,89.8,4.31
39114,01/09/26 16:17,S034,Planta_4,94.96,4.24
39122,01/09/26 16:18,S002,Planta_1,94.36,0.71
39128,01/09/26 16:18,S008,Planta_1,95.74,3.92
39135,01/09/26 16:18,S015,Planta_2,94.78,4.22
39150,01/09/26 16:18,S030,Planta_3,92.89,4.62
39154,01/09/26 16:18,S034,Planta_4,91.81,1.63
39155,01/09/26 16:18,S035,Planta_4,89.01,2.55
39159,01/09/26 16:18,S039,Planta_4,91.52,0.58
39178,01/09/26 16:19,S018,Planta_2,89.26,2.81
39181,01/09/26 16:19,S021,Planta_3,93.92,3.09
39229,01/09/26 16:20,S029,Planta_3,87.3,4.26
39233,01/09/26 16:20,S033,Planta_4,103.58,5.13
39234,01/09/26 16:20,S034,Planta_4,96.56,3.07
39260,01/09/26 16:21,S020,Planta_2,102.12,5.23
39269,01/09/26 16:21,S029,Planta_3,89.31,3.05
39281,01/09/26 16:22,S001,Planta_1,92.05,1.85
39301,01/09/26 16:22,S021,Planta_3,88.73,2.23
39304,01/09/26 16:22,S024,Planta_3,91.79,2.64
39316,01/09/26 16:22,S036,Planta_4,96.23,4.71
39317,01/09/26 16:22,S037,Planta_4,103.79,2.05
39345,01/09/26 16:23,S025,Planta_3,88.33,2.53
39379,01/09/26 16:24,S019,Planta_2,94.25,0.74
39381,01/09/26 16:24,S021,Planta_3,104.93,0.68
39409,01/09/26 16:25,S009,Planta_1,86.81,3.54
39410,01/09/26 16:25,S010,Planta_1,104.39,4.79
39443,01/09/26 16:26,S003,Planta_1,97.02,4.21
39478,01/09/26 16:26,S038,Planta_4,86.04,1.01
39483,01/09/26 16:27,S003,Planta_1,96.93,2.93
39485,01/09/26 16:27,S005,Planta_1,103.66,1.97
39495,01/09/26 16:27,S015,Planta_2,98.75,0.61
39497,01/09/26 16:27,S017,Planta_2,94.95,4.61
39514,01/09/26 16:27,S034,Planta_4,100.79,2.48
39524,01/09/26 16:28,S004,Planta_1,98.25,3.23
39526,01/09/26 16:28,S006,Planta_1,89.08,4.48
39528,01/09/26 16:28,S008,Planta_1,93.7,1.86
39566,01/09/26 16:29,S006,Planta_1,99.82,3.25
39570,01/09/26 16:29,S010,Planta_1,97.59,4.21
39577,01/09/26 16:29,S017,Planta_2,96.14,2.99
39584,01/09/26 16:29,S024,Planta_3,90.89,4.6
39585,01/09/26 16:29,S025,Planta_3,103.51,5.35
39586,01/09/26 16:29,S026,Planta_3,86.31,5.19
39594,01/09/26 16:29,S034,Planta_4,87.15,0.94
39632,01/09/26 16:30,S032,Planta_4,85.06,1.55
39634,01/09/26 16:30,S034,Planta_4,85.09,2.52
39639,01/09/26 16:30,S039,Planta_4,86.43,4.15
39644,01/09/26 16:31,S004,Planta_1,89.06,4.79
39657,01/09/26 16:31,S017,Planta_2,104.94,4.71
39687,01/09/26 16:32,S007,Planta_1,90.71,5.45
39702,01/09/26 16:32,S022,Planta_3,94.31,0.72
39719,01/09/26 16:32,S039,Planta_4,90.19,2.28
39724,01/09/26 16:33,S004,Planta_1,99.62,3.17
39735,01/09/26 16:33,S015,Planta_2,97.41,3.22
39747,01/09/26 16:33,S027,Planta_3,97.85,4.69
39758,01/09/26 16:33,S038,Planta_4,88.74,4.34
39772,01/09/26 16:34,S012,Planta_2,102.54,3.99
39786,01/09/26 16:34,S026,Planta_3,96.63,2.66
39787,01/09/26 16:34,S027,Planta_3,94.91,2.38
39800,01/09/26 16:34,S040,Planta_4,91.4,4.09
39804,01/09/26 16:35,S004,Planta_1,90.32,1.72
39852,01/09/26 16:36,S012,Planta_2,85.55,1.11
39860,01/09/26 16:36,S020,Planta_2,87.85,3.42
39866,01/09/26 16:36,S026,Planta_3,95.34,2.99
39867,01/09/26 16:36,S027,Planta_3,99.84,3.95
39888,01/09/26 16:37,S008,Planta_1,91.68,2.66
39890,01/09/26 16:37,S010,Planta_1,96.86,4.04
39906,01/09/26 16:37,S026,Planta_3,96.0,1.47
39918,01/09/26 16:37,S038,Planta_4,99.53,2.42
39935,01/09/26 16:38,S015,Planta_2,99.38,3.62
39946,01/09/26 16:38,S026,Planta_3,95.98,4.68
39948,01/09/26 16:38,S028,Planta_3,100.46,3.64
39976,01/09/26 16:39,S016,Planta_2,99.29,4.17
39989,01/09/26 16:39,S029,Planta_3,90.01,1.84
40005,01/09/26 16:40,S005,Planta_1,92.03,2.77
40018,01/09/26 16:40,S018,Planta_2,93.81,3.18
40031,01/09/26 16:40,S031,Planta_4,102.5,2.95
40042,01/09/26 16:41,S002,Planta_1,95.02,1.59
40064,01/09/26 16:41,S024,Planta_3,96.33,4.99
40080,01/09/26 16:41,S040,Planta_4,95.72,3.31
40095,01/09/26 16:42,S015,Planta_2,87.5,1.71
40100,01/09/26 16:42,S020,Planta_2,99.2,3.8
40107,01/09/26 16:42,S027,Planta_3,94.04,0.61
40159,01/09/26 16:43,S039,Planta_4,94.28,5.28
40167,01/09/26 16:44,S007,Planta_1,87.88,4.92
40198,01/09/26 16:44,S038,Planta_4,96.6,2.73
40216,01/09/26 16:45,S016,Planta_2,90.17,4.88
40255,01/09/26 16:46,S015,Planta_2,87.95,4.97
40273,01/09/26 16:46,S033,Planta_4,100.8,3.4
40290,01/09/26 16:47,S010,Planta_1,99.46,3.98
40310,01/09/26 16:47,S030,Planta_3,95.8,3.85
40321,01/09/26 16:48,S001,Planta_1,104.91,5.35
40322,01/09/26 16:48,S002,Planta_1,97.91,2.23
40335,01/09/26 16:48,S015,Planta_2,97.31,1.98
40340,01/09/26 16:48,S020,Planta_2,102.43,4.69
40353,01/09/26 16:48,S033,Planta_4,103.79,1.11
40358,01/09/26 16:48,S038,Planta_4,97.3,3.37
40365,01/09/26 16:49,S005,Planta_1,91.49,2.86
40366,01/09/26 16:49,S006,Planta_1,88.93,4.0
40380,01/09/26 16:49,S020,Planta_2,103.46,3.9
40383,01/09/26 16:49,S023,Planta_3,100.11,2.23
40394,01/09/26 16:49,S034,Planta_4,93.47,5.13
40430,01/09/26 16:50,S030,Planta_3,85.43,2.49
40441,01/09/26 16:51,S001,Planta_1,91.91,3.68
40442,01/09/26 16:51,S002,Planta_1,100.26,1.65
40449,01/09/26 16:51,S009,Planta_1,101.09,3.09
40451,01/09/26 16:51,S011,Planta_2,99.09,4.21
40458,01/09/26 16:51,S018,Planta_2,101.93,3.28
40466,01/09/26 16:51,S026,Planta_3,88.19,1.96
40498,01/09/26 16:52,S018,Planta_2,100.03,1.11
40507,01/09/26 16:52,S027,Planta_3,95.39,2.38
40519,01/09/26 16:52,S039,Planta_4,91.24,2.91
40534,01/09/26 16:53,S014,Planta_2,98.52,2.8
40545,01/09/26 16:53,S025,Planta_3,104.32,2.19
40552,01/09/26 16:53,S032,Planta_4,93.16,1.43
40558,01/09/26 16:53,S038,Planta_4,87.75,4.81
40590,01/09/26 16:54,S030,Planta_3,97.96,2.94
40599,01/09/26 16:54,S039,Planta_4,91.91,4.55
40609,01/09/26 16:55,S009,Planta_1,95.82,4.44
40611,01/09/26 16:55,S011,Planta_2,104.97,1.72
40625,01/09/26 16:55,S025,Planta_3,99.74,2.76
40629,01/09/26 16:55,S029,Planta_3,91.98,4.62
40640,01/09/26 16:55,S040,Planta_4,102.67,1.83
40644,01/09/26 16:56,S004,Planta_1,88.77,0.63
40664,01/09/26 16:56,S024,Planta_3,95.23,2.72
40680,01/09/26 16:56,S040,Planta_4,98.16,3.76
40722,01/09/26 16:58,S002,Planta_1,88.46,0.58
40779,01/09/26 16:59,S019,Planta_2,100.1,3.43
40785,01/09/26 16:59,S025,Planta_3,85.29,2.23
40807,01/09/26 17:00,S007,Planta_1,104.37,2.19
40843,01/09/26 17:01,S003,Planta_1,86.87,3.72
40844,01/09/26 17:01,S004,Planta_1,94.54,1.45
40865,01/09/26 17:01,S025,Planta_3,96.75,2.14
40882,01/09/26 17:02,S002,Planta_1,103.34,1.5
40910,01/09/26 17:02,S030,Planta_3,97.72,3.03
40940,01/09/26 17:03,S020,Planta_2,98.78,5.01
40962,01/09/26 17:04,S002,Planta_1,97.42,1.96
40963,01/09/26 17:04,S003,Planta_1,98.53,0.57
40971,01/09/26 17:04,S011,Planta_2,85.56,4.47
40976,01/09/26 17:04,S016,Planta_2,95.76,2.3
40980,01/09/26 17:04,S020,Planta_2,87.99,2.76
40993,01/09/26 17:04,S033,Planta_4,89.21,2.67
41002,01/09/26 17:05,S002,Planta_1,101.94,1.93
41003,01/09/26 17:05,S003,Planta_1,86.17,4.43
41010,01/09/26 17:05,S010,Planta_1,96.03,0.9
41029,01/09/26 17:05,S029,Planta_3,103.97,3.15
41082,01/09/26 17:07,S002,Planta_1,96.94,4.36
41083,01/09/26 17:07,S003,Planta_1,99.85,3.01
41096,01/09/26 17:07,S016,Planta_2,100.68,3.32
41097,01/09/26 17:07,S017,Planta_2,91.75,4.78
41134,01/09/26 17:08,S014,Planta_2,97.14,1.58
41141,01/09/26 17:08,S021,Planta_3,92.82,4.82
41147,01/09/26 17:08,S027,Planta_3,85.53,3.94
41148,01/09/26 17:08,S028,Planta_3,88.13,4.28
41150,01/09/26 17:08,S030,Planta_3,104.58,4.88
41195,01/09/26 17:09,S035,Planta_4,97.02,5.37
41228,01/09/26 17:10,S028,Planta_3,85.53,0.87
41229,01/09/26 17:10,S029,Planta_3,98.7,3.5
41234,01/09/26 17:10,S034,Planta_4,93.4,1.65
41244,01/09/26 17:11,S004,Planta_1,87.89,1.21
41275,01/09/26 17:11,S035,Planta_4,90.41,3.83
41280,01/09/26 17:11,S040,Planta_4,100.35,3.23
41298,01/09/26 17:12,S018,Planta_2,103.11,1.91
41301,01/09/26 17:12,S021,Planta_3,87.33,1.65
41306,01/09/26 17:12,S026,Planta_3,92.05,0.52
41336,01/09/26 17:13,S016,Planta_2,102.21,3.79
41354,01/09/26 17:13,S034,Planta_4,99.27,2.43
41362,01/09/26 17:14,S002,Planta_1,97.14,2.45
41378,01/09/26 17:14,S018,Planta_2,96.03,1.14
41381,01/09/26 17:14,S021,Planta_3,88.36,2.71
41418,01/09/26 17:15,S018,Planta_2,98.22,2.33
41419,01/09/26 17:15,S019,Planta_2,89.45,0.91
41427,01/09/26 17:15,S027,Planta_3,90.34,4.46
41445,01/09/26 17:16,S005,Planta_1,88.27,2.91
41452,01/09/26 17:16,S012,Planta_2,91.04,1.61
41470,01/09/26 17:16,S030,Planta_3,86.06,4.78
41496,01/09/26 17:17,S016,Planta_2,98.27,4.8
41505,01/09/26 17:17,S025,Planta_3,100.05,4.15
41517,01/09/26 17:17,S037,Planta_4,100.44,5.29
41529,01/09/26 17:18,S009,Planta_1,93.52,3.45
41536,01/09/26 17:18,S016,Planta_2,91.28,3.34
41539,01/09/26 17:18,S019,Planta_2,86.16,3.57
41576,01/09/26 17:19,S016,Planta_2,99.12,4.63
41577,01/09/26 17:19,S017,Planta_2,100.34,3.56
41593,01/09/26 17:19,S033,Planta_4,97.53,1.34
41594,01/09/26 17:19,S034,Planta_4,86.97,3.54
41595,01/09/26 17:19,S035,Planta_4,87.36,5.2
41605,01/09/26 17:20,S005,Planta_1,87.75,3.49
41617,01/09/26 17:20,S017,Planta_2,89.36,3.54
41630,01/09/26 17:20,S030,Planta_3,101.41,0.84
41653,01/09/26 17:21,S013,Planta_2,93.52,1.4
41656,01/09/26 17:21,S016,Planta_2,94.17,3.23
41658,01/09/26 17:21,S018,Planta_2,101.95,1.32
41684,01/09/26 17:22,S004,Planta_1,93.07,4.0
41689,01/09/26 17:22,S009,Planta_1,99.27,2.82
41691,01/09/26 17:22,S011,Planta_2,101.68,3.64
41694,01/09/26 17:22,S014,Planta_2,90.63,1.36
41697,01/09/26 17:22,S017,Planta_2,85.52,5.36
41710,01/09/26 17:22,S030,Planta_3,85.8,4.39
41715,01/09/26 17:22,S035,Planta_4,92.36,3.58
41721,01/09/26 17:23,S001,Planta_1,102.06,3.66
41733,01/09/26 17:23,S013,Planta_2,85.72,5.02
41738,01/09/26 17:23,S018,Planta_2,95.74,3.5
41744,01/09/26 17:23,S024,Planta_3,89.3,3.73
41745,01/09/26 17:23,S025,Planta_3,99.66,1.63
41762,01/09/26 17:24,S002,Planta_1,88.5,2.83
41793,01/09/26 17:24,S033,Planta_4,93.31,2.05
41819,01/09/26 17:25,S019,Planta_2,87.97,1.8
41826,01/09/26 17:25,S026,Planta_3,103.37,3.32
41846,01/09/26 17:26,S006,Planta_1,88.28,2.46
41851,01/09/26 17:26,S011,Planta_2,86.8,4.83
41874,01/09/26 17:26,S034,Planta_4,87.42,5.1
41878,01/09/26 17:26,S038,Planta_4,98.93,5.17
41893,01/09/26 17:27,S013,Planta_2,103.92,2.55
41905,01/09/26 17:27,S025,Planta_3,104.22,2.15
41910,01/09/26 17:27,S030,Planta_3,96.64,1.93
41915,01/09/26 17:27,S035,Planta_4,98.64,2.07
41938,01/09/26 17:28,S018,Planta_2,100.04,4.74
41943,01/09/26 17:28,S023,Planta_3,91.71,4.58
41950,01/09/26 17:28,S030,Planta_3,92.21,4.5
41953,01/09/26 17:28,S033,Planta_4,92.3,4.09
41957,01/09/26 17:28,S037,Planta_4,93.3,5.02
41959,01/09/26 17:28,S039,Planta_4,97.84,2.75
41961,01/09/26 17:29,S001,Planta_1,94.41,3.96
41971,01/09/26 17:29,S011,Planta_2,97.37,2.83
42014,01/09/26 17:30,S014,Planta_2,85.23,2.8
42022,01/09/26 17:30,S022,Planta_3,102.27,3.1
42034,01/09/26 17:30,S034,Planta_4,103.73,4.63
42039,01/09/26 17:30,S039,Planta_4,94.98,4.68
42045,01/09/26 17:31,S005,Planta_1,89.77,5.37
42055,01/09/26 17:31,S015,Planta_2,95.73,1.65
42059,01/09/26 17:31,S019,Planta_2,93.29,3.7
42067,01/09/26 17:31,S027,Planta_3,97.11,3.84
42085,01/09/26 17:32,S005,Planta_1,91.3,3.08
42118,01/09/26 17:32,S038,Planta_4,95.02,3.32
42120,01/09/26 17:32,S040,Planta_4,91.62,3.25
42146,01/09/26 17:33,S026,Planta_3,87.52,2.97
42148,01/09/26 17:33,S028,Planta_3,98.43,2.68
42168,01/09/26 17:34,S008,Planta_1,104.37,3.98
42187,01/09/26 17:34,S027,Planta_3,102.9,2.79
42194,01/09/26 17:34,S034,Planta_4,90.31,4.95
42205,01/09/26 17:35,S005,Planta_1,90.96,3.66
42219,01/09/26 17:35,S019,Planta_2,85.13,3.38
42231,01/09/26 17:35,S031,Planta_4,92.27,4.22
42237,01/09/26 17:35,S037,Planta_4,85.63,3.11
42261,01/09/26 17:36,S021,Planta_3,85.09,5.14
42262,01/09/26 17:36,S022,Planta_3,86.34,1.12
42263,01/09/26 17:36,S023,Planta_3,101.8,1.07
42276,01/09/26 17:36,S036,Planta_4,94.91,0.53
42285,01/09/26 17:37,S005,Planta_1,87.58,3.69
42298,01/09/26 17:37,S018,Planta_2,92.23,0.73
42300,01/09/26 17:37,S020,Planta_2,91.4,4.3
42306,01/09/26 17:37,S026,Planta_3,92.9,1.52
42314,01/09/26 17:37,S034,Planta_4,101.69,1.2
42345,01/09/26 17:38,S025,Planta_3,101.0,2.37
42374,01/09/26 17:39,S014,Planta_2,94.11,3.76
42414,01/09/26 17:40,S014,Planta_2,86.34,3.15
42422,01/09/26 17:40,S022,Planta_3,99.1,0.86
42440,01/09/26 17:40,S040,Planta_4,103.76,0.55
42445,01/09/26 17:41,S005,Planta_1,91.52,2.19
42457,01/09/26 17:41,S017,Planta_2,102.38,2.69
42483,01/09/26 17:42,S003,Planta_1,99.95,2.34
42490,01/09/26 17:42,S010,Planta_1,87.1,4.65
42526,01/09/26 17:43,S006,Planta_1,95.07,1.53
42531,01/09/26 17:43,S011,Planta_2,92.38,4.71
42583,01/09/26 17:44,S023,Planta_3,89.98,3.89
42591,01/09/26 17:44,S031,Planta_4,91.17,2.03
42596,01/09/26 17:44,S036,Planta_4,88.46,5.25
42633,01/09/26 17:45,S033,Planta_4,103.7,2.09
42638,01/09/26 17:45,S038,Planta_4,102.98,3.2
42659,01/09/26 17:46,S019,Planta_2,94.41,5.01
42665,01/09/26 17:46,S025,Planta_3,93.53,4.97
42677,01/09/26 17:46,S037,Planta_4,94.44,3.72
42702,01/09/26 17:47,S022,Planta_3,99.5,0.86
42704,01/09/26 17:47,S024,Planta_3,85.91,1.71
42725,01/09/26 17:48,S005,Planta_1,90.21,3.39
42749,01/09/26 17:48,S029,Planta_3,92.09,3.41
42760,01/09/26 17:48,S040,Planta_4,94.95,0.98
42766,01/09/26 17:49,S006,Planta_1,89.85,1.39
42794,01/09/26 17:49,S034,Planta_4,89.42,0.7
42834,01/09/26 17:50,S034,Planta_4,103.78,5.16
42858,01/09/26 17:51,S018,Planta_2,99.31,1.09
42869,01/09/26 17:51,S029,Planta_3,89.42,3.18
42870,01/09/26 17:51,S030,Planta_3,94.24,0.77
42879,01/09/26 17:51,S039,Planta_4,103.15,2.73
42884,01/09/26 17:52,S004,Planta_1,104.86,5.24
42909,01/09/26 17:52,S029,Planta_3,97.05,2.64
42914,01/09/26 17:52,S034,Planta_4,88.35,3.79
42920,01/09/26 17:52,S040,Planta_4,101.56,4.5
42923,01/09/26 17:53,S003,Planta_1,100.65,5.01
42948,01/09/26 17:53,S028,Planta_3,95.92,1.28
42953,01/09/26 17:53,S033,Planta_4,101.82,4.01
42972,01/09/26 17:54,S012,Planta_2,104.26,1.79
42975,01/09/26 17:54,S015,Planta_2,99.16,1.54
42979,01/09/26 17:54,S019,Planta_2,97.74,4.93
42984,01/09/26 17:54,S024,Planta_3,91.46,2.61
43015,01/09/26 17:55,S015,Planta_2,103.21,3.33
43029,01/09/26 17:55,S029,Planta_3,99.72,5.12
43054,01/09/26 17:56,S014,Planta_2,89.7,3.75
43064,01/09/26 17:56,S024,Planta_3,101.75,2.09
43066,01/09/26 17:56,S026,Planta_3,89.71,3.75
43070,01/09/26 17:56,S030,Planta_3,88.62,3.92
43085,01/09/26 17:57,S005,Planta_1,96.42,4.5
43116,01/09/26 17:57,S036,Planta_4,99.47,3.02
43118,01/09/26 17:57,S038,Planta_4,85.82,5.27
43138,01/09/26 17:58,S018,Planta_2,103.56,1.55
43141,01/09/26 17:58,S021,Planta_3,97.09,5.38
43164,01/09/26 17:59,S004,Planta_1,104.35,4.81
43174,01/09/26 17:59,S014,Planta_2,96.17,4.92
43189,01/09/26 17:59,S029,Planta_3,94.68,4.45
43194,01/09/26 17:59,S034,Planta_4,94.62,0.81
43205,01/09/26 18:00,S005,Planta_1,87.89,3.27
43206,01/09/26 18:00,S006,Planta_1,92.23,5.48
43209,01/09/26 18:00,S009,Planta_1,99.58,0.79
43229,01/09/26 18:00,S029,Planta_3,99.44,2.69
43235,01/09/26 18:00,S035,Planta_4,90.15,1.08
43281,01/09/26 18:02,S001,Planta_1,85.13,3.92
43295,01/09/26 18:02,S015,Planta_2,92.92,4.56
43301,01/09/26 18:02,S021,Planta_3,101.95,5.38
43313,01/09/26 18:02,S033,Planta_4,92.38,1.28
43324,01/09/26 18:03,S004,Planta_1,87.71,0.93
43328,01/09/26 18:03,S008,Planta_1,90.84,4.83
43348,01/09/26 18:03,S028,Planta_3,100.01,3.38
43350,01/09/26 18:03,S030,Planta_3,92.83,1.94
43356,01/09/26 18:03,S036,Planta_4,97.57,2.07
43362,01/09/26 18:04,S002,Planta_1,100.95,1.42
43400,01/09/26 18:04,S040,Planta_4,101.56,4.35
43406,01/09/26 18:05,S006,Planta_1,87.86,1.73
43428,01/09/26 18:05,S028,Planta_3,100.85,0.73
43453,01/09/26 18:06,S013,Planta_2,89.45,1.2
43472,01/09/26 18:06,S032,Planta_4,89.0,0.7
43507,01/09/26 18:07,S027,Planta_3,100.42,1.66
43553,01/09/26 18:08,S033,Planta_4,103.91,5.47
43589,01/09/26 18:09,S029,Planta_3,98.81,3.2
43633,01/09/26 18:10,S033,Planta_4,93.79,2.45
43644,01/09/26 18:11,S004,Planta_1,99.27,2.13
43662,01/09/26 18:11,S022,Planta_3,89.85,3.77
43674,01/09/26 18:11,S034,Planta_4,97.72,2.05
43692,01/09/26 18:12,S012,Planta_2,85.45,4.56
43701,01/09/26 18:12,S021,Planta_3,94.77,1.57
43703,01/09/26 18:12,S023,Planta_3,86.66,2.84
43748,01/09/26 18:13,S028,Planta_3,93.46,1.03
43761,01/09/26 18:14,S001,Planta_1,100.15,0.83
43771,01/09/26 18:14,S011,Planta_2,89.77,5.24
43779,01/09/26 18:14,S019,Planta_2,92.78,2.3
43780,01/09/26 18:14,S020,Planta_2,101.89,1.74
43835,01/09/26 18:15,S035,Planta_4,96.12,2.84
43884,01/09/26 18:17,S004,Planta_1,88.15,3.39
43893,01/09/26 18:17,S013,Planta_2,91.35,5.16
43908,01/09/26 18:17,S028,Planta_3,100.8,1.59
43936,01/09/26 18:18,S016,Planta_2,99.51,0.65
43943,01/09/26 18:18,S023,Planta_3,99.0,3.66
43946,01/09/26 18:18,S026,Planta_3,101.68,3.57
43968,01/09/26 18:19,S008,Planta_1,92.37,4.32
43984,01/09/26 18:19,S024,Planta_3,86.28,2.48
43994,01/09/26 18:19,S034,Planta_4,85.87,5.13
44011,01/09/26 18:20,S011,Planta_2,91.3,2.53
44021,01/09/26 18:20,S021,Planta_3,97.61,2.66
44027,01/09/26 18:20,S027,Planta_3,90.52,3.72
44028,01/09/26 18:20,S028,Planta_3,89.1,1.36
44034,01/09/26 18:20,S034,Planta_4,90.43,1.92
44039,01/09/26 18:20,S039,Planta_4,89.64,2.98
44060,01/09/26 18:21,S020,Planta_2,91.65,2.74
44063,01/09/26 18:21,S023,Planta_3,92.38,4.14
44065,01/09/26 18:21,S025,Planta_3,95.01,2.16
44094,01/09/26 18:22,S014,Planta_2,103.82,2.38
44095,01/09/26 18:22,S015,Planta_2,99.81,4.69
44104,01/09/26 18:22,S024,Planta_3,95.5,1.36
44113,01/09/26 18:22,S033,Planta_4,98.03,1.94
44115,01/09/26 18:22,S035,Planta_4,89.6,5.21
44141,01/09/26 18:23,S021,Planta_3,98.61,1.58
44142,01/09/26 18:23,S022,Planta_3,91.52,2.09
44200,01/09/26 18:24,S040,Planta_4,93.79,1.73
44231,01/09/26 18:25,S031,Planta_4,92.25,2.65
44239,01/09/26 18:25,S039,Planta_4,92.88,2.87
44281,01/09/26 18:27,S001,Planta_1,87.5,5.49
44287,01/09/26 18:27,S007,Planta_1,94.67,3.71
44301,01/09/26 18:27,S021,Planta_3,96.01,3.34
44302,01/09/26 18:27,S022,Planta_3,85.85,1.86
44311,01/09/26 18:27,S031,Planta_4,98.91,2.53
44322,01/09/26 18:28,S002,Planta_1,103.27,1.42
44323,01/09/26 18:28,S003,Planta_1,85.91,3.29
44334,01/09/26 18:28,S014,Planta_2,88.76,2.78
44354,01/09/26 18:28,S034,Planta_4,88.87,4.47
44357,01/09/26 18:28,S037,Planta_4,88.53,3.73
44375,01/09/26 18:29,S015,Planta_2,103.59,1.02
44384,01/09/26 18:29,S024,Planta_3,93.6,2.74
44406,01/09/26 18:30,S006,Planta_1,99.66,2.08
44412,01/09/26 18:30,S012,Planta_2,95.4,5.34
44421,01/09/26 18:30,S021,Planta_3,97.0,3.84
44422,01/09/26 18:30,S022,Planta_3,99.8,3.78
44427,01/09/26 18:30,S027,Planta_3,91.99,3.43
44431,01/09/26 18:30,S031,Planta_4,92.58,3.68
44437,01/09/26 18:30,S037,Planta_4,101.12,3.07
44458,01/09/26 18:31,S018,Planta_2,92.93,0.75
44533,01/09/26 18:33,S013,Planta_2,90.18,4.66
44539,01/09/26 18:33,S019,Planta_2,102.73,0.73
44542,01/09/26 18:33,S022,Planta_3,98.22,3.22
44545,01/09/26 18:33,S025,Planta_3,100.26,1.99
44565,01/09/26 18:34,S005,Planta_1,93.44,4.7
44569,01/09/26 18:34,S009,Planta_1,87.5,0.92
44598,01/09/26 18:34,S038,Planta_4,100.11,2.74
44600,01/09/26 18:34,S040,Planta_4,99.0,2.67
44616,01/09/26 18:35,S016,Planta_2,86.27,0.83
44679,01/09/26 18:36,S039,Planta_4,95.6,1.47
44683,01/09/26 18:37,S003,Planta_1,87.3,5.2
44691,01/09/26 18:37,S011,Planta_2,89.14,2.52
44693,01/09/26 18:37,S013,Planta_2,91.42,2.95
44712,01/09/26 18:37,S032,Planta_4,99.34,1.91
44713,01/09/26 18:37,S033,Planta_4,101.47,2.17
44775,01/09/26 18:39,S015,Planta_2,94.68,4.4
44789,01/09/26 18:39,S029,Planta_3,86.57,2.93
44793,01/09/26 18:39,S033,Planta_4,85.22,1.52
44803,01/09/26 18:40,S003,Planta_1,91.96,2.26
44815,01/09/26 18:40,S015,Planta_2,101.58,0.54
44836,01/09/26 18:40,S036,Planta_4,92.22,4.96
44844,01/09/26 18:41,S004,Planta_1,91.84,3.33
44857,01/09/26 18:41,S017,Planta_2,98.41,3.55
44869,01/09/26 18:41,S029,Planta_3,87.03,4.67
44884,01/09/26 18:42,S004,Planta_1,94.76,0.93
44947,01/09/26 18:43,S027,Planta_3,103.76,3.59
44966,01/09/26 18:44,S006,Planta_1,86.01,3.76
44978,01/09/26 18:44,S018,Planta_2,93.43,5.35
45000,01/09/26 18:44,S040,Planta_4,100.75,3.15
45015,01/09/26 18:45,S015,Planta_2,95.31,0.52
45022,01/09/26 18:45,S022,Planta_3,89.8,0.79
45059,01/09/26 18:46,S019,Planta_2,101.26,2.43
45081,01/09/26 18:47,S001,Planta_1,99.27,4.91
45084,01/09/26 18:47,S004,Planta_1,99.08,3.06
45106,01/09/26 18:47,S026,Planta_3,92.43,3.97
45107,01/09/26 18:47,S027,Planta_3,87.92,4.11
45110,01/09/26 18:47,S030,Planta_3,91.97,1.46
45124,01/09/26 18:48,S004,Planta_1,98.76,5.26
45147,01/09/26 18:48,S027,Planta_3,97.89,5.39
45202,01/09/26 18:50,S002,Planta_1,92.35,3.37
45214,01/09/26 18:50,S014,Planta_2,97.74,3.85
45239,01/09/26 18:50,S039,Planta_4,96.45,3.63
45267,01/09/26 18:51,S027,Planta_3,96.93,2.5
45278,01/09/26 18:51,S038,Planta_4,89.91,4.64
45286,01/09/26 18:52,S006,Planta_1,85.55,4.17
45292,01/09/26 18:52,S012,Planta_2,100.46,2.28
45302,01/09/26 18:52,S022,Planta_3,99.85,1.74
45308,01/09/26 18:52,S028,Planta_3,102.29,3.39
45309,01/09/26 18:52,S029,Planta_3,95.43,3.81
45313,01/09/26 18:52,S033,Planta_4,98.49,2.08
45351,01/09/26 18:53,S031,Planta_4,97.35,5.25
45358,01/09/26 18:53,S038,Planta_4,103.23,2.64
45361,01/09/26 18:54,S001,Planta_1,100.03,3.91
45369,01/09/26 18:54,S009,Planta_1,103.72,3.85
45371,01/09/26 18:54,S011,Planta_2,100.32,1.27
45396,01/09/26 18:54,S036,Planta_4,86.21,3.43
45397,01/09/26 18:54,S037,Planta_4,97.46,1.46
45402,01/09/26 18:55,S002,Planta_1,91.36,1.42
45460,01/09/26 18:56,S020,Planta_2,94.48,5.35
45467,01/09/26 18:56,S027,Planta_3,99.62,1.34
45497,01/09/26 18:57,S017,Planta_2,90.74,0.86
45500,01/09/26 18:57,S020,Planta_2,95.62,2.42
45508,01/09/26 18:57,S028,Planta_3,92.76,5.38
45517,01/09/26 18:57,S037,Planta_4,86.56,3.86
45518,01/09/26 18:57,S038,Planta_4,88.13,1.97
45523,01/09/26 18:58,S003,Planta_1,97.14,4.39
45526,01/09/26 18:58,S006,Planta_1,90.55,4.11
45537,01/09/26 18:58,S017,Planta_2,103.93,4.68
45564,01/09/26 18:59,S004,Planta_1,88.48,0.62
45595,01/09/26 18:59,S035,Planta_4,90.14,3.43
45606,01/09/26 19:00,S006,Planta_1,93.85,1.68
45656,01/09/26 19:01,S016,Planta_2,86.3,5.0
45668,01/09/26 19:01,S028,Planta_3,95.03,2.9
45671,01/09/26 19:01,S031,Planta_4,96.25,1.54
45704,01/09/26 19:02,S024,Planta_3,96.46,2.04
45707,01/09/26 19:02,S027,Planta_3,98.31,1.32
45710,01/09/26 19:02,S030,Planta_3,92.32,0.78
45714,01/09/26 19:02,S034,Planta_4,86.56,4.11
45739,01/09/26 19:03,S019,Planta_2,90.79,3.82
45753,01/09/26 19:03,S033,Planta_4,88.9,4.86
45781,01/09/26 19:04,S021,Planta_3,97.35,3.52
45867,01/09/26 19:06,S027,Planta_3,90.5,4.35
45873,01/09/26 19:06,S033,Planta_4,91.92,5.41
45880,01/09/26 19:06,S040,Planta_4,95.07,4.96
45884,01/09/26 19:07,S004,Planta_1,89.49,4.81
45891,01/09/26 19:07,S011,Planta_2,101.36,4.62
45892,01/09/26 19:07,S012,Planta_2,90.33,4.57
45897,01/09/26 19:07,S017,Planta_2,87.89,3.09
45919,01/09/26 19:07,S039,Planta_4,87.4,0.65
45935,01/09/26 19:08,S015,Planta_2,94.11,2.65
45949,01/09/26 19:08,S029,Planta_3,91.29,2.27
45993,01/09/26 19:09,S033,Planta_4,85.66,2.52
46000,01/09/26 19:09,S040,Planta_4,90.36,3.62
46003,01/09/26 19:10,S003,Planta_1,97.48,1.55
46035,01/09/26 19:10,S035,Planta_4,92.48,1.8
46042,01/09/26 19:11,S002,Planta_1,101.31,3.77
46044,01/09/26 19:11,S004,Planta_1,88.74,1.61
46060,01/09/26 19:11,S020,Planta_2,101.04,1.72
46062,01/09/26 19:11,S022,Planta_3,94.67,0.88
46066,01/09/26 19:11,S026,Planta_3,98.96,1.87
46081,01/09/26 19:12,S001,Planta_1,101.86,3.12
46095,01/09/26 19:12,S015,Planta_2,91.93,3.89
46100,01/09/26 19:12,S020,Planta_2,97.12,3.62
46103,01/09/26 19:12,S023,Planta_3,101.73,2.69
46121,01/09/26 19:13,S001,Planta_1,101.71,2.88
46131,01/09/26 19:13,S011,Planta_2,103.18,1.96
46133,01/09/26 19:13,S013,Planta_2,103.66,1.34
46139,01/09/26 19:13,S019,Planta_2,92.76,2.31
46140,01/09/26 19:13,S020,Planta_2,87.59,1.94
46144,01/09/26 19:13,S024,Planta_3,102.37,1.94
46149,01/09/26 19:13,S029,Planta_3,100.8,3.36
46183,01/09/26 19:14,S023,Planta_3,101.8,4.29
46198,01/09/26 19:14,S038,Planta_4,86.68,4.16
46208,01/09/26 19:15,S008,Planta_1,104.43,4.16
46209,01/09/26 19:15,S009,Planta_1,86.98,5.17
46214,01/09/26 19:15,S014,Planta_2,87.01,2.82
46219,01/09/26 19:15,S019,Planta_2,94.19,0.92
46251,01/09/26 19:16,S011,Planta_2,93.26,5.25
46256,01/09/26 19:16,S016,Planta_2,89.25,0.89
46269,01/09/26 19:16,S029,Planta_3,102.73,3.75
46275,01/09/26 19:16,S035,Planta_4,103.82,2.91
46305,01/09/26 19:17,S025,Planta_3,89.66,0.82
46327,01/09/26 19:18,S007,Planta_1,95.1,1.69
46339,01/09/26 19:18,S019,Planta_2,92.24,3.66
46342,01/09/26 19:18,S022,Planta_3,97.28,1.35
46369,01/09/26 19:19,S009,Planta_1,93.95,4.76
46391,01/09/26 19:19,S031,Planta_4,96.69,1.4
46401,01/09/26 19:20,S001,Planta_1,93.2,4.37
46402,01/09/26 19:20,S002,Planta_1,90.22,4.94
46407,01/09/26 19:20,S007,Planta_1,99.29,3.85
46421,01/09/26 19:20,S021,Planta_3,97.23,3.69
46433,01/09/26 19:20,S033,Planta_4,91.58,4.56
46446,01/09/26 19:21,S006,Planta_1,102.86,4.79
46457,01/09/26 19:21,S017,Planta_2,97.67,4.3
46460,01/09/26 19:21,S020,Planta_2,88.67,5.37
46462,01/09/26 19:21,S022,Planta_3,85.47,1.2
46518,01/09/26 19:22,S038,Planta_4,96.82,3.48
46545,01/09/26 19:23,S025,Planta_3,100.27,4.09
46568,01/09/26 19:24,S008,Planta_1,85.17,5.05
46594,01/09/26 19:24,S034,Planta_4,87.62,4.5
46603,01/09/26 19:25,S003,Planta_1,85.88,1.91
46622,01/09/26 19:25,S022,Planta_3,98.7,4.87
46623,01/09/26 19:25,S023,Planta_3,90.48,3.34
46643,01/09/26 19:26,S003,Planta_1,94.07,1.82
46683,01/09/26 19:27,S003,Planta_1,90.36,1.04
46696,01/09/26 19:27,S016,Planta_2,86.5,5.21
46702,01/09/26 19:27,S022,Planta_3,101.93,0.77
46726,01/09/26 19:28,S006,Planta_1,89.99,1.62
46728,01/09/26 19:28,S008,Planta_1,95.42,1.78
46732,01/09/26 19:28,S012,Planta_2,97.55,1.63
46734,01/09/26 19:28,S014,Planta_2,87.92,2.22
46749,01/09/26 19:28,S029,Planta_3,101.41,4.68
46768,01/09/26 19:29,S008,Planta_1,85.64,1.67
46769,01/09/26 19:29,S009,Planta_1,94.11,4.6
46786,01/09/26 19:29,S026,Planta_3,94.32,4.84
46790,01/09/26 19:29,S030,Planta_3,93.48,4.77
46792,01/09/26 19:29,S032,Planta_4,89.44,5.39
46799,01/09/26 19:29,S039,Planta_4,99.38,3.98
46819,01/09/26 19:30,S019,Planta_2,99.87,4.78
46837,01/09/26 19:30,S037,Planta_4,95.05,2.53
46842,01/09/26 19:31,S002,Planta_1,87.2,1.57
46846,01/09/26 19:31,S006,Planta_1,90.36,2.06
46855,01/09/26 19:31,S015,Planta_2,86.46,4.72
46882,01/09/26 19:32,S002,Planta_1,88.34,2.85
46888,01/09/26 19:32,S008,Planta_1,88.3,4.26
46907,01/09/26 19:32,S027,Planta_3,87.1,4.98
46928,01/09/26 19:33,S008,Planta_1,94.93,3.68
46944,01/09/26 19:33,S024,Planta_3,99.12,2.99
46950,01/09/26 19:33,S030,Planta_3,97.07,0.95
46961,01/09/26 19:34,S001,Planta_1,90.27,2.1
46969,01/09/26 19:34,S009,Planta_1,89.96,0.65
47005,01/09/26 19:35,S005,Planta_1,94.58,1.11
47013,01/09/26 19:35,S013,Planta_2,89.6,1.92
47015,01/09/26 19:35,S015,Planta_2,104.07,4.87
47030,01/09/26 19:35,S030,Planta_3,103.79,1.46
47037,01/09/26 19:35,S037,Planta_4,99.38,2.78
47040,01/09/26 19:35,S040,Planta_4,94.62,1.98
47052,01/09/26 19:36,S012,Planta_2,101.37,4.33
47056,01/09/26 19:36,S016,Planta_2,102.7,1.39
47085,01/09/26 19:37,S005,Planta_1,85.63,2.29
47095,01/09/26 19:37,S015,Planta_2,93.77,3.83
47106,01/09/26 19:37,S026,Planta_3,85.57,1.3
47116,01/09/26 19:37,S036,Planta_4,94.15,4.54
47121,01/09/26 19:38,S001,Planta_1,95.17,4.21
47122,01/09/26 19:38,S002,Planta_1,96.64,4.88
47130,01/09/26 19:38,S010,Planta_1,98.56,0.55
47142,01/09/26 19:38,S022,Planta_3,85.19,3.15
47144,01/09/26 19:38,S024,Planta_3,85.92,3.54
47145,01/09/26 19:38,S025,Planta_3,88.05,3.21
47150,01/09/26 19:38,S030,Planta_3,87.96,2.0
47152,01/09/26 19:38,S032,Planta_4,97.41,1.87
47171,01/09/26 19:39,S011,Planta_2,100.14,5.4
47181,01/09/26 19:39,S021,Planta_3,93.23,3.25
47184,01/09/26 19:39,S024,Planta_3,94.6,2.13
47225,01/09/26 19:40,S025,Planta_3,93.87,2.26
47236,01/09/26 19:40,S036,Planta_4,89.78,5.11
47237,01/09/26 19:40,S037,Planta_4,91.59,0.77
47244,01/09/26 19:41,S004,Planta_1,104.8,5.18
47249,01/09/26 19:41,S009,Planta_1,88.18,3.66
47257,01/09/26 19:41,S017,Planta_2,85.74,3.19
47271,01/09/26 19:41,S031,Planta_4,93.92,3.04
47278,01/09/26 19:41,S038,Planta_4,101.14,1.02
47282,01/09/26 19:42,S002,Planta_1,94.72,2.54
47307,01/09/26 19:42,S027,Planta_3,88.51,2.54
47338,01/09/26 19:43,S018,Planta_2,103.84,4.07
47347,01/09/26 19:43,S027,Planta_3,86.83,2.99
47380,01/09/26 19:44,S020,Planta_2,88.72,3.74
47392,01/09/26 19:44,S032,Planta_4,94.85,2.12
47395,01/09/26 19:44,S035,Planta_4,94.68,3.48
47427,01/09/26 19:45,S027,Planta_3,91.11,3.15
47453,01/09/26 19:46,S013,Planta_2,92.51,3.31
47463,01/09/26 19:46,S023,Planta_3,97.64,3.94
47474,01/09/26 19:46,S034,Planta_4,89.4,3.26
47507,01/09/26 19:47,S027,Planta_3,91.78,4.97
47525,01/09/26 19:48,S005,Planta_1,103.18,0.96
47544,01/09/26 19:48,S024,Planta_3,99.38,2.88
47568,01/09/26 19:49,S008,Planta_1,90.9,4.26
47581,01/09/26 19:49,S021,Planta_3,90.2,2.54
47629,01/09/26 19:50,S029,Planta_3,97.25,2.42
47638,01/09/26 19:50,S038,Planta_4,90.26,1.53
47657,01/09/26 19:51,S017,Planta_2,95.24,1.79
47658,01/09/26 19:51,S018,Planta_2,87.1,4.57
47673,01/09/26 19:51,S033,Planta_4,98.7,4.54
47679,01/09/26 19:51,S039,Planta_4,99.04,3.7
47696,01/09/26 19:52,S016,Planta_2,95.19,3.88
47699,01/09/26 19:52,S019,Planta_2,93.37,2.3
47706,01/09/26 19:52,S026,Planta_3,88.36,3.36
47707,01/09/26 19:52,S027,Planta_3,101.7,0.71
47708,01/09/26 19:52,S028,Planta_3,100.06,2.46
47709,01/09/26 19:52,S029,Planta_3,97.08,1.17
47711,01/09/26 19:52,S031,Planta_4,92.82,4.83
47723,01/09/26 19:53,S003,Planta_1,89.06,2.51
47728,01/09/26 19:53,S008,Planta_1,95.0,1.67
47729,01/09/26 19:53,S009,Planta_1,89.74,4.18
47750,01/09/26 19:53,S030,Planta_3,103.59,2.21
47776,01/09/26 19:54,S016,Planta_2,92.29,2.35
47784,01/09/26 19:54,S024,Planta_3,95.55,4.3
47800,01/09/26 19:54,S040,Planta_4,85.78,0.82
47809,01/09/26 19:55,S009,Planta_1,87.41,4.85
47810,01/09/26 19:55,S010,Planta_1,88.77,2.66
47824,01/09/26 19:55,S024,Planta_3,101.56,4.92
47883,01/09/26 19:57,S003,Planta_1,99.61,1.96
47909,01/09/26 19:57,S029,Planta_3,88.2,2.49
47919,01/09/26 19:57,S039,Planta_4,85.09,3.85
47943,01/09/26 19:58,S023,Planta_3,85.02,3.82
47944,01/09/26 19:58,S024,Planta_3,89.29,2.45
47964,01/09/26 19:59,S004,Planta_1,102.26,1.35
47967,01/09/26 19:59,S007,Planta_1,91.33,0.65
47987,01/09/26 19:59,S027,Planta_3,92.46,4.59
48021,01/09/26 20:00,S021,Planta_3,89.18,4.13
48023,01/09/26 20:00,S023,Planta_3,102.01,3.59
48032,01/09/26 20:00,S032,Planta_4,94.37,0.54
48094,01/09/26 20:02,S014,Planta_2,97.33,1.89
48109,01/09/26 20:02,S029,Planta_3,87.02,4.66
48114,01/09/26 20:02,S034,Planta_4,96.68,4.66
48164,01/09/26 20:04,S004,Planta_1,93.67,4.3
48170,01/09/26 20:04,S010,Planta_1,96.7,1.83
48184,01/09/26 20:04,S024,Planta_3,86.49,0.62
48190,01/09/26 20:04,S030,Planta_3,96.22,3.89
48196,01/09/26 20:04,S036,Planta_4,104.6,5.16
48246,01/09/26 20:06,S006,Planta_1,89.07,1.02
48252,01/09/26 20:06,S012,Planta_2,101.49,1.76
48253,01/09/26 20:06,S013,Planta_2,95.89,4.95
48312,01/09/26 20:07,S032,Planta_4,86.74,4.04
48321,01/09/26 20:08,S001,Planta_1,87.22,2.93
48333,01/09/26 20:08,S013,Planta_2,103.98,1.94
48334,01/09/26 20:08,S014,Planta_2,88.45,4.68
48351,01/09/26 20:08,S031,Planta_4,95.39,5.24
48395,01/09/26 20:09,S035,Planta_4,104.59,5.34
48410,01/09/26 20:10,S010,Planta_1,104.76,4.46
48413,01/09/26 20:10,S013,Planta_2,101.42,1.85
48414,01/09/26 20:10,S014,Planta_2,104.58,1.45
48418,01/09/26 20:10,S018,Planta_2,97.92,1.48
48426,01/09/26 20:10,S026,Planta_3,90.7,2.65
48440,01/09/26 20:10,S040,Planta_4,94.65,3.26
48451,01/09/26 20:11,S011,Planta_2,97.37,4.07
48504,01/09/26 20:12,S024,Planta_3,104.78,0.8
48550,01/09/26 20:13,S030,Planta_3,93.93,2.83
48581,01/09/26 20:14,S021,Planta_3,90.49,1.85
48645,01/09/26 20:16,S005,Planta_1,89.4,3.13
48664,01/09/26 20:16,S024,Planta_3,91.63,4.75
48680,01/09/26 20:16,S040,Planta_4,86.75,3.76
48685,01/09/26 20:17,S005,Planta_1,94.88,1.58
48689,01/09/26 20:17,S009,Planta_1,87.97,4.43
48708,01/09/26 20:17,S028,Planta_3,100.18,3.77
48724,01/09/26 20:18,S004,Planta_1,89.62,3.07
48734,01/09/26 20:18,S014,Planta_2,102.74,1.06
48740,01/09/26 20:18,S020,Planta_2,97.93,1.17
48757,01/09/26 20:18,S037,Planta_4,104.9,1.2
48784,01/09/26 20:19,S024,Planta_3,89.16,0.89
48792,01/09/26 20:19,S032,Planta_4,86.17,1.1
48806,01/09/26 20:20,S006,Planta_1,97.39,5.11
48832,01/09/26 20:20,S032,Planta_4,87.57,5.33
48834,01/09/26 20:20,S034,Planta_4,99.58,1.11
48837,01/09/26 20:20,S037,Planta_4,104.92,1.64
48852,01/09/26 20:21,S012,Planta_2,100.41,2.26
48870,01/09/26 20:21,S030,Planta_3,97.81,3.34
48875,01/09/26 20:21,S035,Planta_4,88.36,5.02
48887,01/09/26 20:22,S007,Planta_1,102.4,4.65
48893,01/09/26 20:22,S013,Planta_2,86.93,4.32
48897,01/09/26 20:22,S017,Planta_2,85.65,1.75
48915,01/09/26 20:22,S035,Planta_4,104.68,4.93
48918,01/09/26 20:22,S038,Planta_4,91.94,1.62
48921,01/09/26 20:23,S001,Planta_1,87.64,2.57
48922,01/09/26 20:23,S002,Planta_1,94.01,0.93
48946,01/09/26 20:23,S026,Planta_3,88.83,0.74
48954,01/09/26 20:23,S034,Planta_4,85.52,4.22
48980,01/09/26 20:24,S020,Planta_2,97.81,0.7
49017,01/09/26 20:25,S017,Planta_2,96.18,5.29
49026,01/09/26 20:25,S026,Planta_3,91.5,0.52
49087,01/09/26 20:27,S007,Planta_1,85.44,0.6
49097,01/09/26 20:27,S017,Planta_2,100.34,1.03
49110,01/09/26 20:27,S030,Planta_3,99.76,1.0
49139,01/09/26 20:28,S019,Planta_2,94.0,2.88
49142,01/09/26 20:28,S022,Planta_3,88.56,1.43
49174,01/09/26 20:29,S014,Planta_2,97.32,5.1
49176,01/09/26 20:29,S016,Planta_2,88.46,1.31
49178,01/09/26 20:29,S018,Planta_2,91.09,4.39
49184,01/09/26 20:29,S024,Planta_3,97.39,0.61
49200,01/09/26 20:29,S040,Planta_4,95.81,3.64
49204,01/09/26 20:30,S004,Planta_1,100.98,1.58
49217,01/09/26 20:30,S017,Planta_2,104.66,4.4
49266,01/09/26 20:31,S026,Planta_3,88.56,2.72
49290,01/09/26 20:32,S010,Planta_1,89.43,4.27
49337,01/09/26 20:33,S017,Planta_2,93.97,5.1
49375,01/09/26 20:34,S015,Planta_2,86.16,5.42
49386,01/09/26 20:34,S026,Planta_3,92.85,5.47
49396,01/09/26 20:34,S036,Planta_4,99.8,3.39
49398,01/09/26 20:34,S038,Planta_4,104.53,3.85
49432,01/09/26 20:35,S032,Planta_4,91.51,2.53
49438,01/09/26 20:35,S038,Planta_4,97.55,0.84
49471,01/09/26 20:36,S031,Planta_4,102.56,0.96
49479,01/09/26 20:36,S039,Planta_4,94.67,3.37
49507,01/09/26 20:37,S027,Planta_3,91.35,1.63
49520,01/09/26 20:37,S040,Planta_4,103.45,4.26
49522,01/09/26 20:38,S002,Planta_1,90.51,5.2
49543,01/09/26 20:38,S023,Planta_3,88.66,5.12
49552,01/09/26 20:38,S032,Planta_4,94.53,2.08
49566,01/09/26 20:39,S006,Planta_1,99.28,3.16
49602,01/09/26 20:40,S002,Planta_1,85.91,2.55
49606,01/09/26 20:40,S006,Planta_1,93.48,1.49
49640,01/09/26 20:40,S040,Planta_4,92.83,2.34
49650,01/09/26 20:41,S010,Planta_1,98.04,2.66
49661,01/09/26 20:41,S021,Planta_3,93.09,1.79
49680,01/09/26 20:41,S040,Planta_4,87.47,1.86
49696,01/09/26 20:42,S016,Planta_2,94.09,0.86
49713,01/09/26 20:42,S033,Planta_4,95.1,4.58
49755,01/09/26 20:43,S035,Planta_4,103.66,5.19
49782,01/09/26 20:44,S022,Planta_3,98.42,5.42
49806,01/09/26 20:45,S006,Planta_1,92.19,3.29
49814,01/09/26 20:45,S014,Planta_2,101.42,4.82
49831,01/09/26 20:45,S031,Planta_4,94.51,3.5
49835,01/09/26 20:45,S035,Planta_4,96.77,3.03
49845,01/09/26 20:46,S005,Planta_1,103.99,4.84
49858,01/09/26 20:46,S018,Planta_2,86.73,5.19
49859,01/09/26 20:46,S019,Planta_2,95.44,2.26
49864,01/09/26 20:46,S024,Planta_3,86.88,2.19
49869,01/09/26 20:46,S029,Planta_3,87.9,2.31
49915,01/09/26 20:47,S035,Planta_4,100.29,4.48
49924,01/09/26 20:48,S004,Planta_1,99.98,2.08
49926,01/09/26 20:48,S006,Planta_1,86.04,1.97
49939,01/09/26 20:48,S019,Planta_2,92.99,4.98
49972,01/09/26 20:49,S012,Planta_2,102.41,1.18
49984,01/09/26 20:49,S024,Planta_3,92.81,1.58
49997,01/09/26 20:49,S037,Planta_4,97.93,4.74
50001,01/09/26 20:50,S001,Planta_1,98.88,3.41
50012,01/09/26 20:50,S012,Planta_2,101.6,2.53
50014,01/09/26 20:50,S014,Planta_2,101.85,1.48
50019,01/09/26 20:50,S019,Planta_2,90.33,4.34
50057,01/09/26 20:51,S017,Planta_2,96.65,4.02
50088,01/09/26 20:52,S008,Planta_1,102.83,3.64
50109,01/09/26 20:52,S029,Planta_3,88.13,3.02
50121,01/09/26 20:53,S001,Planta_1,98.97,0.61
50124,01/09/26 20:53,S004,Planta_1,96.09,4.14
50133,01/09/26 20:53,S013,Planta_2,102.63,0.8
50155,01/09/26 20:53,S035,Planta_4,95.48,2.36
50163,01/09/26 20:54,S003,Planta_1,90.3,2.4
50168,01/09/26 20:54,S008,Planta_1,90.01,3.64
50177,01/09/26 20:54,S017,Planta_2,104.59,3.57
50178,01/09/26 20:54,S018,Planta_2,102.83,5.1
50179,01/09/26 20:54,S019,Planta_2,87.69,3.3
50208,01/09/26 20:55,S008,Planta_1,92.57,1.29
50228,01/09/26 20:55,S028,Planta_3,90.66,1.85
50230,01/09/26 20:55,S030,Planta_3,85.14,1.49
50234,01/09/26 20:55,S034,Planta_4,89.95,1.18
50257,01/09/26 20:56,S017,Planta_2,91.73,4.86
50260,01/09/26 20:56,S020,Planta_2,96.02,1.3
50271,01/09/26 20:56,S031,Planta_4,85.8,3.54
50316,01/09/26 20:57,S036,Planta_4,90.19,4.51
50334,01/09/26 20:58,S014,Planta_2,96.35,4.68
50368,01/09/26 20:59,S008,Planta_1,100.23,4.11
50374,01/09/26 20:59,S014,Planta_2,101.79,1.36
50385,01/09/26 20:59,S025,Planta_3,93.0,5.27
50405,01/09/26 21:00,S005,Planta_1,93.63,3.11
50415,01/09/26 21:00,S015,Planta_2,97.82,4.39
50423,01/09/26 21:00,S023,Planta_3,85.75,4.55
50443,01/09/26 21:01,S003,Planta_1,88.69,1.2
50465,01/09/26 21:01,S025,Planta_3,92.44,4.89
50482,01/09/26 21:02,S002,Planta_1,85.31,4.83
50534,01/09/26 21:03,S014,Planta_2,104.59,3.01
50542,01/09/26 21:03,S022,Planta_3,98.44,1.17
50552,01/09/26 21:03,S032,Planta_4,102.81,5.05
50555,01/09/26 21:03,S035,Planta_4,103.03,4.9
50579,01/09/26 21:04,S019,Planta_2,100.96,3.01
50585,01/09/26 21:04,S025,Planta_3,101.68,4.92
50587,01/09/26 21:04,S027,Planta_3,93.53,2.29
50588,01/09/26 21:04,S028,Planta_3,96.91,0.98
50621,01/09/26 21:05,S021,Planta_3,89.86,3.03
50632,01/09/26 21:05,S032,Planta_4,104.21,0.66
50658,01/09/26 21:06,S018,Planta_2,98.5,2.61
50700,01/09/26 21:07,S020,Planta_2,91.32,5.13
50702,01/09/26 21:07,S022,Planta_3,98.76,3.86
50703,01/09/26 21:07,S023,Planta_3,94.31,2.9
50723,01/09/26 21:08,S003,Planta_1,98.89,3.74
50731,01/09/26 21:08,S011,Planta_2,89.11,1.14
50732,01/09/26 21:08,S012,Planta_2,93.47,2.73
50733,01/09/26 21:08,S013,Planta_2,95.25,4.39
50735,01/09/26 21:08,S015,Planta_2,93.99,4.55
50759,01/09/26 21:08,S039,Planta_4,91.74,4.19
50800,01/09/26 21:09,S040,Planta_4,92.75,3.08
50823,01/09/26 21:10,S023,Planta_3,92.23,3.6
50828,01/09/26 21:10,S028,Planta_3,91.4,4.06
50838,01/09/26 21:10,S038,Planta_4,95.21,5.34
50845,01/09/26 21:11,S005,Planta_1,95.48,4.41
50849,01/09/26 21:11,S009,Planta_1,100.36,2.41
50877,01/09/26 21:11,S037,Planta_4,92.1,4.43
50887,01/09/26 21:12,S007,Planta_1,86.45,0.73
50904,01/09/26 21:12,S024,Planta_3,100.97,2.45
50928,01/09/26 21:13,S008,Planta_1,102.41,4.4
50945,01/09/26 21:13,S025,Planta_3,98.48,0.52
50948,01/09/26 21:13,S028,Planta_3,95.6,2.69
50981,01/09/26 21:14,S021,Planta_3,102.54,1.31
51023,01/09/26 21:15,S023,Planta_3,92.43,2.16
51030,01/09/26 21:15,S030,Planta_3,97.57,1.38
51041,01/09/26 21:16,S001,Planta_1,92.27,4.92
51078,01/09/26 21:16,S038,Planta_4,85.97,2.16
51084,01/09/26 21:17,S004,Planta_1,97.66,1.37
51094,01/09/26 21:17,S014,Planta_2,103.39,5.46
51102,01/09/26 21:17,S022,Planta_3,101.84,4.7
51116,01/09/26 21:17,S036,Planta_4,95.02,1.41
51119,01/09/26 21:17,S039,Planta_4,103.86,1.31
51132,01/09/26 21:18,S012,Planta_2,100.81,3.98
51138,01/09/26 21:18,S018,Planta_2,104.9,1.81
51140,01/09/26 21:18,S020,Planta_2,92.76,1.0
51141,01/09/26 21:18,S021,Planta_3,92.37,0.55
51149,01/09/26 21:18,S029,Planta_3,98.12,3.55
51161,01/09/26 21:19,S001,Planta_1,104.32,2.88
51189,01/09/26 21:19,S029,Planta_3,86.12,1.83
51192,01/09/26 21:19,S032,Planta_4,93.06,1.07
51205,01/09/26 21:20,S005,Planta_1,93.57,1.69
51216,01/09/26 21:20,S016,Planta_2,97.96,1.32
51221,01/09/26 21:20,S021,Planta_3,102.13,2.95
51239,01/09/26 21:20,S039,Planta_4,86.2,4.65
51277,01/09/26 21:21,S037,Planta_4,90.34,3.02
51291,01/09/26 21:22,S011,Planta_2,104.51,3.69
51296,01/09/26 21:22,S016,Planta_2,97.03,4.43
51305,01/09/26 21:22,S025,Planta_3,85.16,3.57
51321,01/09/26 21:23,S001,Planta_1,90.47,2.58
51334,01/09/26 21:23,S014,Planta_2,101.55,3.2
51348,01/09/26 21:23,S028,Planta_3,90.51,4.04
51360,01/09/26 21:23,S040,Planta_4,86.37,5.14
51405,01/09/26 21:25,S005,Planta_1,88.11,2.51
51425,01/09/26 21:25,S025,Planta_3,96.81,0.53
51439,01/09/26 21:25,S039,Planta_4,103.15,4.2
51458,01/09/26 21:26,S018,Planta_2,93.29,3.16
51476,01/09/26 21:26,S036,Planta_4,93.55,4.9
51481,01/09/26 21:27,S001,Planta_1,99.57,3.56
51493,01/09/26 21:27,S013,Planta_2,89.87,2.06
51507,01/09/26 21:27,S027,Planta_3,85.64,4.64
51526,01/09/26 21:28,S006,Planta_1,95.43,4.57
51556,01/09/26 21:28,S036,Planta_4,97.25,1.24
51571,01/09/26 21:29,S011,Planta_2,95.39,1.63
51573,01/09/26 21:29,S013,Planta_2,90.89,3.0
51577,01/09/26 21:29,S017,Planta_2,97.38,1.94
51579,01/09/26 21:29,S019,Planta_2,97.85,4.86
51584,01/09/26 21:29,S024,Planta_3,93.05,2.74
51597,01/09/26 21:29,S037,Planta_4,91.65,4.77
51599,01/09/26 21:29,S039,Planta_4,93.4,5.0
51621,01/09/26 21:30,S021,Planta_3,92.62,3.35
51659,01/09/26 21:31,S019,Planta_2,102.49,2.59
51674,01/09/26 21:31,S034,Planta_4,91.03,0.75
51695,01/09/26 21:32,S015,Planta_2,87.94,3.42
51707,01/09/26 21:32,S027,Planta_3,91.85,4.4
51721,01/09/26 21:33,S001,Planta_1,88.98,2.15
51747,01/09/26 21:33,S027,Planta_3,94.56,1.26
51762,01/09/26 21:34,S002,Planta_1,90.84,3.15
51766,01/09/26 21:34,S006,Planta_1,98.79,3.84
51774,01/09/26 21:34,S014,Planta_2,94.79,3.76
51787,01/09/26 21:34,S027,Planta_3,93.52,1.01
51792,01/09/26 21:34,S032,Planta_4,100.34,1.76
51794,01/09/26 21:34,S034,Planta_4,90.07,2.94
51811,01/09/26 21:35,S011,Planta_2,96.37,4.26
51830,01/09/26 21:35,S030,Planta_3,94.31,3.64
51840,01/09/26 21:35,S040,Planta_4,102.61,4.32
51851,01/09/26 21:36,S011,Planta_2,85.56,4.42
51854,01/09/26 21:36,S014,Planta_2,89.58,3.8
51913,01/09/26 21:37,S033,Planta_4,97.24,5.14
51927,01/09/26 21:38,S007,Planta_1,99.0,4.5
51930,01/09/26 21:38,S010,Planta_1,89.74,1.61
51931,01/09/26 21:38,S011,Planta_2,104.78,3.55
51949,01/09/26 21:38,S029,Planta_3,86.88,5.39
51950,01/09/26 21:38,S030,Planta_3,100.59,2.44
51964,01/09/26 21:39,S004,Planta_1,86.71,3.2
51981,01/09/26 21:39,S021,Planta_3,95.05,1.99
51992,01/09/26 21:39,S032,Planta_4,103.97,3.84
52006,01/09/26 21:40,S006,Planta_1,101.99,3.16
52020,01/09/26 21:40,S020,Planta_2,95.7,0.7
52031,01/09/26 21:40,S031,Planta_4,103.34,2.54
52047,01/09/26 21:41,S007,Planta_1,87.75,4.53
52058,01/09/26 21:41,S018,Planta_2,91.62,2.07
52064,01/09/26 21:41,S024,Planta_3,95.06,2.6
52068,01/09/26 21:41,S028,Planta_3,104.74,4.76
52092,01/09/26 21:42,S012,Planta_2,99.57,3.23
52118,01/09/26 21:42,S038,Planta_4,97.53,4.01
52139,01/09/26 21:43,S019,Planta_2,97.46,2.27
52146,01/09/26 21:43,S026,Planta_3,103.62,4.0
52149,01/09/26 21:43,S029,Planta_3,103.71,2.88
52167,01/09/26 21:44,S007,Planta_1,97.92,1.85
52173,01/09/26 21:44,S013,Planta_2,97.45,5.2
52212,01/09/26 21:45,S012,Planta_2,101.02,5.16
52222,01/09/26 21:45,S022,Planta_3,96.2,2.93
52228,01/09/26 21:45,S028,Planta_3,100.11,1.74
52234,01/09/26 21:45,S034,Planta_4,88.77,0.51
52248,01/09/26 21:46,S008,Planta_1,103.92,4.5
52249,01/09/26 21:46,S009,Planta_1,97.68,2.22
52250,01/09/26 21:46,S010,Planta_1,95.92,3.55
52293,01/09/26 21:47,S013,Planta_2,102.77,1.87
52303,01/09/26 21:47,S023,Planta_3,92.93,2.54
52307,01/09/26 21:47,S027,Planta_3,101.57,2.29
52324,01/09/26 21:48,S004,Planta_1,88.66,3.71
52337,01/09/26 21:48,S017,Planta_2,97.25,5.0
52351,01/09/26 21:48,S031,Planta_4,86.77,1.37
52353,01/09/26 21:48,S033,Planta_4,89.09,5.05
52360,01/09/26 21:48,S040,Planta_4,101.27,0.74
52372,01/09/26 21:49,S012,Planta_2,99.0,2.06
52377,01/09/26 21:49,S017,Planta_2,98.34,4.55
52384,01/09/26 21:49,S024,Planta_3,101.08,1.46
52401,01/09/26 21:50,S001,Planta_1,86.51,1.37
52416,01/09/26 21:50,S016,Planta_2,101.63,1.81
52438,01/09/26 21:50,S038,Planta_4,104.96,3.56
52439,01/09/26 21:50,S039,Planta_4,92.51,1.82
52441,01/09/26 21:51,S001,Planta_1,100.74,3.25
52445,01/09/26 21:51,S005,Planta_1,90.4,3.99
52559,01/09/26 21:53,S039,Planta_4,96.15,3.4
52561,01/09/26 21:54,S001,Planta_1,87.07,3.13
52592,01/09/26 21:54,S032,Planta_4,85.81,2.54
52593,01/09/26 21:54,S033,Planta_4,97.02,3.23
52609,01/09/26 21:55,S009,Planta_1,93.79,2.78
52629,01/09/26 21:55,S029,Planta_3,99.37,4.88
52640,01/09/26 21:55,S040,Planta_4,96.18,1.66
52671,01/09/26 21:56,S031,Planta_4,88.59,4.05
52685,01/09/26 21:57,S005,Planta_1,103.99,1.21
52689,01/09/26 21:57,S009,Planta_1,104.47,3.06
52742,01/09/26 21:58,S022,Planta_3,94.68,2.6
52751,01/09/26 21:58,S031,Planta_4,91.64,4.62
52785,01/09/26 21:59,S025,Planta_3,92.2,1.19
52787,01/09/26 21:59,S027,Planta_3,94.79,3.89
52806,01/09/26 22:00,S006,Planta_1,98.66,1.13
52824,01/09/26 22:00,S024,Planta_3,85.64,4.51
52830,01/09/26 22:00,S030,Planta_3,98.51,3.21
52871,01/09/26 22:01,S031,Planta_4,98.34,2.84
52872,01/09/26 22:01,S032,Planta_4,93.26,0.96
52878,01/09/26 22:01,S038,Planta_4,102.65,1.99
52931,01/09/26 22:03,S011,Planta_2,99.81,1.68
52933,01/09/26 22:03,S013,Planta_2,102.5,3.95
52944,01/09/26 22:03,S024,Planta_3,101.69,5.18
52947,01/09/26 22:03,S027,Planta_3,97.39,2.44
52951,01/09/26 22:03,S031,Planta_4,87.39,5.47
52984,01/09/26 22:04,S024,Planta_3,102.28,5.08
52990,01/09/26 22:04,S030,Planta_3,93.19,2.76
52992,01/09/26 22:04,S032,Planta_4,104.02,2.53
52997,01/09/26 22:04,S037,Planta_4,91.58,0.9
53006,01/09/26 22:05,S006,Planta_1,91.91,4.81
53024,01/09/26 22:05,S024,Planta_3,96.71,1.14
53050,01/09/26 22:06,S010,Planta_1,87.05,2.63
53079,01/09/26 22:06,S039,Planta_4,92.97,3.17
53080,01/09/26 22:06,S040,Planta_4,99.38,1.71
53091,01/09/26 22:07,S011,Planta_2,101.52,1.32
53093,01/09/26 22:07,S013,Planta_2,102.89,3.21
53094,01/09/26 22:07,S014,Planta_2,92.38,0.7
53095,01/09/26 22:07,S015,Planta_2,98.36,1.03
53101,01/09/26 22:07,S021,Planta_3,99.6,5.18
53112,01/09/26 22:07,S032,Planta_4,93.64,0.79
53126,01/09/26 22:08,S006,Planta_1,91.76,4.99
53138,01/09/26 22:08,S018,Planta_2,94.8,4.01
53143,01/09/26 22:08,S023,Planta_3,94.06,4.56
53147,01/09/26 22:08,S027,Planta_3,96.36,4.64
53166,01/09/26 22:09,S006,Planta_1,104.66,2.11
53180,01/09/26 22:09,S020,Planta_2,88.62,0.96
53218,01/09/26 22:10,S018,Planta_2,93.16,1.56
53222,01/09/26 22:10,S022,Planta_3,90.08,4.27
53226,01/09/26 22:10,S026,Planta_3,86.99,2.18
53237,01/09/26 22:10,S037,Planta_4,89.54,3.7
53238,01/09/26 22:10,S038,Planta_4,85.01,4.32
53239,01/09/26 22:10,S039,Planta_4,91.11,3.85
53241,01/09/26 22:11,S001,Planta_1,89.39,2.76
53245,01/09/26 22:11,S005,Planta_1,90.35,2.58
53250,01/09/26 22:11,S010,Planta_1,102.22,3.31
53253,01/09/26 22:11,S013,Planta_2,86.55,3.66
53264,01/09/26 22:11,S024,Planta_3,102.95,0.9
53278,01/09/26 22:11,S038,Planta_4,95.01,3.81
53281,01/09/26 22:12,S001,Planta_1,91.57,2.95
53305,01/09/26 22:12,S025,Planta_3,86.97,1.67
53307,01/09/26 22:12,S027,Planta_3,100.6,2.6
53314,01/09/26 22:12,S034,Planta_4,101.0,2.23
53318,01/09/26 22:12,S038,Planta_4,99.19,2.68
53339,01/09/26 22:13,S019,Planta_2,91.45,1.86
53341,01/09/26 22:13,S021,Planta_3,93.06,0.69
53347,01/09/26 22:13,S027,Planta_3,95.67,3.52
53355,01/09/26 22:13,S035,Planta_4,86.67,3.45
53357,01/09/26 22:13,S037,Planta_4,94.82,0.66
53366,01/09/26 22:14,S006,Planta_1,88.78,1.56
53434,01/09/26 22:15,S034,Planta_4,96.66,4.18
53448,01/09/26 22:16,S008,Planta_1,90.89,5.27
53451,01/09/26 22:16,S011,Planta_2,95.53,2.72
53482,01/09/26 22:17,S002,Planta_1,89.54,3.95
53488,01/09/26 22:17,S008,Planta_1,103.83,3.74
53496,01/09/26 22:17,S016,Planta_2,101.62,3.57
53504,01/09/26 22:17,S024,Planta_3,87.55,3.15
53527,01/09/26 22:18,S007,Planta_1,100.08,1.42
53555,01/09/26 22:18,S035,Planta_4,88.82,2.82
53557,01/09/26 22:18,S037,Planta_4,85.75,4.62
53653,01/09/26 22:21,S013,Planta_2,97.67,2.81
53680,01/09/26 22:21,S040,Planta_4,90.7,4.14
53727,01/09/26 22:23,S007,Planta_1,88.62,4.7
53734,01/09/26 22:23,S014,Planta_2,87.48,0.76
53743,01/09/26 22:23,S023,Planta_3,104.99,5.07
53744,01/09/26 22:23,S024,Planta_3,102.02,2.61
53781,01/09/26 22:24,S021,Planta_3,85.25,2.46
53816,01/09/26 22:25,S016,Planta_2,99.54,3.26
53820,01/09/26 22:25,S020,Planta_2,100.62,2.64
53822,01/09/26 22:25,S022,Planta_3,90.07,1.53
53825,01/09/26 22:25,S025,Planta_3,88.75,5.03
53835,01/09/26 22:25,S035,Planta_4,85.65,5.19
53869,01/09/26 22:26,S029,Planta_3,94.48,0.51
53896,01/09/26 22:27,S016,Planta_2,100.25,4.29
53910,01/09/26 22:27,S030,Planta_3,90.28,1.46
53913,01/09/26 22:27,S033,Planta_4,85.5,1.47
53918,01/09/26 22:27,S038,Planta_4,102.07,3.83
53922,01/09/26 22:28,S002,Planta_1,100.3,1.04
53928,01/09/26 22:28,S008,Planta_1,88.56,3.56
53934,01/09/26 22:28,S014,Planta_2,87.97,5.3
53938,01/09/26 22:28,S018,Planta_2,97.77,2.24
53944,01/09/26 22:28,S024,Planta_3,86.53,3.11
53947,01/09/26 22:28,S027,Planta_3,89.53,5.09
53952,01/09/26 22:28,S032,Planta_4,91.08,2.07
53967,01/09/26 22:29,S007,Planta_1,99.48,0.59
53975,01/09/26 22:29,S015,Planta_2,101.27,1.78
53994,01/09/26 22:29,S034,Planta_4,92.76,0.85
53995,01/09/26 22:29,S035,Planta_4,92.24,2.22
54006,01/09/26 22:30,S006,Planta_1,92.55,4.91
54026,01/09/26 22:30,S026,Planta_3,93.7,3.65
54038,01/09/26 22:30,S038,Planta_4,100.59,4.29
54055,01/09/26 22:31,S015,Planta_2,88.32,4.42
54074,01/09/26 22:31,S034,Planta_4,99.86,2.64
54085,01/09/26 22:32,S005,Planta_1,92.06,1.05
54096,01/09/26 22:32,S016,Planta_2,86.69,1.99
54104,01/09/26 22:32,S024,Planta_3,92.96,1.86
54106,01/09/26 22:32,S026,Planta_3,96.26,1.21
54130,01/09/26 22:33,S010,Planta_1,103.51,0.85
54136,01/09/26 22:33,S016,Planta_2,103.66,1.21
54153,01/09/26 22:33,S033,Planta_4,88.45,1.69
54182,01/09/26 22:34,S022,Planta_3,86.3,2.05
54193,01/09/26 22:34,S033,Planta_4,86.77,3.2
54200,01/09/26 22:34,S040,Planta_4,86.45,4.84
54201,01/09/26 22:35,S001,Planta_1,101.04,1.23
54207,01/09/26 22:35,S007,Planta_1,88.89,5.25
54217,01/09/26 22:35,S017,Planta_2,89.28,5.35
54239,01/09/26 22:35,S039,Planta_4,101.16,4.31
54251,01/09/26 22:36,S011,Planta_2,95.11,5.33
54253,01/09/26 22:36,S013,Planta_2,98.31,0.84
54257,01/09/26 22:36,S017,Planta_2,89.32,4.24
54275,01/09/26 22:36,S035,Planta_4,99.24,3.85
54304,01/09/26 22:37,S024,Planta_3,104.59,0.7
54325,01/09/26 22:38,S005,Planta_1,87.94,2.16
54340,01/09/26 22:38,S020,Planta_2,92.81,1.21
54392,01/09/26 22:39,S032,Planta_4,91.05,4.92
54395,01/09/26 22:39,S035,Planta_4,96.66,3.95
54412,01/09/26 22:40,S012,Planta_2,95.72,4.91
54415,01/09/26 22:40,S015,Planta_2,90.11,0.67
54426,01/09/26 22:40,S026,Planta_3,98.32,3.72
54436,01/09/26 22:40,S036,Planta_4,86.35,1.84
54439,01/09/26 22:40,S039,Planta_4,87.32,1.65
54445,01/09/26 22:41,S005,Planta_1,89.39,1.27
54467,01/09/26 22:41,S027,Planta_3,89.07,2.21
54468,01/09/26 22:41,S028,Planta_3,85.08,2.03
54493,01/09/26 22:42,S013,Planta_2,91.52,3.07
54519,01/09/26 22:42,S039,Planta_4,104.21,2.81
54521,01/09/26 22:43,S001,Planta_1,101.29,0.61
54534,01/09/26 22:43,S014,Planta_2,89.49,4.58
54555,01/09/26 22:43,S035,Planta_4,97.42,2.07
54556,01/09/26 22:43,S036,Planta_4,102.56,3.74
54597,01/09/26 22:44,S037,Planta_4,103.0,3.04
54601,01/09/26 22:45,S001,Planta_1,86.78,3.8
54649,01/09/26 22:46,S009,Planta_1,99.19,1.98
54691,01/09/26 22:47,S011,Planta_2,103.27,1.11
54694,01/09/26 22:47,S014,Planta_2,99.88,3.73
54697,01/09/26 22:47,S017,Planta_2,93.69,5.13
54701,01/09/26 22:47,S021,Planta_3,101.65,3.97
54718,01/09/26 22:47,S038,Planta_4,103.83,5.38
54721,01/09/26 22:48,S001,Planta_1,87.01,4.4
54728,01/09/26 22:48,S008,Planta_1,100.53,3.02
54765,01/09/26 22:49,S005,Planta_1,101.26,2.17
54766,01/09/26 22:49,S006,Planta_1,104.93,1.63
54774,01/09/26 22:49,S014,Planta_2,97.16,2.06
54787,01/09/26 22:49,S027,Planta_3,89.09,4.66
54812,01/09/26 22:50,S012,Planta_2,87.63,2.47
54816,01/09/26 22:50,S016,Planta_2,89.11,5.13
54836,01/09/26 22:50,S036,Planta_4,86.89,0.69
54848,01/09/26 22:51,S008,Planta_1,92.97,0.81
54862,01/09/26 22:51,S022,Planta_3,104.2,4.38
54876,01/09/26 22:51,S036,Planta_4,87.47,3.76
54880,01/09/26 22:51,S040,Planta_4,91.02,1.22
54893,01/09/26 22:52,S013,Planta_2,95.69,1.98
54902,01/09/26 22:52,S022,Planta_3,104.03,1.36
54916,01/09/26 22:52,S036,Planta_4,104.68,4.38
54926,01/09/26 22:53,S006,Planta_1,97.5,4.24
54934,01/09/26 22:53,S014,Planta_2,93.2,1.69
54941,01/09/26 22:53,S021,Planta_3,89.87,5.16
54959,01/09/26 22:53,S039,Planta_4,98.99,1.82
54980,01/09/26 22:54,S020,Planta_2,93.57,1.18
54985,01/09/26 22:54,S025,Planta_3,103.41,1.72
54995,01/09/26 22:54,S035,Planta_4,86.58,2.47
55001,01/09/26 22:55,S001,Planta_1,86.07,4.74
55018,01/09/26 22:55,S018,Planta_2,96.6,4.4
55033,01/09/26 22:55,S033,Planta_4,103.17,2.65
55036,01/09/26 22:55,S036,Planta_4,98.98,1.86
55048,01/09/26 22:56,S008,Planta_1,101.1,4.6
55060,01/09/26 22:56,S020,Planta_2,97.39,0.61
55079,01/09/26 22:56,S039,Planta_4,97.83,4.31
55081,01/09/26 22:57,S001,Planta_1,98.02,1.77
55088,01/09/26 22:57,S008,Planta_1,87.51,1.64
55101,01/09/26 22:57,S021,Planta_3,103.66,2.0
55115,01/09/26 22:57,S035,Planta_4,87.11,0.62
55117,01/09/26 22:57,S037,Planta_4,90.89,3.92
55121,01/09/26 22:58,S001,Planta_1,91.87,3.69
55126,01/09/26 22:58,S006,Planta_1,91.65,3.15
55129,01/09/26 22:58,S009,Planta_1,104.13,1.76
55146,01/09/26 22:58,S026,Planta_3,100.04,2.41
55147,01/09/26 22:58,S027,Planta_3,85.72,2.81
55154,01/09/26 22:58,S034,Planta_4,89.65,2.47
55170,01/09/26 22:59,S010,Planta_1,92.07,2.12
55187,01/09/26 22:59,S027,Planta_3,86.52,4.96
55190,01/09/26 22:59,S030,Planta_3,93.67,4.23
55224,01/09/26 23:00,S024,Planta_3,92.52,3.53
55234,01/09/26 23:00,S034,Planta_4,88.72,5.08
55247,01/09/26 23:01,S007,Planta_1,99.22,1.07
55260,01/09/26 23:01,S020,Planta_2,103.99,2.05
55294,01/09/26 23:02,S014,Planta_2,104.42,4.76
55308,01/09/26 23:02,S028,Planta_3,96.99,1.11
55368,01/09/26 23:04,S008,Planta_1,92.5,5.08
55382,01/09/26 23:04,S022,Planta_3,92.65,1.69
55392,01/09/26 23:04,S032,Planta_4,103.72,0.9
55405,01/09/26 23:05,S005,Planta_1,97.24,3.59
55412,01/09/26 23:05,S012,Planta_2,90.66,5.19
55445,01/09/26 23:06,S005,Planta_1,90.2,3.86
55449,01/09/26 23:06,S009,Planta_1,85.89,3.32
55453,01/09/26 23:06,S013,Planta_2,94.66,0.91
55477,01/09/26 23:06,S037,Planta_4,94.97,1.96
55481,01/09/26 23:07,S001,Planta_1,93.72,1.65
55484,01/09/26 23:07,S004,Planta_1,100.87,3.14
55491,01/09/26 23:07,S011,Planta_2,90.83,2.58
55498,01/09/26 23:07,S018,Planta_2,103.24,4.33
55507,01/09/26 23:07,S027,Planta_3,98.59,1.25
55516,01/09/26 23:07,S036,Planta_4,91.94,4.4
55525,01/09/26 23:08,S005,Planta_1,86.88,1.31
55529,01/09/26 23:08,S009,Planta_1,102.78,2.89
55530,01/09/26 23:08,S010,Planta_1,97.23,1.03
55540,01/09/26 23:08,S020,Planta_2,92.99,1.17
55556,01/09/26 23:08,S036,Planta_4,91.19,4.21
55579,01/09/26 23:09,S019,Planta_2,97.38,1.15
55581,01/09/26 23:09,S021,Planta_3,97.88,3.9
55596,01/09/26 23:09,S036,Planta_4,89.96,0.7
55619,01/09/26 23:10,S019,Planta_2,103.57,3.36
55625,01/09/26 23:10,S025,Planta_3,85.79,4.92
55650,01/09/26 23:11,S010,Planta_1,93.18,1.62
55693,01/09/26 23:12,S013,Planta_2,89.73,2.04
55723,01/09/26 23:13,S003,Planta_1,90.13,3.27
55725,01/09/26 23:13,S005,Planta_1,86.63,1.26
55739,01/09/26 23:13,S019,Planta_2,99.43,4.1
55750,01/09/26 23:13,S030,Planta_3,91.85,4.79
55762,01/09/26 23:14,S002,Planta_1,86.1,5.29
55794,01/09/26 23:14,S034,Planta_4,86.91,4.61
55797,01/09/26 23:14,S037,Planta_4,102.27,3.26
55818,01/09/26 23:15,S018,Planta_2,94.6,1.02
55822,01/09/26 23:15,S022,Planta_3,86.18,0.71
55824,01/09/26 23:15,S024,Planta_3,97.56,2.3
55855,01/09/26 23:16,S015,Planta_2,94.93,5.43
55874,01/09/26 23:16,S034,Planta_4,91.77,2.3
55879,01/09/26 23:16,S039,Planta_4,87.18,5.44
55894,01/09/26 23:17,S014,Planta_2,99.77,2.45
55895,01/09/26 23:17,S015,Planta_2,85.44,5.15
55911,01/09/26 23:17,S031,Planta_4,86.01,3.99
55950,01/09/26 23:18,S030,Planta_3,99.3,3.3
55959,01/09/26 23:18,S039,Planta_4,86.58,4.54
55993,01/09/26 23:19,S033,Planta_4,94.34,0.64
56016,01/09/26 23:20,S016,Planta_2,94.31,1.11
56020,01/09/26 23:20,S020,Planta_2,98.01,1.35
56028,01/09/26 23:20,S028,Planta_3,99.87,1.45
56043,01/09/26 23:21,S003,Planta_1,93.02,3.1
56056,01/09/26 23:21,S016,Planta_2,88.03,3.21
56100,01/09/26 23:22,S020,Planta_2,91.53,1.97
56117,01/09/26 23:22,S037,Planta_4,92.78,2.73
56126,01/09/26 23:23,S006,Planta_1,100.43,3.0
56141,01/09/26 23:23,S021,Planta_3,86.54,2.7
56145,01/09/26 23:23,S025,Planta_3,96.84,3.95
56167,01/09/26 23:24,S007,Planta_1,89.71,2.54
56187,01/09/26 23:24,S027,Planta_3,104.37,1.9
56197,01/09/26 23:24,S037,Planta_4,98.23,4.77
56206,01/09/26 23:25,S006,Planta_1,91.45,3.22
56209,01/09/26 23:25,S009,Planta_1,88.41,3.93
56226,01/09/26 23:25,S026,Planta_3,94.78,3.55
56256,01/09/26 23:26,S016,Planta_2,91.35,2.34
56266,01/09/26 23:26,S026,Planta_3,85.2,4.6
56305,01/09/26 23:27,S025,Planta_3,86.49,3.12
56327,01/09/26 23:28,S007,Planta_1,92.44,2.01
56342,01/09/26 23:28,S022,Planta_3,92.44,2.68
56362,01/09/26 23:29,S002,Planta_1,89.78,1.56
56382,01/09/26 23:29,S022,Planta_3,100.7,0.89
56410,01/09/26 23:30,S010,Planta_1,101.3,1.46
56451,01/09/26 23:31,S011,Planta_2,89.58,4.24
56465,01/09/26 23:31,S025,Planta_3,102.39,2.95
56475,01/09/26 23:31,S035,Planta_4,99.61,5.26
56481,01/09/26 23:32,S001,Planta_1,96.43,3.59
56484,01/09/26 23:32,S004,Planta_1,96.43,1.01
56501,01/09/26 23:32,S021,Planta_3,97.72,1.46
56510,01/09/26 23:32,S030,Planta_3,102.37,1.35
56540,01/09/26 23:33,S020,Planta_2,102.15,4.55
56564,01/09/26 23:34,S004,Planta_1,103.84,3.49
56565,01/09/26 23:34,S005,Planta_1,96.64,0.78
56604,01/09/26 23:35,S004,Planta_1,89.9,1.22
56605,01/09/26 23:35,S005,Planta_1,103.88,5.34
56624,01/09/26 23:35,S024,Planta_3,88.7,5.1
56656,01/09/26 23:36,S016,Planta_2,95.12,2.6
56665,01/09/26 23:36,S025,Planta_3,86.14,4.69
56667,01/09/26 23:36,S027,Planta_3,90.06,4.16
56694,01/09/26 23:37,S014,Planta_2,90.63,4.74
56707,01/09/26 23:37,S027,Planta_3,93.18,1.61
56717,01/09/26 23:37,S037,Planta_4,89.3,5.27
56752,01/09/26 23:38,S032,Planta_4,101.43,5.4
56753,01/09/26 23:38,S033,Planta_4,88.6,4.02
56769,01/09/26 23:39,S009,Planta_1,86.82,1.17
56806,01/09/26 23:40,S006,Planta_1,101.05,1.42
56837,01/09/26 23:40,S037,Planta_4,93.91,1.87
56838,01/09/26 23:40,S038,Planta_4,100.88,4.53
56849,01/09/26 23:41,S009,Planta_1,101.71,3.19
56860,01/09/26 23:41,S020,Planta_2,96.19,2.67
56886,01/09/26 23:42,S006,Planta_1,99.97,3.68
56896,01/09/26 23:42,S016,Planta_2,101.12,3.58
56903,01/09/26 23:42,S023,Planta_3,87.48,3.13
56911,01/09/26 23:42,S031,Planta_4,94.44,5.18
56925,01/09/26 23:43,S005,Planta_1,95.21,1.1
56932,01/09/26 23:43,S012,Planta_2,92.28,4.66
56953,01/09/26 23:43,S033,Planta_4,94.78,1.28
56960,01/09/26 23:43,S040,Planta_4,98.95,2.3
56980,01/09/26 23:44,S020,Planta_2,89.52,2.26
56983,01/09/26 23:44,S023,Planta_3,100.79,5.23
56987,01/09/26 23:44,S027,Planta_3,87.31,2.23
56998,01/09/26 23:44,S038,Planta_4,102.34,1.61
57000,01/09/26 23:44,S040,Planta_4,85.37,5.42
57015,01/09/26 23:45,S015,Planta_2,89.49,5.32
57027,01/09/26 23:45,S027,Planta_3,86.85,3.17
57056,01/09/26 23:46,S016,Planta_2,91.87,2.1
57061,01/09/26 23:46,S021,Planta_3,88.25,3.35
57100,01/09/26 23:47,S020,Planta_2,97.86,2.01
57117,01/09/26 23:47,S037,Planta_4,95.8,2.84
57119,01/09/26 23:47,S039,Planta_4,88.12,2.28
57121,01/09/26 23:48,S001,Planta_1,99.04,4.87
57133,01/09/26 23:48,S013,Planta_2,96.53,1.92
57141,01/09/26 23:48,S021,Planta_3,87.03,4.29
57165,01/09/26 23:49,S005,Planta_1,97.21,2.79
57169,01/09/26 23:49,S009,Planta_1,85.27,2.95
57197,01/09/26 23:49,S037,Planta_4,102.01,0.6
57201,01/09/26 23:50,S001,Planta_1,89.97,2.09
57227,01/09/26 23:50,S027,Planta_3,103.58,3.44
57234,01/09/26 23:50,S034,Planta_4,102.23,4.5
57239,01/09/26 23:50,S039,Planta_4,88.49,1.91
57249,01/09/26 23:51,S009,Planta_1,102.77,1.86
57287,01/09/26 23:52,S007,Planta_1,97.18,4.59
57292,01/09/26 23:52,S012,Planta_2,87.97,1.5
57298,01/09/26 23:52,S018,Planta_2,88.85,2.29
57300,01/09/26 23:52,S020,Planta_2,99.28,2.31
57301,01/09/26 23:52,S021,Planta_3,88.39,0.62
57305,01/09/26 23:52,S025,Planta_3,94.11,2.2
57330,01/09/26 23:53,S010,Planta_1,100.0,2.58
57339,01/09/26 23:53,S019,Planta_2,92.18,3.23
57352,01/09/26 23:53,S032,Planta_4,91.76,5.14
57358,01/09/26 23:53,S038,Planta_4,97.84,4.25
57369,01/09/26 23:54,S009,Planta_1,86.5,4.1
57371,01/09/26 23:54,S011,Planta_2,93.55,3.5
57387,01/09/26 23:54,S027,Planta_3,93.95,3.86
57412,01/09/26 23:55,S012,Planta_2,95.19,2.37
57434,01/09/26 23:55,S034,Planta_4,85.39,2.41
57446,01/09/26 23:56,S006,Planta_1,94.05,4.59
57484,01/09/26 23:57,S004,Planta_1,88.63,1.18
57525,01/09/26 23:58,S005,Planta_1,99.87,1.49
57526,01/09/26 23:58,S006,Planta_1,98.64,2.29
57530,01/09/26 23:58,S010,Planta_1,92.71,1.04
57531,01/09/26 23:58,S011,Planta_2,94.17,3.05
57533,01/09/26 23:58,S013,Planta_2,94.35,1.32
57534,01/09/26 23:58,S014,Planta_2,102.17,1.95
57543,01/09/26 23:58,S023,Planta_3,86.6,4.99
57546,01/09/26 23:58,S026,Planta_3,102.28,3.5
57558,01/09/26 23:58,S038,Planta_4,85.24,3.51
57568,01/09/26 23:59,S008,Planta_1,90.27,1.39
57591,01/09/26 23:59,S031,Planta_4,89.43,3.48
57596,01/09/26 23:59,S036,Planta_4,92.76,2.62
57598,01/09/26 23:59,S038,Planta_4,87.34,4.59
57610,02/09/26 0:00,S010,Planta_1,102.71,4.17
57612,02/09/26 0:00,S012,Planta_2,87.86,3.1
57625,02/09/26 0:00,S025,Planta_3,104.66,1.7
57639,02/09/26 0:00,S039,Planta_4,98.9,3.05
57646,02/09/26 0:01,S006,Planta_1,88.8,4.88
57649,02/09/26 0:01,S009,Planta_1,86.33,0.93
57656,02/09/26 0:01,S016,Planta_2,96.26,2.95
57699,02/09/26 0:02,S019,Planta_2,94.01,1.87
57721,02/09/26 0:03,S001,Planta_1,86.49,2.35
57728,02/09/26 0:03,S008,Planta_1,91.1,0.5
57740,02/09/26 0:03,S020,Planta_2,93.39,2.04
57745,02/09/26 0:03,S025,Planta_3,104.62,5.06
57753,02/09/26 0:03,S033,Planta_4,93.2,2.05
57772,02/09/26 0:04,S012,Planta_2,85.3,1.7
57779,02/09/26 0:04,S019,Planta_2,91.38,4.05
57800,02/09/26 0:04,S040,Planta_4,97.31,4.55
57801,02/09/26 0:05,S001,Planta_1,104.07,1.67
57807,02/09/26 0:05,S007,Planta_1,99.7,1.68
57810,02/09/26 0:05,S010,Planta_1,97.31,4.57
57852,02/09/26 0:06,S012,Planta_2,93.77,0.53
57867,02/09/26 0:06,S027,Planta_3,95.6,1.9
57874,02/09/26 0:06,S034,Planta_4,86.89,3.12
57875,02/09/26 0:06,S035,Planta_4,85.1,4.17
57877,02/09/26 0:06,S037,Planta_4,90.87,3.22
57925,02/09/26 0:08,S005,Planta_1,86.1,4.32
57935,02/09/26 0:08,S015,Planta_2,101.79,4.76
57944,02/09/26 0:08,S024,Planta_3,86.35,5.17
57952,02/09/26 0:08,S032,Planta_4,95.2,0.85
57973,02/09/26 0:09,S013,Planta_2,85.38,2.22
57978,02/09/26 0:09,S018,Planta_2,88.1,3.51
57998,02/09/26 0:09,S038,Planta_4,91.61,2.3
57999,02/09/26 0:09,S039,Planta_4,85.44,2.33
58004,02/09/26 0:10,S004,Planta_1,102.38,0.71
58012,02/09/26 0:10,S012,Planta_2,90.3,4.68
58018,02/09/26 0:10,S018,Planta_2,94.24,5.03
58019,02/09/26 0:10,S019,Planta_2,88.61,4.31
58022,02/09/26 0:10,S022,Planta_3,90.12,4.44
58055,02/09/26 0:11,S015,Planta_2,96.38,4.05
58065,02/09/26 0:11,S025,Planta_3,86.18,4.1
58078,02/09/26 0:11,S038,Planta_4,90.46,4.45
58085,02/09/26 0:12,S005,Planta_1,90.8,4.41
58091,02/09/26 0:12,S011,Planta_2,94.51,1.27
58100,02/09/26 0:12,S020,Planta_2,86.17,4.49
58112,02/09/26 0:12,S032,Planta_4,97.64,5.13
58118,02/09/26 0:12,S038,Planta_4,97.23,1.89
58153,02/09/26 0:13,S033,Planta_4,93.91,2.07
58184,02/09/26 0:14,S024,Planta_3,85.1,5.27
58192,02/09/26 0:14,S032,Planta_4,96.31,1.9
58208,02/09/26 0:15,S008,Planta_1,92.46,4.95
58211,02/09/26 0:15,S011,Planta_2,86.19,2.5
58214,02/09/26 0:15,S014,Planta_2,101.1,1.96
58218,02/09/26 0:15,S018,Planta_2,97.73,2.15
58221,02/09/26 0:15,S021,Planta_3,98.91,2.42
58223,02/09/26 0:15,S023,Planta_3,93.11,5.38
58225,02/09/26 0:15,S025,Planta_3,90.21,2.19
58235,02/09/26 0:15,S035,Planta_4,101.13,4.91
58285,02/09/26 0:17,S005,Planta_1,103.22,0.79
58293,02/09/26 0:17,S013,Planta_2,87.96,1.24
58299,02/09/26 0:17,S019,Planta_2,94.39,4.29
58302,02/09/26 0:17,S022,Planta_3,88.35,1.31
58321,02/09/26 0:18,S001,Planta_1,102.24,0.76
58329,02/09/26 0:18,S009,Planta_1,101.07,1.49
58364,02/09/26 0:19,S004,Planta_1,97.35,4.67
58375,02/09/26 0:19,S015,Planta_2,87.24,5.1
58377,02/09/26 0:19,S017,Planta_2,103.34,1.64
58382,02/09/26 0:19,S022,Planta_3,93.42,2.19
58384,02/09/26 0:19,S024,Planta_3,87.05,1.4
58388,02/09/26 0:19,S028,Planta_3,97.79,4.7
58393,02/09/26 0:19,S033,Planta_4,89.27,5.21
58430,02/09/26 0:20,S030,Planta_3,98.42,4.1
58436,02/09/26 0:20,S036,Planta_4,91.28,2.48
58440,02/09/26 0:20,S040,Planta_4,88.04,5.38
58442,02/09/26 0:21,S002,Planta_1,87.58,1.37
58456,02/09/26 0:21,S016,Planta_2,99.33,4.76
58466,02/09/26 0:21,S026,Planta_3,95.69,2.8
58475,02/09/26 0:21,S035,Planta_4,90.02,5.49
58484,02/09/26 0:22,S004,Planta_1,102.81,1.83
58499,02/09/26 0:22,S019,Planta_2,102.31,4.0
58511,02/09/26 0:22,S031,Planta_4,94.1,3.24
58521,02/09/26 0:23,S001,Planta_1,86.43,1.79
58534,02/09/26 0:23,S014,Planta_2,91.9,3.05
58546,02/09/26 0:23,S026,Planta_3,87.35,3.26
58555,02/09/26 0:23,S035,Planta_4,100.58,3.01
58562,02/09/26 0:24,S002,Planta_1,90.04,2.19
58602,02/09/26 0:25,S002,Planta_1,92.92,1.46
58607,02/09/26 0:25,S007,Planta_1,91.64,4.12
58616,02/09/26 0:25,S016,Planta_2,87.27,3.94
58628,02/09/26 0:25,S028,Planta_3,89.73,5.23
58650,02/09/26 0:26,S010,Planta_1,94.7,1.18
58669,02/09/26 0:26,S029,Planta_3,100.8,4.48
58670,02/09/26 0:26,S030,Planta_3,98.59,2.06
58685,02/09/26 0:27,S005,Planta_1,93.2,3.39
58712,02/09/26 0:27,S032,Planta_4,98.74,4.42
58727,02/09/26 0:28,S007,Planta_1,93.53,1.99
58730,02/09/26 0:28,S010,Planta_1,85.58,3.35
58742,02/09/26 0:28,S022,Planta_3,86.11,2.91
58767,02/09/26 0:29,S007,Planta_1,91.27,4.25
58769,02/09/26 0:29,S009,Planta_1,90.17,1.42
58787,02/09/26 0:29,S027,Planta_3,91.9,1.86
58798,02/09/26 0:29,S038,Planta_4,104.69,3.3
58816,02/09/26 0:30,S016,Planta_2,88.78,4.18
58824,02/09/26 0:30,S024,Planta_3,100.91,3.59
58825,02/09/26 0:30,S025,Planta_3,86.15,1.2
58844,02/09/26 0:31,S004,Planta_1,99.51,3.14
58870,02/09/26 0:31,S030,Planta_3,98.89,2.09
58885,02/09/26 0:32,S005,Planta_1,86.49,5.0
58889,02/09/26 0:32,S009,Planta_1,104.23,2.11
58896,02/09/26 0:32,S016,Planta_2,100.73,2.65
58921,02/09/26 0:33,S001,Planta_1,96.75,5.25
58924,02/09/26 0:33,S004,Planta_1,97.78,3.46
58927,02/09/26 0:33,S007,Planta_1,96.85,2.38
58938,02/09/26 0:33,S018,Planta_2,104.38,2.92
58968,02/09/26 0:34,S008,Planta_1,91.75,1.9
58982,02/09/26 0:34,S022,Planta_3,94.05,4.58
58983,02/09/26 0:34,S023,Planta_3,101.08,4.45
59005,02/09/26 0:35,S005,Planta_1,100.37,3.45
59008,02/09/26 0:35,S008,Planta_1,90.89,4.54
59031,02/09/26 0:35,S031,Planta_4,100.69,1.38
59032,02/09/26 0:35,S032,Planta_4,100.82,3.83
59033,02/09/26 0:35,S033,Planta_4,103.89,5.4
59040,02/09/26 0:35,S040,Planta_4,96.69,4.16
59041,02/09/26 0:36,S001,Planta_1,94.89,2.22
59057,02/09/26 0:36,S017,Planta_2,86.21,4.19
59060,02/09/26 0:36,S020,Planta_2,85.73,4.24
59063,02/09/26 0:36,S023,Planta_3,85.91,4.37
59086,02/09/26 0:37,S006,Planta_1,99.07,3.73
59091,02/09/26 0:37,S011,Planta_2,99.57,5.01
59112,02/09/26 0:37,S032,Planta_4,89.0,4.59
59116,02/09/26 0:37,S036,Planta_4,93.79,2.46
59117,02/09/26 0:37,S037,Planta_4,88.34,1.83
59130,02/09/26 0:38,S010,Planta_1,104.52,5.09
59152,02/09/26 0:38,S032,Planta_4,92.41,4.42
59162,02/09/26 0:39,S002,Planta_1,101.32,1.57
59167,02/09/26 0:39,S007,Planta_1,89.68,1.16
59182,02/09/26 0:39,S022,Planta_3,92.39,3.65
59187,02/09/26 0:39,S027,Planta_3,99.88,2.47
59199,02/09/26 0:39,S039,Planta_4,102.71,2.24
59209,02/09/26 0:40,S009,Planta_1,88.5,3.1
59211,02/09/26 0:40,S011,Planta_2,96.87,4.32
59216,02/09/26 0:40,S016,Planta_2,102.17,3.09
59238,02/09/26 0:40,S038,Planta_4,104.95,1.55
59247,02/09/26 0:41,S007,Planta_1,89.43,0.58
59248,02/09/26 0:41,S008,Planta_1,100.15,3.27
59276,02/09/26 0:41,S036,Planta_4,89.94,1.1
59297,02/09/26 0:42,S017,Planta_2,90.75,2.19
59305,02/09/26 0:42,S025,Planta_3,86.61,5.23
59306,02/09/26 0:42,S026,Planta_3,93.49,3.31
59308,02/09/26 0:42,S028,Planta_3,97.9,5.0
59309,02/09/26 0:42,S029,Planta_3,89.52,3.63
59322,02/09/26 0:43,S002,Planta_1,102.31,3.6
59355,02/09/26 0:43,S035,Planta_4,101.52,4.35
59363,02/09/26 0:44,S003,Planta_1,87.63,5.27
59367,02/09/26 0:44,S007,Planta_1,89.67,4.02
59370,02/09/26 0:44,S010,Planta_1,98.87,0.9
59380,02/09/26 0:44,S020,Planta_2,88.46,3.2
59409,02/09/26 0:45,S009,Planta_1,94.49,3.23
59430,02/09/26 0:45,S030,Planta_3,89.77,2.41
59467,02/09/26 0:46,S027,Planta_3,95.46,3.54
59484,02/09/26 0:47,S004,Planta_1,95.13,3.64
59495,02/09/26 0:47,S015,Planta_2,96.68,3.61
59499,02/09/26 0:47,S019,Planta_2,99.22,1.12
59539,02/09/26 0:48,S019,Planta_2,89.37,1.73
59567,02/09/26 0:49,S007,Planta_1,89.68,2.16
59597,02/09/26 0:49,S037,Planta_4,93.3,5.16
59600,02/09/26 0:49,S040,Planta_4,104.14,4.5
59610,02/09/26 0:50,S010,Planta_1,88.62,1.52
59621,02/09/26 0:50,S021,Planta_3,97.08,0.56
59651,02/09/26 0:51,S011,Planta_2,100.1,2.06
59687,02/09/26 0:52,S007,Planta_1,91.82,3.02
59697,02/09/26 0:52,S017,Planta_2,100.78,0.64
59720,02/09/26 0:52,S040,Planta_4,93.63,5.4
59741,02/09/26 0:53,S021,Planta_3,94.9,4.9
59757,02/09/26 0:53,S037,Planta_4,91.49,5.2
59762,02/09/26 0:54,S002,Planta_1,91.93,1.44
59770,02/09/26 0:54,S010,Planta_1,88.23,4.65
59779,02/09/26 0:54,S019,Planta_2,89.09,5.23
59816,02/09/26 0:55,S016,Planta_2,96.0,1.21
59860,02/09/26 0:56,S020,Planta_2,94.96,3.93
59881,02/09/26 0:57,S001,Planta_1,93.79,2.29
59942,02/09/26 0:58,S022,Planta_3,101.95,0.61
59955,02/09/26 0:58,S035,Planta_4,92.28,4.98
59963,02/09/26 0:59,S003,Planta_1,102.17,3.75
59973,02/09/26 0:59,S013,Planta_2,103.17,3.0
60030,02/09/26 1:00,S030,Planta_3,89.76,1.9
60033,02/09/26 1:00,S033,Planta_4,101.27,1.85
60042,02/09/26 1:01,S002,Planta_1,101.36,1.29
60056,02/09/26 1:01,S016,Planta_2,92.43,1.83
60078,02/09/26 1:01,S038,Planta_4,102.73,2.22
60081,02/09/26 1:02,S001,Planta_1,94.27,3.33
60086,02/09/26 1:02,S006,Planta_1,90.94,5.43
60092,02/09/26 1:02,S012,Planta_2,93.25,3.82
60100,02/09/26 1:02,S020,Planta_2,85.31,0.58
60103,02/09/26 1:02,S023,Planta_3,104.86,4.42
60113,02/09/26 1:02,S033,Planta_4,98.2,2.03
60116,02/09/26 1:02,S036,Planta_4,86.95,1.5
60162,02/09/26 1:04,S002,Planta_1,98.64,3.58
60167,02/09/26 1:04,S007,Planta_1,91.67,1.0
60177,02/09/26 1:04,S017,Planta_2,101.14,4.51
60178,02/09/26 1:04,S018,Planta_2,95.8,5.49
60188,02/09/26 1:04,S028,Planta_3,102.49,0.69
60190,02/09/26 1:04,S030,Planta_3,90.15,2.09
60194,02/09/26 1:04,S034,Planta_4,91.1,4.73
60244,02/09/26 1:06,S004,Planta_1,89.19,4.74
60253,02/09/26 1:06,S013,Planta_2,85.32,2.78
60261,02/09/26 1:06,S021,Planta_3,91.17,3.61
60272,02/09/26 1:06,S032,Planta_4,90.07,4.47
60290,02/09/26 1:07,S010,Planta_1,86.27,5.15
60301,02/09/26 1:07,S021,Planta_3,89.19,2.68
60319,02/09/26 1:07,S039,Planta_4,95.15,2.2
60327,02/09/26 1:08,S007,Planta_1,100.12,0.97
60341,02/09/26 1:08,S021,Planta_3,104.54,4.95
60349,02/09/26 1:08,S029,Planta_3,93.13,2.86
60378,02/09/26 1:09,S018,Planta_2,90.35,2.24
60382,02/09/26 1:09,S022,Planta_3,86.87,4.37
60387,02/09/26 1:09,S027,Planta_3,85.05,0.53
60406,02/09/26 1:10,S006,Planta_1,93.02,0.62
60417,02/09/26 1:10,S017,Planta_2,90.89,3.06
60418,02/09/26 1:10,S018,Planta_2,97.98,2.45
60450,02/09/26 1:11,S010,Planta_1,100.9,5.11
60474,02/09/26 1:11,S034,Planta_4,90.11,1.56
60501,02/09/26 1:12,S021,Planta_3,91.03,2.4
60560,02/09/26 1:13,S040,Planta_4,103.87,2.32
60628,02/09/26 1:15,S028,Planta_3,94.02,4.92
60636,02/09/26 1:15,S036,Planta_4,97.39,1.96
60637,02/09/26 1:15,S037,Planta_4,85.36,4.33
60642,02/09/26 1:16,S002,Planta_1,87.75,3.32
60678,02/09/26 1:16,S038,Planta_4,87.13,3.29
60709,02/09/26 1:17,S029,Planta_3,93.08,2.94
60727,02/09/26 1:18,S007,Planta_1,86.06,2.34
60739,02/09/26 1:18,S019,Planta_2,104.88,0.58
60765,02/09/26 1:19,S005,Planta_1,85.44,4.04
60766,02/09/26 1:19,S006,Planta_1,94.18,0.82
60793,02/09/26 1:19,S033,Planta_4,99.28,3.05
60798,02/09/26 1:19,S038,Planta_4,86.94,4.32
60811,02/09/26 1:20,S011,Planta_2,98.55,5.13
60852,02/09/26 1:21,S012,Planta_2,99.31,5.01
60859,02/09/26 1:21,S019,Planta_2,85.14,2.65
60891,02/09/26 1:22,S011,Planta_2,103.03,1.76
60905,02/09/26 1:22,S025,Planta_3,89.19,2.89
60946,02/09/26 1:23,S026,Planta_3,94.29,2.26
60970,02/09/26 1:24,S010,Planta_1,102.15,3.32
61000,02/09/26 1:24,S040,Planta_4,99.55,1.3
61007,02/09/26 1:25,S007,Planta_1,95.53,1.46
61047,02/09/26 1:26,S007,Planta_1,85.73,3.65
61048,02/09/26 1:26,S008,Planta_1,89.07,1.96
61049,02/09/26 1:26,S009,Planta_1,98.99,1.36
61074,02/09/26 1:26,S034,Planta_4,104.36,2.62
61077,02/09/26 1:26,S037,Planta_4,96.74,5.25
61085,02/09/26 1:27,S005,Planta_1,104.54,3.81
61086,02/09/26 1:27,S006,Planta_1,104.52,1.05
61147,02/09/26 1:28,S027,Planta_3,93.96,2.04
61155,02/09/26 1:28,S035,Planta_4,88.1,3.71
61166,02/09/26 1:29,S006,Planta_1,103.46,2.54
61168,02/09/26 1:29,S008,Planta_1,91.04,2.62
61185,02/09/26 1:29,S025,Planta_3,85.08,2.24
61194,02/09/26 1:29,S034,Planta_4,85.57,4.09
61235,02/09/26 1:30,S035,Planta_4,93.83,3.13
61262,02/09/26 1:31,S022,Planta_3,86.5,5.19
61293,02/09/26 1:32,S013,Planta_2,104.73,2.03
61315,02/09/26 1:32,S035,Planta_4,95.99,1.45
61322,02/09/26 1:33,S002,Planta_1,98.84,1.22
61323,02/09/26 1:33,S003,Planta_1,99.79,4.97
61355,02/09/26 1:33,S035,Planta_4,103.5,2.06
61393,02/09/26 1:34,S033,Planta_4,98.05,2.31
61397,02/09/26 1:34,S037,Planta_4,91.93,2.76
61411,02/09/26 1:35,S011,Planta_2,95.78,1.53
61415,02/09/26 1:35,S015,Planta_2,96.59,2.28
61474,02/09/26 1:36,S034,Planta_4,93.14,2.38
61479,02/09/26 1:36,S039,Planta_4,85.48,3.35
61481,02/09/26 1:37,S001,Planta_1,85.29,3.35
61509,02/09/26 1:37,S029,Planta_3,102.97,1.96
61527,02/09/26 1:38,S007,Planta_1,88.03,2.85
61528,02/09/26 1:38,S008,Planta_1,95.44,3.35
61564,02/09/26 1:39,S004,Planta_1,94.42,3.09
61595,02/09/26 1:39,S035,Planta_4,92.66,1.52
61624,02/09/26 1:40,S024,Planta_3,101.57,5.26
61660,02/09/26 1:41,S020,Planta_2,94.8,3.03
61666,02/09/26 1:41,S026,Planta_3,87.74,5.32
61675,02/09/26 1:41,S035,Planta_4,92.56,4.18
61722,02/09/26 1:43,S002,Planta_1,87.4,1.52
61744,02/09/26 1:43,S024,Planta_3,100.69,2.13
61750,02/09/26 1:43,S030,Planta_3,96.05,1.01
61754,02/09/26 1:43,S034,Planta_4,101.96,2.51
61766,02/09/26 1:44,S006,Planta_1,99.7,2.55
61794,02/09/26 1:44,S034,Planta_4,97.07,1.98
61800,02/09/26 1:44,S040,Planta_4,85.87,4.04
61802,02/09/26 1:45,S002,Planta_1,92.11,0.56
61843,02/09/26 1:46,S003,Planta_1,98.35,2.15
61862,02/09/26 1:46,S022,Planta_3,87.25,2.43
61947,02/09/26 1:48,S027,Planta_3,87.14,3.78
61997,02/09/26 1:49,S037,Planta_4,104.95,0.98
62014,02/09/26 1:50,S014,Planta_2,97.6,3.44
62058,02/09/26 1:51,S018,Planta_2,100.32,2.97
62083,02/09/26 1:52,S003,Planta_1,93.56,3.64
62099,02/09/26 1:52,S019,Planta_2,100.77,3.75
62104,02/09/26 1:52,S024,Planta_3,93.91,4.68
62118,02/09/26 1:52,S038,Planta_4,91.58,4.39
62121,02/09/26 1:53,S001,Planta_1,103.21,3.37
62125,02/09/26 1:53,S005,Planta_1,94.67,0.55
62129,02/09/26 1:53,S009,Planta_1,88.27,2.2
62139,02/09/26 1:53,S019,Planta_2,100.8,4.74
62166,02/09/26 1:54,S006,Planta_1,100.47,2.69
62190,02/09/26 1:54,S030,Planta_3,96.38,3.79
62207,02/09/26 1:55,S007,Planta_1,102.93,3.28
62236,02/09/26 1:55,S036,Planta_4,86.69,5.45
62244,02/09/26 1:56,S004,Planta_1,98.78,5.39
62256,02/09/26 1:56,S016,Planta_2,98.73,3.1
62264,02/09/26 1:56,S024,Planta_3,99.77,3.18
62274,02/09/26 1:56,S034,Planta_4,99.13,3.06
62312,02/09/26 1:57,S032,Planta_4,86.77,3.24
62314,02/09/26 1:57,S034,Planta_4,93.11,5.1
62331,02/09/26 1:58,S011,Planta_2,101.74,4.03
62339,02/09/26 1:58,S019,Planta_2,85.76,1.77
62340,02/09/26 1:58,S020,Planta_2,90.95,3.6
62387,02/09/26 1:59,S027,Planta_3,86.3,2.79
62391,02/09/26 1:59,S031,Planta_4,102.92,1.64
62413,02/09/26 2:00,S013,Planta_2,86.78,1.5
62435,02/09/26 2:00,S035,Planta_4,99.8,3.25
62436,02/09/26 2:00,S036,Planta_4,87.76,1.74
62450,02/09/26 2:01,S010,Planta_1,91.64,4.7
62480,02/09/26 2:01,S040,Planta_4,85.14,1.97
62482,02/09/26 2:02,S002,Planta_1,102.08,1.65
62485,02/09/26 2:02,S005,Planta_1,98.42,2.77
62486,02/09/26 2:02,S006,Planta_1,93.09,0.97
62488,02/09/26 2:02,S008,Planta_1,87.76,2.74
62499,02/09/26 2:02,S019,Planta_2,85.23,0.63
62500,02/09/26 2:02,S020,Planta_2,101.08,2.55
62509,02/09/26 2:02,S029,Planta_3,88.6,1.68
62539,02/09/26 2:03,S019,Planta_2,87.89,3.52
62567,02/09/26 2:04,S007,Planta_1,98.75,0.58
62606,02/09/26 2:05,S006,Planta_1,94.39,4.94
62608,02/09/26 2:05,S008,Planta_1,103.03,2.31
62622,02/09/26 2:05,S022,Planta_3,86.34,3.01
62623,02/09/26 2:05,S023,Planta_3,102.79,4.87
62629,02/09/26 2:05,S029,Planta_3,89.55,1.05
62707,02/09/26 2:07,S027,Planta_3,98.99,1.67
62739,02/09/26 2:08,S019,Planta_2,99.54,2.25
62757,02/09/26 2:08,S037,Planta_4,98.11,0.76
62774,02/09/26 2:09,S014,Planta_2,103.62,3.44
62780,02/09/26 2:09,S020,Planta_2,86.56,0.79
62786,02/09/26 2:09,S026,Planta_3,95.13,4.39
62790,02/09/26 2:09,S030,Planta_3,95.07,4.67
62819,02/09/26 2:10,S019,Planta_2,102.95,0.67
62824,02/09/26 2:10,S024,Planta_3,99.29,4.6
62833,02/09/26 2:10,S033,Planta_4,99.35,4.28
62854,02/09/26 2:11,S014,Planta_2,87.38,1.99
62872,02/09/26 2:11,S032,Planta_4,93.87,3.73
62903,02/09/26 2:12,S023,Planta_3,98.75,5.13
62904,02/09/26 2:12,S024,Planta_3,87.45,4.35
62906,02/09/26 2:12,S026,Planta_3,86.83,3.02
62912,02/09/26 2:12,S032,Planta_4,102.86,3.7
62935,02/09/26 2:13,S015,Planta_2,89.93,4.76
62946,02/09/26 2:13,S026,Planta_3,102.21,1.34
63011,02/09/26 2:15,S011,Planta_2,94.76,4.58
63029,02/09/26 2:15,S029,Planta_3,85.04,4.72
63042,02/09/26 2:16,S002,Planta_1,104.98,3.32
63052,02/09/26 2:16,S012,Planta_2,101.68,3.31
63056,02/09/26 2:16,S016,Planta_2,88.27,0.63
63073,02/09/26 2:16,S033,Planta_4,88.39,2.24
63095,02/09/26 2:17,S015,Planta_2,97.24,3.31
63107,02/09/26 2:17,S027,Planta_3,93.93,4.03
63121,02/09/26 2:18,S001,Planta_1,99.65,1.32
63136,02/09/26 2:18,S016,Planta_2,92.16,3.52
63142,02/09/26 2:18,S022,Planta_3,104.53,1.54
63150,02/09/26 2:18,S030,Planta_3,85.65,2.42
63153,02/09/26 2:18,S033,Planta_4,94.2,1.92
63155,02/09/26 2:18,S035,Planta_4,95.84,2.99
63167,02/09/26 2:19,S007,Planta_1,93.74,2.55
63179,02/09/26 2:19,S019,Planta_2,92.0,4.19
63199,02/09/26 2:19,S039,Planta_4,94.15,5.26
63250,02/09/26 2:21,S010,Planta_1,103.86,4.89
63251,02/09/26 2:21,S011,Planta_2,85.1,1.51
63255,02/09/26 2:21,S015,Planta_2,87.28,4.8
63277,02/09/26 2:21,S037,Planta_4,95.1,3.33
63279,02/09/26 2:21,S039,Planta_4,102.97,3.62
63286,02/09/26 2:22,S006,Planta_1,103.58,1.27
63300,02/09/26 2:22,S020,Planta_2,97.91,5.12
63305,02/09/26 2:22,S025,Planta_3,102.48,0.99
63317,02/09/26 2:22,S037,Planta_4,90.08,4.76
63340,02/09/26 2:23,S020,Planta_2,98.55,5.13
63364,02/09/26 2:24,S004,Planta_1,93.91,5.24
63393,02/09/26 2:24,S033,Planta_4,93.19,3.92
63411,02/09/26 2:25,S011,Planta_2,95.53,5.14
63459,02/09/26 2:26,S019,Planta_2,97.13,0.7
63460,02/09/26 2:26,S020,Planta_2,99.36,3.13
63462,02/09/26 2:26,S022,Planta_3,89.7,3.23
63471,02/09/26 2:26,S031,Planta_4,99.96,1.61
63494,02/09/26 2:27,S014,Planta_2,102.85,4.74
63505,02/09/26 2:27,S025,Planta_3,104.89,4.11
63508,02/09/26 2:27,S028,Planta_3,102.56,3.91
63558,02/09/26 2:28,S038,Planta_4,87.83,1.1
63567,02/09/26 2:29,S007,Planta_1,91.2,0.65
63630,02/09/26 2:30,S030,Planta_3,98.01,1.19
63661,02/09/26 2:31,S021,Planta_3,87.99,4.86
63662,02/09/26 2:31,S022,Planta_3,90.66,2.48
63663,02/09/26 2:31,S023,Planta_3,88.11,5.09
63674,02/09/26 2:31,S034,Planta_4,95.96,3.66
63689,02/09/26 2:32,S009,Planta_1,100.71,3.04
63712,02/09/26 2:32,S032,Planta_4,97.57,5.32
63724,02/09/26 2:33,S004,Planta_1,85.65,2.05
63733,02/09/26 2:33,S013,Planta_2,96.99,1.53
63738,02/09/26 2:33,S018,Planta_2,94.25,5.37
63814,02/09/26 2:35,S014,Planta_2,98.98,2.02
63848,02/09/26 2:36,S008,Planta_1,99.21,3.8
63859,02/09/26 2:36,S019,Planta_2,99.72,3.27
63869,02/09/26 2:36,S029,Planta_3,88.81,3.19
63886,02/09/26 2:37,S006,Planta_1,91.87,1.96
63897,02/09/26 2:37,S017,Planta_2,91.75,4.53
63916,02/09/26 2:37,S036,Planta_4,86.79,2.17
63922,02/09/26 2:38,S002,Planta_1,100.16,1.64
63932,02/09/26 2:38,S012,Planta_2,103.27,4.17
63952,02/09/26 2:38,S032,Planta_4,99.13,0.52
63970,02/09/26 2:39,S010,Planta_1,95.86,2.1
64008,02/09/26 2:40,S008,Planta_1,92.3,1.36
64023,02/09/26 2:40,S023,Planta_3,88.48,3.92
64026,02/09/26 2:40,S026,Planta_3,88.81,1.89
64048,02/09/26 2:41,S008,Planta_1,96.23,1.47
64051,02/09/26 2:41,S011,Planta_2,104.53,2.95
64066,02/09/26 2:41,S026,Planta_3,100.83,0.98
64083,02/09/26 2:42,S003,Planta_1,103.41,1.26
64092,02/09/26 2:42,S012,Planta_2,98.49,3.88
64111,02/09/26 2:42,S031,Planta_4,87.62,0.53
64150,02/09/26 2:43,S030,Planta_3,102.38,5.44
64157,02/09/26 2:43,S037,Planta_4,87.76,3.52
64172,02/09/26 2:44,S012,Planta_2,102.88,4.22
64180,02/09/26 2:44,S020,Planta_2,95.83,3.21
64188,02/09/26 2:44,S028,Planta_3,96.58,5.35
64192,02/09/26 2:44,S032,Planta_4,95.26,3.86
64194,02/09/26 2:44,S034,Planta_4,103.33,3.47
64197,02/09/26 2:44,S037,Planta_4,95.28,2.17
64200,02/09/26 2:44,S040,Planta_4,89.72,2.83
64295,02/09/26 2:47,S015,Planta_2,104.14,3.16
64302,02/09/26 2:47,S022,Planta_3,93.56,5.4
64316,02/09/26 2:47,S036,Planta_4,90.5,3.09
64319,02/09/26 2:47,S039,Planta_4,88.16,1.2
64325,02/09/26 2:48,S005,Planta_1,95.26,1.23
64360,02/09/26 2:48,S040,Planta_4,86.62,1.63
64379,02/09/26 2:49,S019,Planta_2,85.6,5.15
64401,02/09/26 2:50,S001,Planta_1,88.1,4.56
64413,02/09/26 2:50,S013,Planta_2,91.96,2.64
64418,02/09/26 2:50,S018,Planta_2,103.48,4.2
64428,02/09/26 2:50,S028,Planta_3,88.43,3.08
64458,02/09/26 2:51,S018,Planta_2,93.05,4.21
64462,02/09/26 2:51,S022,Planta_3,102.98,1.59
64516,02/09/26 2:52,S036,Planta_4,104.0,4.98
64530,02/09/26 2:53,S010,Planta_1,101.13,3.62
64564,02/09/26 2:54,S004,Planta_1,100.75,5.15
64568,02/09/26 2:54,S008,Planta_1,100.33,3.54
64573,02/09/26 2:54,S013,Planta_2,92.67,1.25
64579,02/09/26 2:54,S019,Planta_2,95.72,4.2
64580,02/09/26 2:54,S020,Planta_2,98.48,5.23
64605,02/09/26 2:55,S005,Planta_1,98.35,3.71
64619,02/09/26 2:55,S019,Planta_2,87.85,5.3
64621,02/09/26 2:55,S021,Planta_3,102.88,0.84
64626,02/09/26 2:55,S026,Planta_3,95.85,2.01
64662,02/09/26 2:56,S022,Planta_3,94.98,4.57
64716,02/09/26 2:57,S036,Planta_4,104.24,2.07
64726,02/09/26 2:58,S006,Planta_1,99.61,2.88
64739,02/09/26 2:58,S019,Planta_2,92.49,4.48
64745,02/09/26 2:58,S025,Planta_3,88.46,4.33
64787,02/09/26 2:59,S027,Planta_3,103.58,1.47
64791,02/09/26 2:59,S031,Planta_4,97.45,1.29
64817,02/09/26 3:00,S017,Planta_2,96.16,3.74
64819,02/09/26 3:00,S019,Planta_2,102.98,3.11
64822,02/09/26 3:00,S022,Planta_3,88.12,1.21
64826,02/09/26 3:00,S026,Planta_3,94.13,0.87
64829,02/09/26 3:00,S029,Planta_3,95.01,2.3
64832,02/09/26 3:00,S032,Planta_4,88.86,3.55
64833,02/09/26 3:00,S033,Planta_4,103.46,2.1
64835,02/09/26 3:00,S035,Planta_4,86.34,2.7
64851,02/09/26 3:01,S011,Planta_2,92.0,4.38
64856,02/09/26 3:01,S016,Planta_2,92.37,4.96
64867,02/09/26 3:01,S027,Planta_3,89.63,2.78
64887,02/09/26 3:02,S007,Planta_1,93.99,3.71
64889,02/09/26 3:02,S009,Planta_1,95.98,1.19
64901,02/09/26 3:02,S021,Planta_3,86.2,2.67
64913,02/09/26 3:02,S033,Planta_4,91.05,1.75
64914,02/09/26 3:02,S034,Planta_4,90.37,3.17
64928,02/09/26 3:03,S008,Planta_1,90.11,1.69
64944,02/09/26 3:03,S024,Planta_3,102.04,2.77
64952,02/09/26 3:03,S032,Planta_4,104.17,1.57
64954,02/09/26 3:03,S034,Planta_4,104.9,2.85
64960,02/09/26 3:03,S040,Planta_4,97.67,3.73
64983,02/09/26 3:04,S023,Planta_3,85.19,0.53
65006,02/09/26 3:05,S006,Planta_1,99.51,5.26
65014,02/09/26 3:05,S014,Planta_2,95.03,1.18
65052,02/09/26 3:06,S012,Planta_2,88.09,0.86
65053,02/09/26 3:06,S013,Planta_2,92.23,3.34
65071,02/09/26 3:06,S031,Planta_4,90.74,1.47
65077,02/09/26 3:06,S037,Planta_4,94.76,0.54
65097,02/09/26 3:07,S017,Planta_2,91.24,1.09
65098,02/09/26 3:07,S018,Planta_2,88.54,4.85
65099,02/09/26 3:07,S019,Planta_2,98.72,2.45
65100,02/09/26 3:07,S020,Planta_2,94.82,5.05
65106,02/09/26 3:07,S026,Planta_3,103.74,3.11
65117,02/09/26 3:07,S037,Planta_4,92.1,5.22
65124,02/09/26 3:08,S004,Planta_1,102.88,0.96
65127,02/09/26 3:08,S007,Planta_1,100.66,3.54
65131,02/09/26 3:08,S011,Planta_2,87.96,2.56
65135,02/09/26 3:08,S015,Planta_2,104.09,4.35
65163,02/09/26 3:09,S003,Planta_1,85.9,2.42
65203,02/09/26 3:10,S003,Planta_1,89.44,0.62
65212,02/09/26 3:10,S012,Planta_2,92.27,4.01
65214,02/09/26 3:10,S014,Planta_2,98.91,3.47
65227,02/09/26 3:10,S027,Planta_3,99.92,1.55
65249,02/09/26 3:11,S009,Planta_1,91.36,1.31
65264,02/09/26 3:11,S024,Planta_3,95.1,2.88
65270,02/09/26 3:11,S030,Planta_3,102.04,4.8
65281,02/09/26 3:12,S001,Planta_1,95.52,5.26
65298,02/09/26 3:12,S018,Planta_2,93.06,1.09
65320,02/09/26 3:12,S040,Planta_4,89.83,4.47
65326,02/09/26 3:13,S006,Planta_1,101.02,3.75
65328,02/09/26 3:13,S008,Planta_1,90.29,1.75
65335,02/09/26 3:13,S015,Planta_2,87.29,3.71
65350,02/09/26 3:13,S030,Planta_3,100.84,5.38
65352,02/09/26 3:13,S032,Planta_4,89.9,0.63
65367,02/09/26 3:14,S007,Planta_1,92.45,2.21
65377,02/09/26 3:14,S017,Planta_2,97.76,1.95
65393,02/09/26 3:14,S033,Planta_4,98.64,5.02
65401,02/09/26 3:15,S001,Planta_1,93.75,2.87
65423,02/09/26 3:15,S023,Planta_3,95.68,4.8
65432,02/09/26 3:15,S032,Planta_4,102.63,4.73
65436,02/09/26 3:15,S036,Planta_4,88.26,3.09
65439,02/09/26 3:15,S039,Planta_4,93.72,2.94
65461,02/09/26 3:16,S021,Planta_3,85.38,3.55
65469,02/09/26 3:16,S029,Planta_3,103.25,3.76
65477,02/09/26 3:16,S037,Planta_4,98.08,0.93
65478,02/09/26 3:16,S038,Planta_4,96.42,3.76
65506,02/09/26 3:17,S026,Planta_3,92.3,5.44
65519,02/09/26 3:17,S039,Planta_4,97.63,2.72
65533,02/09/26 3:18,S013,Planta_2,96.87,1.69
65567,02/09/26 3:19,S007,Planta_1,93.79,1.55
65580,02/09/26 3:19,S020,Planta_2,104.93,0.89
65606,02/09/26 3:20,S006,Planta_1,91.97,2.66
65607,02/09/26 3:20,S007,Planta_1,102.73,2.59
65630,02/09/26 3:20,S030,Planta_3,99.61,1.83
65639,02/09/26 3:20,S039,Planta_4,103.97,5.27
65642,02/09/26 3:21,S002,Planta_1,87.0,3.54
65646,02/09/26 3:21,S006,Planta_1,100.89,4.63
65656,02/09/26 3:21,S016,Planta_2,97.55,5.4
65670,02/09/26 3:21,S030,Planta_3,96.41,0.85
65676,02/09/26 3:21,S036,Planta_4,85.48,0.76
65699,02/09/26 3:22,S019,Planta_2,92.33,0.81
65705,02/09/26 3:22,S025,Planta_3,85.53,0.51
65752,02/09/26 3:23,S032,Planta_4,93.09,0.56
65756,02/09/26 3:23,S036,Planta_4,98.87,4.14
65757,02/09/26 3:23,S037,Planta_4,104.72,4.57
65779,02/09/26 3:24,S019,Planta_2,91.8,3.61
65787,02/09/26 3:24,S027,Planta_3,96.58,1.47
65811,02/09/26 3:25,S011,Planta_2,87.42,3.26
65823,02/09/26 3:25,S023,Planta_3,103.19,2.02
65829,02/09/26 3:25,S029,Planta_3,87.98,1.32
65860,02/09/26 3:26,S020,Planta_2,104.53,0.54
65864,02/09/26 3:26,S024,Planta_3,100.34,0.57
65875,02/09/26 3:26,S035,Planta_4,93.47,5.19
65900,02/09/26 3:27,S020,Planta_2,101.11,2.98
65907,02/09/26 3:27,S027,Planta_3,95.82,1.85
65911,02/09/26 3:27,S031,Planta_4,86.96,1.36
65919,02/09/26 3:27,S039,Planta_4,103.93,2.35
65935,02/09/26 3:28,S015,Planta_2,86.19,1.41
65950,02/09/26 3:28,S030,Planta_3,85.81,0.52
65979,02/09/26 3:29,S019,Planta_2,93.98,3.91
65985,02/09/26 3:29,S025,Planta_3,86.49,4.49
66030,02/09/26 3:30,S030,Planta_3,87.72,1.83
66077,02/09/26 3:31,S037,Planta_4,85.6,3.1
66087,02/09/26 3:32,S007,Planta_1,91.18,3.53
66116,02/09/26 3:32,S036,Planta_4,97.05,2.64
66144,02/09/26 3:33,S024,Planta_3,93.36,4.28
66191,02/09/26 3:34,S031,Planta_4,92.41,4.17
66208,02/09/26 3:35,S008,Planta_1,98.61,1.32
66211,02/09/26 3:35,S011,Planta_2,94.51,3.87
66223,02/09/26 3:35,S023,Planta_3,102.42,2.56
66230,02/09/26 3:35,S030,Planta_3,98.99,5.41
66235,02/09/26 3:35,S035,Planta_4,100.66,0.78
66251,02/09/26 3:36,S011,Planta_2,97.89,2.02
66255,02/09/26 3:36,S015,Planta_2,101.55,1.73
66263,02/09/26 3:36,S023,Planta_3,95.88,3.73
66267,02/09/26 3:36,S027,Planta_3,100.64,4.91
66268,02/09/26 3:36,S028,Planta_3,94.0,2.11
66275,02/09/26 3:36,S035,Planta_4,97.11,1.82
66283,02/09/26 3:37,S003,Planta_1,87.49,1.78
66292,02/09/26 3:37,S012,Planta_2,100.14,1.43
66314,02/09/26 3:37,S034,Planta_4,95.73,2.0
66317,02/09/26 3:37,S037,Planta_4,93.55,3.78
66327,02/09/26 3:38,S007,Planta_1,103.71,1.97
66335,02/09/26 3:38,S015,Planta_2,97.11,4.78
66347,02/09/26 3:38,S027,Planta_3,103.96,0.76
66375,02/09/26 3:39,S015,Planta_2,98.93,1.13
66391,02/09/26 3:39,S031,Planta_4,99.75,0.58
66411,02/09/26 3:40,S011,Planta_2,102.78,0.65
66435,02/09/26 3:40,S035,Planta_4,92.85,4.06
66442,02/09/26 3:41,S002,Planta_1,88.83,2.0
66445,02/09/26 3:41,S005,Planta_1,87.42,4.71
66458,02/09/26 3:41,S018,Planta_2,94.27,0.83
66462,02/09/26 3:41,S022,Planta_3,87.86,2.22
66498,02/09/26 3:42,S018,Planta_2,87.89,2.3
66504,02/09/26 3:42,S024,Planta_3,88.67,4.1
66509,02/09/26 3:42,S029,Planta_3,95.05,3.8
66526,02/09/26 3:43,S006,Planta_1,91.28,4.47
66546,02/09/26 3:43,S026,Planta_3,103.72,4.35
66575,02/09/26 3:44,S015,Planta_2,90.36,3.01
66591,02/09/26 3:44,S031,Planta_4,89.14,1.45
66605,02/09/26 3:45,S005,Planta_1,85.48,4.75
66606,02/09/26 3:45,S006,Planta_1,89.36,2.46
66618,02/09/26 3:45,S018,Planta_2,104.89,3.53
66624,02/09/26 3:45,S024,Planta_3,90.21,5.07
66625,02/09/26 3:45,S025,Planta_3,85.64,1.11
66634,02/09/26 3:45,S034,Planta_4,87.72,3.4
66654,02/09/26 3:46,S014,Planta_2,93.46,4.55
66669,02/09/26 3:46,S029,Planta_3,100.73,3.91
66673,02/09/26 3:46,S033,Planta_4,103.96,1.43
66683,02/09/26 3:47,S003,Planta_1,90.28,2.09
66687,02/09/26 3:47,S007,Planta_1,92.9,2.62
66689,02/09/26 3:47,S009,Planta_1,92.99,1.47
66698,02/09/26 3:47,S018,Planta_2,104.74,4.74
66760,02/09/26 3:48,S040,Planta_4,87.54,2.83
66770,02/09/26 3:49,S010,Planta_1,89.53,1.72
66780,02/09/26 3:49,S020,Planta_2,103.5,1.13
66810,02/09/26 3:50,S010,Planta_1,94.6,0.8
66813,02/09/26 3:50,S013,Planta_2,103.95,3.46
66837,02/09/26 3:50,S037,Planta_4,101.96,4.98
66861,02/09/26 3:51,S021,Planta_3,89.28,3.47
66878,02/09/26 3:51,S038,Planta_4,94.45,1.76
66882,02/09/26 3:52,S002,Planta_1,100.27,3.2
66904,02/09/26 3:52,S024,Planta_3,85.61,5.08
66911,02/09/26 3:52,S031,Planta_4,93.35,3.66
66913,02/09/26 3:52,S033,Planta_4,91.77,4.78
66939,02/09/26 3:53,S019,Planta_2,91.26,5.18
66953,02/09/26 3:53,S033,Planta_4,94.08,5.13
66976,02/09/26 3:54,S016,Planta_2,95.56,2.73
66986,02/09/26 3:54,S026,Planta_3,103.19,2.05
66987,02/09/26 3:54,S027,Planta_3,90.94,3.44
67001,02/09/26 3:55,S001,Planta_1,101.64,2.69
67009,02/09/26 3:55,S009,Planta_1,88.33,2.87
67010,02/09/26 3:55,S010,Planta_1,101.67,1.26
67012,02/09/26 3:55,S012,Planta_2,87.77,0.99
67032,02/09/26 3:55,S032,Planta_4,93.87,4.07
67034,02/09/26 3:55,S034,Planta_4,96.11,3.09
67035,02/09/26 3:55,S035,Planta_4,88.68,3.77
67041,02/09/26 3:56,S001,Planta_1,90.26,1.23
67055,02/09/26 3:56,S015,Planta_2,91.92,1.64
67124,02/09/26 3:58,S004,Planta_1,97.89,1.9
67130,02/09/26 3:58,S010,Planta_1,102.87,4.89
67133,02/09/26 3:58,S013,Planta_2,99.04,4.87
67138,02/09/26 3:58,S018,Planta_2,86.46,2.76
67149,02/09/26 3:58,S029,Planta_3,96.49,2.5
67173,02/09/26 3:59,S013,Planta_2,104.96,2.16
67221,02/09/26 4:00,S021,Planta_3,98.77,1.24
67236,02/09/26 4:00,S036,Planta_4,95.44,3.6
67244,02/09/26 4:01,S004,Planta_1,95.6,2.76
67252,02/09/26 4:01,S012,Planta_2,92.69,4.68
67256,02/09/26 4:01,S016,Planta_2,104.51,0.83
67258,02/09/26 4:01,S018,Planta_2,92.95,1.41
67264,02/09/26 4:01,S024,Planta_3,91.77,4.75
67265,02/09/26 4:01,S025,Planta_3,100.92,3.1
67318,02/09/26 4:02,S038,Planta_4,101.43,3.78
67341,02/09/26 4:03,S021,Planta_3,96.44,0.63
67342,02/09/26 4:03,S022,Planta_3,91.69,2.54
67354,02/09/26 4:03,S034,Planta_4,89.19,4.69
67359,02/09/26 4:03,S039,Planta_4,90.49,3.88
67389,02/09/26 4:04,S029,Planta_3,99.67,5.06
67434,02/09/26 4:05,S034,Planta_4,104.83,1.94
67459,02/09/26 4:06,S019,Planta_2,96.63,2.39
67468,02/09/26 4:06,S028,Planta_3,98.47,3.64
67483,02/09/26 4:07,S003,Planta_1,86.86,0.76
67487,02/09/26 4:07,S007,Planta_1,98.69,4.75
67500,02/09/26 4:07,S020,Planta_2,97.04,1.4
67531,02/09/26 4:08,S011,Planta_2,96.0,3.36
67537,02/09/26 4:08,S017,Planta_2,93.02,3.75
67544,02/09/26 4:08,S024,Planta_3,92.82,3.23
67549,02/09/26 4:08,S029,Planta_3,103.91,3.81
67556,02/09/26 4:08,S036,Planta_4,103.95,2.71
67568,02/09/26 4:09,S008,Planta_1,89.82,0.54
67574,02/09/26 4:09,S014,Planta_2,85.51,3.96
67575,02/09/26 4:09,S015,Planta_2,89.95,5.24
67587,02/09/26 4:09,S027,Planta_3,95.28,4.46
67588,02/09/26 4:09,S028,Planta_3,89.59,3.31
67621,02/09/26 4:10,S021,Planta_3,102.41,2.25
67622,02/09/26 4:10,S022,Planta_3,95.64,4.4
67626,02/09/26 4:10,S026,Planta_3,92.04,4.43
67638,02/09/26 4:10,S038,Planta_4,95.71,2.01
67661,02/09/26 4:11,S021,Planta_3,101.93,2.26
67681,02/09/26 4:12,S001,Planta_1,104.86,2.28
67692,02/09/26 4:12,S012,Planta_2,94.74,4.02
67694,02/09/26 4:12,S014,Planta_2,95.74,2.02
67696,02/09/26 4:12,S016,Planta_2,103.0,2.24
67730,02/09/26 4:13,S010,Planta_1,100.9,4.79
67742,02/09/26 4:13,S022,Planta_3,86.06,4.96
67763,02/09/26 4:14,S003,Planta_1,99.21,3.89
67792,02/09/26 4:14,S032,Planta_4,87.75,0.98
67802,02/09/26 4:15,S002,Planta_1,103.4,3.32
67856,02/09/26 4:16,S016,Planta_2,103.29,1.59
67867,02/09/26 4:16,S027,Planta_3,88.12,1.52
67869,02/09/26 4:16,S029,Planta_3,98.69,4.74
67877,02/09/26 4:16,S037,Planta_4,89.45,2.59
67889,02/09/26 4:17,S009,Planta_1,96.86,3.92
67899,02/09/26 4:17,S019,Planta_2,87.57,3.74
67910,02/09/26 4:17,S030,Planta_3,99.95,3.83
67950,02/09/26 4:18,S030,Planta_3,90.36,3.12
67977,02/09/26 4:19,S017,Planta_2,100.76,1.67
67980,02/09/26 4:19,S020,Planta_2,95.59,1.48
67995,02/09/26 4:19,S035,Planta_4,103.48,4.52
67998,02/09/26 4:19,S038,Planta_4,86.51,4.18
68016,02/09/26 4:20,S016,Planta_2,86.78,2.05
68021,02/09/26 4:20,S021,Planta_3,102.62,5.34
68054,02/09/26 4:21,S014,Planta_2,100.26,4.22
68055,02/09/26 4:21,S015,Planta_2,99.25,1.71
68067,02/09/26 4:21,S027,Planta_3,97.2,3.86
68076,02/09/26 4:21,S036,Planta_4,101.56,5.4
68080,02/09/26 4:21,S040,Planta_4,103.55,3.56
68086,02/09/26 4:22,S006,Planta_1,92.7,3.18
68106,02/09/26 4:22,S026,Planta_3,101.8,3.69
68136,02/09/26 4:23,S016,Planta_2,102.66,2.17
68137,02/09/26 4:23,S017,Planta_2,99.91,2.08
68149,02/09/26 4:23,S029,Planta_3,99.81,2.02
68165,02/09/26 4:24,S005,Planta_1,97.22,1.5
68183,02/09/26 4:24,S023,Planta_3,86.03,5.31
68185,02/09/26 4:24,S025,Planta_3,92.64,1.82
68199,02/09/26 4:24,S039,Planta_4,85.17,2.16
68213,02/09/26 4:25,S013,Planta_2,85.61,3.77
68217,02/09/26 4:25,S017,Planta_2,100.41,4.59
68231,02/09/26 4:25,S031,Planta_4,88.34,4.31
68249,02/09/26 4:26,S009,Planta_1,99.93,1.46
68276,02/09/26 4:26,S036,Planta_4,96.11,3.02
68302,02/09/26 4:27,S022,Planta_3,101.22,0.93
68317,02/09/26 4:27,S037,Planta_4,96.61,4.7
68321,02/09/26 4:28,S001,Planta_1,91.02,3.84
68324,02/09/26 4:28,S004,Planta_1,97.73,2.99
68328,02/09/26 4:28,S008,Planta_1,99.65,3.23
68329,02/09/26 4:28,S009,Planta_1,96.84,0.94
68370,02/09/26 4:29,S010,Planta_1,92.59,5.25
68388,02/09/26 4:29,S028,Planta_3,91.43,1.32
68465,02/09/26 4:31,S025,Planta_3,95.18,4.32
68476,02/09/26 4:31,S036,Planta_4,92.1,4.26
68477,02/09/26 4:31,S037,Planta_4,92.23,0.86
68492,02/09/26 4:32,S012,Planta_2,91.14,3.57
68539,02/09/26 4:33,S019,Planta_2,92.09,1.81
68550,02/09/26 4:33,S030,Planta_3,94.08,2.96
68566,02/09/26 4:34,S006,Planta_1,85.89,2.18
68580,02/09/26 4:34,S020,Planta_2,94.64,3.61
68595,02/09/26 4:34,S035,Planta_4,89.28,4.82
68605,02/09/26 4:35,S005,Planta_1,89.57,3.67
68616,02/09/26 4:35,S016,Planta_2,104.66,3.5
68646,02/09/26 4:36,S006,Planta_1,86.03,4.79
68651,02/09/26 4:36,S011,Planta_2,89.15,2.36
68673,02/09/26 4:36,S033,Planta_4,104.9,5.43
68682,02/09/26 4:37,S002,Planta_1,104.98,2.4
68689,02/09/26 4:37,S009,Planta_1,99.53,5.47
68696,02/09/26 4:37,S016,Planta_2,101.07,2.08
68697,02/09/26 4:37,S017,Planta_2,93.47,4.25
68718,02/09/26 4:37,S038,Planta_4,91.28,0.84
68732,02/09/26 4:38,S012,Planta_2,104.21,2.21
68766,02/09/26 4:39,S006,Planta_1,90.99,1.04
68773,02/09/26 4:39,S013,Planta_2,87.12,1.96
68781,02/09/26 4:39,S021,Planta_3,87.06,0.53
68797,02/09/26 4:39,S037,Planta_4,99.59,0.63
68799,02/09/26 4:39,S039,Planta_4,88.76,1.64
68832,02/09/26 4:40,S032,Planta_4,87.2,2.2
68847,02/09/26 4:41,S007,Planta_1,89.11,3.17
68851,02/09/26 4:41,S011,Planta_2,88.06,4.29
68869,02/09/26 4:41,S029,Planta_3,86.5,3.2
68870,02/09/26 4:41,S030,Planta_3,95.28,3.31
68921,02/09/26 4:43,S001,Planta_1,104.43,3.9
68954,02/09/26 4:43,S034,Planta_4,86.17,1.35
68968,02/09/26 4:44,S008,Planta_1,96.4,4.35
69013,02/09/26 4:45,S013,Planta_2,99.61,0.68
69016,02/09/26 4:45,S016,Planta_2,96.81,1.11
69022,02/09/26 4:45,S022,Planta_3,89.35,2.86
69024,02/09/26 4:45,S024,Planta_3,89.54,1.44
69029,02/09/26 4:45,S029,Planta_3,90.28,3.05
69065,02/09/26 4:46,S025,Planta_3,93.87,1.84
69083,02/09/26 4:47,S003,Planta_1,101.97,3.18
69101,02/09/26 4:47,S021,Planta_3,94.64,5.3
69123,02/09/26 4:48,S003,Planta_1,96.03,5.21
69180,02/09/26 4:49,S020,Planta_2,104.3,4.39
69184,02/09/26 4:49,S024,Planta_3,98.88,3.88
69209,02/09/26 4:50,S009,Planta_1,93.13,4.76
69210,02/09/26 4:50,S010,Planta_1,90.16,1.31
69216,02/09/26 4:50,S016,Planta_2,87.79,4.73
69231,02/09/26 4:50,S031,Planta_4,91.11,3.31
69233,02/09/26 4:50,S033,Planta_4,89.72,3.52
69234,02/09/26 4:50,S034,Planta_4,95.01,1.77
69254,02/09/26 4:51,S014,Planta_2,85.9,1.18
69263,02/09/26 4:51,S023,Planta_3,99.64,2.37
69269,02/09/26 4:51,S029,Planta_3,101.27,2.5
69281,02/09/26 4:52,S001,Planta_1,96.69,1.3
69282,02/09/26 4:52,S002,Planta_1,97.51,0.79
69284,02/09/26 4:52,S004,Planta_1,85.94,1.61
69336,02/09/26 4:53,S016,Planta_2,101.3,5.41
69337,02/09/26 4:53,S017,Planta_2,85.75,3.36
69364,02/09/26 4:54,S004,Planta_1,102.22,3.16
69392,02/09/26 4:54,S032,Planta_4,91.87,0.77
69403,02/09/26 4:55,S003,Planta_1,102.65,4.11
69412,02/09/26 4:55,S012,Planta_2,94.06,5.27
69424,02/09/26 4:55,S024,Planta_3,88.01,0.78
69434,02/09/26 4:55,S034,Planta_4,88.78,2.07
69439,02/09/26 4:55,S039,Planta_4,85.19,5.31
69470,02/09/26 4:56,S030,Planta_3,86.5,5.28
69491,02/09/26 4:57,S011,Planta_2,93.11,4.93
69498,02/09/26 4:57,S018,Planta_2,97.51,4.95
69500,02/09/26 4:57,S020,Planta_2,92.39,1.15
69528,02/09/26 4:58,S008,Planta_1,94.45,1.68
69542,02/09/26 4:58,S022,Planta_3,86.44,1.42
69570,02/09/26 4:59,S010,Planta_1,101.88,3.4
69609,02/09/26 5:00,S009,Planta_1,96.79,4.98
69610,02/09/26 5:00,S010,Planta_1,96.5,5.0
69611,02/09/26 5:00,S011,Planta_2,98.79,4.15
69627,02/09/26 5:00,S027,Planta_3,88.73,4.68
69632,02/09/26 5:00,S032,Planta_4,104.06,3.08
69640,02/09/26 5:00,S040,Planta_4,102.58,1.42
69653,02/09/26 5:01,S013,Planta_2,100.87,2.61
69662,02/09/26 5:01,S022,Planta_3,87.83,1.6
69663,02/09/26 5:01,S023,Planta_3,99.37,4.74
69679,02/09/26 5:01,S039,Planta_4,94.97,5.33
69686,02/09/26 5:02,S006,Planta_1,98.17,4.4
69690,02/09/26 5:02,S010,Planta_1,91.41,2.94
69699,02/09/26 5:02,S019,Planta_2,85.81,3.09
69702,02/09/26 5:02,S022,Planta_3,102.69,3.64
69704,02/09/26 5:02,S024,Planta_3,91.64,0.56
69722,02/09/26 5:03,S002,Planta_1,103.35,2.69
69737,02/09/26 5:03,S017,Planta_2,96.58,2.24
69744,02/09/26 5:03,S024,Planta_3,88.23,3.4
69760,02/09/26 5:03,S040,Planta_4,101.7,2.51
69783,02/09/26 5:04,S023,Planta_3,100.96,2.19
69809,02/09/26 5:05,S009,Planta_1,95.47,1.71
69822,02/09/26 5:05,S022,Planta_3,94.27,1.19
69854,02/09/26 5:06,S014,Planta_2,88.48,2.96
69856,02/09/26 5:06,S016,Planta_2,101.51,3.34
69862,02/09/26 5:06,S022,Planta_3,100.0,3.62
69865,02/09/26 5:06,S025,Planta_3,89.49,3.48
69866,02/09/26 5:06,S026,Planta_3,91.94,3.66
69868,02/09/26 5:06,S028,Planta_3,86.5,0.76
69876,02/09/26 5:06,S036,Planta_4,96.4,3.71
69893,02/09/26 5:07,S013,Planta_2,104.41,1.93
69900,02/09/26 5:07,S020,Planta_2,104.76,1.52
69906,02/09/26 5:07,S026,Planta_3,98.94,2.78
69919,02/09/26 5:07,S039,Planta_4,86.13,4.13
69946,02/09/26 5:08,S026,Planta_3,93.85,3.03
69947,02/09/26 5:08,S027,Planta_3,98.81,2.9
69949,02/09/26 5:08,S029,Planta_3,89.77,2.36
69950,02/09/26 5:08,S030,Planta_3,88.95,4.17
69953,02/09/26 5:08,S033,Planta_4,89.46,1.58
69959,02/09/26 5:08,S039,Planta_4,103.7,4.52
69965,02/09/26 5:09,S005,Planta_1,97.87,5.37
69987,02/09/26 5:09,S027,Planta_3,94.09,4.54
70000,02/09/26 5:09,S040,Planta_4,101.94,3.41
70019,02/09/26 5:10,S019,Planta_2,90.82,1.48
70021,02/09/26 5:10,S021,Planta_3,92.54,5.49
70048,02/09/26 5:11,S008,Planta_1,92.22,0.55
70054,02/09/26 5:11,S014,Planta_2,97.79,2.08
70087,02/09/26 5:12,S007,Planta_1,91.71,4.96
70120,02/09/26 5:12,S040,Planta_4,99.81,2.61
70138,02/09/26 5:13,S018,Planta_2,91.68,3.9
70154,02/09/26 5:13,S034,Planta_4,86.46,4.51
70208,02/09/26 5:15,S008,Planta_1,85.45,2.11
70217,02/09/26 5:15,S017,Planta_2,103.15,1.01
70221,02/09/26 5:15,S021,Planta_3,100.44,0.95
70233,02/09/26 5:15,S033,Planta_4,88.95,5.03
70241,02/09/26 5:16,S001,Planta_1,94.84,3.43
70271,02/09/26 5:16,S031,Planta_4,99.0,1.19
70273,02/09/26 5:16,S033,Planta_4,104.37,2.82
70299,02/09/26 5:17,S019,Planta_2,102.65,0.84
70301,02/09/26 5:17,S021,Planta_3,85.98,3.72
70302,02/09/26 5:17,S022,Planta_3,101.48,3.08
70376,02/09/26 5:19,S016,Planta_2,94.67,1.55
70400,02/09/26 5:19,S040,Planta_4,104.49,4.35
70428,02/09/26 5:20,S028,Planta_3,101.13,1.89
70503,02/09/26 5:22,S023,Planta_3,88.74,1.66
70564,02/09/26 5:24,S004,Planta_1,99.15,4.42
70580,02/09/26 5:24,S020,Planta_2,89.78,5.19
70609,02/09/26 5:25,S009,Planta_1,92.18,3.65
70611,02/09/26 5:25,S011,Planta_2,96.93,3.26
70621,02/09/26 5:25,S021,Planta_3,89.3,5.1
70691,02/09/26 5:27,S011,Planta_2,86.67,3.16
70701,02/09/26 5:27,S021,Planta_3,102.67,3.82
70707,02/09/26 5:27,S027,Planta_3,104.42,4.9
70709,02/09/26 5:27,S029,Planta_3,100.27,0.97
70710,02/09/26 5:27,S030,Planta_3,104.07,2.04
70714,02/09/26 5:27,S034,Planta_4,87.53,3.06
70738,02/09/26 5:28,S018,Planta_2,100.4,0.59
70742,02/09/26 5:28,S022,Planta_3,88.43,4.79
70745,02/09/26 5:28,S025,Planta_3,85.11,4.79
70773,02/09/26 5:29,S013,Planta_2,86.84,2.63
70776,02/09/26 5:29,S016,Planta_2,87.02,2.26
70790,02/09/26 5:29,S030,Planta_3,86.79,5.21
70803,02/09/26 5:30,S003,Planta_1,97.27,1.91
70815,02/09/26 5:30,S015,Planta_2,97.4,4.97
70825,02/09/26 5:30,S025,Planta_3,85.22,5.49
70838,02/09/26 5:30,S038,Planta_4,99.95,2.34
70857,02/09/26 5:31,S017,Planta_2,104.61,4.71
70874,02/09/26 5:31,S034,Planta_4,87.74,4.47
70881,02/09/26 5:32,S001,Planta_1,103.21,3.85
70886,02/09/26 5:32,S006,Planta_1,86.87,4.61
70890,02/09/26 5:32,S010,Planta_1,85.73,0.79
70891,02/09/26 5:32,S011,Planta_2,103.49,4.7
70916,02/09/26 5:32,S036,Planta_4,102.35,4.35
70949,02/09/26 5:33,S029,Planta_3,103.99,0.83
70967,02/09/26 5:34,S007,Planta_1,88.48,0.58
71007,02/09/26 5:35,S007,Planta_1,104.46,4.2
71038,02/09/26 5:35,S038,Planta_4,92.92,4.01
71039,02/09/26 5:35,S039,Planta_4,104.42,5.05
71049,02/09/26 5:36,S009,Planta_1,100.29,4.65
71105,02/09/26 5:37,S025,Planta_3,92.72,1.9
71110,02/09/26 5:37,S030,Planta_3,87.06,4.45
71124,02/09/26 5:38,S004,Planta_1,91.6,5.38
71126,02/09/26 5:38,S006,Planta_1,98.87,3.25
71133,02/09/26 5:38,S013,Planta_2,95.37,1.19
71159,02/09/26 5:38,S039,Planta_4,97.42,1.76
71161,02/09/26 5:39,S001,Planta_1,94.28,3.54
71167,02/09/26 5:39,S007,Planta_1,103.86,2.12
71171,02/09/26 5:39,S011,Planta_2,89.84,4.07
71180,02/09/26 5:39,S020,Planta_2,99.8,1.0
71203,02/09/26 5:40,S003,Planta_1,89.4,5.02
71206,02/09/26 5:40,S006,Planta_1,92.79,2.35
71230,02/09/26 5:40,S030,Planta_3,99.32,4.28
71257,02/09/26 5:41,S017,Planta_2,100.1,2.63
71269,02/09/26 5:41,S029,Planta_3,96.99,3.6
71272,02/09/26 5:41,S032,Planta_4,101.3,4.89
71296,02/09/26 5:42,S016,Planta_2,91.33,1.72
71311,02/09/26 5:42,S031,Planta_4,89.2,0.72
71323,02/09/26 5:43,S003,Planta_1,87.66,4.13
71325,02/09/26 5:43,S005,Planta_1,90.55,3.3
71333,02/09/26 5:43,S013,Planta_2,98.99,2.26
71334,02/09/26 5:43,S014,Planta_2,85.42,4.84
71343,02/09/26 5:43,S023,Planta_3,99.42,5.35
71359,02/09/26 5:43,S039,Planta_4,100.58,4.28
71429,02/09/26 5:45,S029,Planta_3,87.8,2.77
71437,02/09/26 5:45,S037,Planta_4,88.22,3.68
71472,02/09/26 5:46,S032,Planta_4,102.14,4.93
71507,02/09/26 5:47,S027,Planta_3,94.78,1.64
71513,02/09/26 5:47,S033,Planta_4,104.03,3.17
71520,02/09/26 5:47,S040,Planta_4,93.06,1.63
71521,02/09/26 5:48,S001,Planta_1,101.1,3.2
71529,02/09/26 5:48,S009,Planta_1,93.57,2.13
71553,02/09/26 5:48,S033,Planta_4,92.54,5.34
71563,02/09/26 5:49,S003,Planta_1,87.62,5.03
71575,02/09/26 5:49,S015,Planta_2,100.51,2.56
71578,02/09/26 5:49,S018,Planta_2,93.73,4.73
71580,02/09/26 5:49,S020,Planta_2,98.97,4.4
71586,02/09/26 5:49,S026,Planta_3,95.6,0.65
71595,02/09/26 5:49,S035,Planta_4,103.02,3.73
71598,02/09/26 5:49,S038,Planta_4,92.71,3.83
71599,02/09/26 5:49,S039,Planta_4,90.44,5.33
71609,02/09/26 5:50,S009,Planta_1,91.73,5.39
71613,02/09/26 5:50,S013,Planta_2,89.27,4.48
71630,02/09/26 5:50,S030,Planta_3,87.76,1.79
71634,02/09/26 5:50,S034,Planta_4,92.56,1.85
71655,02/09/26 5:51,S015,Planta_2,85.48,5.05
71704,02/09/26 5:52,S024,Planta_3,90.68,1.14
71737,02/09/26 5:53,S017,Planta_2,89.62,5.49
71761,02/09/26 5:54,S001,Planta_1,89.72,1.57
71770,02/09/26 5:54,S010,Planta_1,102.3,2.08
71775,02/09/26 5:54,S015,Planta_2,92.0,5.09
71782,02/09/26 5:54,S022,Planta_3,98.78,2.87
71828,02/09/26 5:55,S028,Planta_3,92.92,5.44
71833,02/09/26 5:55,S033,Planta_4,89.96,0.75
71837,02/09/26 5:55,S037,Planta_4,85.49,2.06
71839,02/09/26 5:55,S039,Planta_4,104.86,5.17
71840,02/09/26 5:55,S040,Planta_4,95.0,3.65
71847,02/09/26 5:56,S007,Planta_1,93.05,3.25
71877,02/09/26 5:56,S037,Planta_4,103.28,4.41
71887,02/09/26 5:57,S007,Planta_1,102.43,1.3
71903,02/09/26 5:57,S023,Planta_3,91.07,2.65
71920,02/09/26 5:57,S040,Planta_4,94.2,4.23
71930,02/09/26 5:58,S010,Planta_1,87.96,3.07
71935,02/09/26 5:58,S015,Planta_2,90.59,4.55
71944,02/09/26 5:58,S024,Planta_3,92.24,2.31
71954,02/09/26 5:58,S034,Planta_4,99.41,3.1
71956,02/09/26 5:58,S036,Planta_4,93.63,2.46
72001,02/09/26 6:00,S001,Planta_1,101.81,2.21
72082,02/09/26 6:02,S002,Planta_1,87.26,2.91
72097,02/09/26 6:02,S017,Planta_2,100.63,3.96
72099,02/09/26 6:02,S019,Planta_2,97.21,5.32
72116,02/09/26 6:02,S036,Planta_4,102.89,5.49
72129,02/09/26 6:03,S009,Planta_1,103.09,0.52
72139,02/09/26 6:03,S019,Planta_2,91.3,4.84
72146,02/09/26 6:03,S026,Planta_3,86.71,5.1
72164,02/09/26 6:04,S004,Planta_1,90.1,3.26
72186,02/09/26 6:04,S026,Planta_3,92.93,3.75
72199,02/09/26 6:04,S039,Planta_4,102.14,0.66
72215,02/09/26 6:05,S015,Planta_2,91.65,2.64
72235,02/09/26 6:05,S035,Planta_4,102.37,2.17
72247,02/09/26 6:06,S007,Planta_1,86.83,1.11
72280,02/09/26 6:06,S040,Planta_4,97.61,2.63
72285,02/09/26 6:07,S005,Planta_1,97.28,4.5
72323,02/09/26 6:08,S003,Planta_1,103.31,4.69
72345,02/09/26 6:08,S025,Planta_3,104.58,3.87
72364,02/09/26 6:09,S004,Planta_1,87.29,2.76
72375,02/09/26 6:09,S015,Planta_2,96.46,4.42
72409,02/09/26 6:10,S009,Planta_1,93.08,4.06
72413,02/09/26 6:10,S013,Planta_2,97.64,3.92
72430,02/09/26 6:10,S030,Planta_3,93.19,3.45
72440,02/09/26 6:10,S040,Planta_4,90.6,2.0
72442,02/09/26 6:11,S002,Planta_1,85.51,4.05
72476,02/09/26 6:11,S036,Planta_4,94.15,5.35
72481,02/09/26 6:12,S001,Planta_1,88.06,4.32
72497,02/09/26 6:12,S017,Planta_2,87.2,3.39
72501,02/09/26 6:12,S021,Planta_3,88.15,1.45
72512,02/09/26 6:12,S032,Planta_4,92.15,4.61
72521,02/09/26 6:13,S001,Planta_1,86.48,2.03
72541,02/09/26 6:13,S021,Planta_3,103.14,4.52
72549,02/09/26 6:13,S029,Planta_3,95.99,3.82
72563,02/09/26 6:14,S003,Planta_1,104.17,2.78
72605,02/09/26 6:15,S005,Planta_1,100.62,3.75
72607,02/09/26 6:15,S007,Planta_1,104.97,3.06
72613,02/09/26 6:15,S013,Planta_2,104.72,3.06
72615,02/09/26 6:15,S015,Planta_2,102.99,4.31
72626,02/09/26 6:15,S026,Planta_3,101.22,1.35
72651,02/09/26 6:16,S011,Planta_2,100.23,1.77
72674,02/09/26 6:16,S034,Planta_4,91.01,4.7
72693,02/09/26 6:17,S013,Planta_2,103.67,3.32
72711,02/09/26 6:17,S031,Planta_4,85.53,4.51
72717,02/09/26 6:17,S037,Planta_4,86.34,2.42
72737,02/09/26 6:18,S017,Planta_2,86.94,3.72
72757,02/09/26 6:18,S037,Planta_4,90.91,2.28
72775,02/09/26 6:19,S015,Planta_2,96.95,2.04
72779,02/09/26 6:19,S019,Planta_2,86.55,5.37
72784,02/09/26 6:19,S024,Planta_3,91.53,2.96
72808,02/09/26 6:20,S008,Planta_1,92.86,2.25
72810,02/09/26 6:20,S010,Planta_1,91.29,3.33
72825,02/09/26 6:20,S025,Planta_3,96.02,2.82
72855,02/09/26 6:21,S015,Planta_2,99.85,3.3
72866,02/09/26 6:21,S026,Planta_3,100.21,1.87
72876,02/09/26 6:21,S036,Planta_4,101.35,1.21
72877,02/09/26 6:21,S037,Planta_4,85.67,2.96
72916,02/09/26 6:22,S036,Planta_4,93.63,1.9
72918,02/09/26 6:22,S038,Planta_4,98.86,4.9
72941,02/09/26 6:23,S021,Planta_3,88.19,2.07
72955,02/09/26 6:23,S035,Planta_4,103.42,2.11
72962,02/09/26 6:24,S002,Planta_1,89.13,2.81
72974,02/09/26 6:24,S014,Planta_2,103.2,5.08
72976,02/09/26 6:24,S016,Planta_2,104.38,4.21
72987,02/09/26 6:24,S027,Planta_3,104.86,4.44
72997,02/09/26 6:24,S037,Planta_4,101.91,0.54
73010,02/09/26 6:25,S010,Planta_1,100.95,0.71
73048,02/09/26 6:26,S008,Planta_1,91.42,5.23
73057,02/09/26 6:26,S017,Planta_2,99.98,4.32
73064,02/09/26 6:26,S024,Planta_3,91.21,5.27
73085,02/09/26 6:27,S005,Planta_1,102.61,3.02
73096,02/09/26 6:27,S016,Planta_2,103.26,3.29
73147,02/09/26 6:28,S027,Planta_3,89.25,3.05
73150,02/09/26 6:28,S030,Planta_3,93.2,4.47
73158,02/09/26 6:28,S038,Planta_4,90.85,2.97
73189,02/09/26 6:29,S029,Planta_3,92.35,4.06
73199,02/09/26 6:29,S039,Planta_4,86.65,3.13
73244,02/09/26 6:31,S004,Planta_1,96.24,1.86
73253,02/09/26 6:31,S013,Planta_2,88.86,2.93
73256,02/09/26 6:31,S016,Planta_2,100.23,2.91
73306,02/09/26 6:32,S026,Planta_3,96.99,4.15
73332,02/09/26 6:33,S012,Planta_2,103.84,5.0
73362,02/09/26 6:34,S002,Planta_1,90.42,3.84
73369,02/09/26 6:34,S009,Planta_1,101.57,0.92
73373,02/09/26 6:34,S013,Planta_2,100.98,4.21
73389,02/09/26 6:34,S029,Planta_3,87.7,0.76
73394,02/09/26 6:34,S034,Planta_4,93.94,2.8
73405,02/09/26 6:35,S005,Planta_1,94.64,2.29
73406,02/09/26 6:35,S006,Planta_1,96.69,1.21
73411,02/09/26 6:35,S011,Planta_2,103.13,0.55
73428,02/09/26 6:35,S028,Planta_3,94.86,0.73
73433,02/09/26 6:35,S033,Planta_4,86.19,3.95
73440,02/09/26 6:35,S040,Planta_4,104.62,2.41
73452,02/09/26 6:36,S012,Planta_2,85.75,2.77
73461,02/09/26 6:36,S021,Planta_3,104.92,1.02
73483,02/09/26 6:37,S003,Planta_1,91.65,2.96
73499,02/09/26 6:37,S019,Planta_2,93.74,1.98
73565,02/09/26 6:39,S005,Planta_1,88.29,4.92
73582,02/09/26 6:39,S022,Planta_3,93.97,1.21
73603,02/09/26 6:40,S003,Planta_1,86.1,2.02
73604,02/09/26 6:40,S004,Planta_1,85.89,1.99
73614,02/09/26 6:40,S014,Planta_2,92.05,2.06
73650,02/09/26 6:41,S010,Planta_1,87.88,4.49
73660,02/09/26 6:41,S020,Planta_2,93.83,3.87
73678,02/09/26 6:41,S038,Planta_4,98.89,5.37
73703,02/09/26 6:42,S023,Planta_3,94.12,3.89
73715,02/09/26 6:42,S035,Planta_4,91.08,1.02
73770,02/09/26 6:44,S010,Planta_1,89.9,1.63
73780,02/09/26 6:44,S020,Planta_2,89.78,1.1
73788,02/09/26 6:44,S028,Planta_3,101.58,4.31
73802,02/09/26 6:45,S002,Planta_1,103.28,5.36
73829,02/09/26 6:45,S029,Planta_3,94.75,2.46
73832,02/09/26 6:45,S032,Planta_4,103.7,2.54
73834,02/09/26 6:45,S034,Planta_4,96.23,4.48
73845,02/09/26 6:46,S005,Planta_1,97.56,5.21
73867,02/09/26 6:46,S027,Planta_3,96.54,3.92
73868,02/09/26 6:46,S028,Planta_3,98.57,3.16
73875,02/09/26 6:46,S035,Planta_4,89.53,1.87
73878,02/09/26 6:46,S038,Planta_4,89.53,2.07
73890,02/09/26 6:47,S010,Planta_1,94.11,4.2
73903,02/09/26 6:47,S023,Planta_3,102.11,0.67
73922,02/09/26 6:48,S002,Planta_1,103.34,4.31
73927,02/09/26 6:48,S007,Planta_1,95.22,5.46
73939,02/09/26 6:48,S019,Planta_2,96.39,3.1
73943,02/09/26 6:48,S023,Planta_3,88.84,1.46
73954,02/09/26 6:48,S034,Planta_4,87.8,4.69
73957,02/09/26 6:48,S037,Planta_4,94.01,4.4
73972,02/09/26 6:49,S012,Planta_2,94.91,2.13
73997,02/09/26 6:49,S037,Planta_4,85.74,4.54
74013,02/09/26 6:50,S013,Planta_2,102.65,1.71
74024,02/09/26 6:50,S024,Planta_3,91.17,0.74
74030,02/09/26 6:50,S030,Planta_3,94.76,4.78
74058,02/09/26 6:51,S018,Planta_2,88.26,4.34
74090,02/09/26 6:52,S010,Planta_1,88.28,2.03
74101,02/09/26 6:52,S021,Planta_3,90.24,1.36
74117,02/09/26 6:52,S037,Planta_4,92.21,5.19
74118,02/09/26 6:52,S038,Planta_4,91.42,4.68
74134,02/09/26 6:53,S014,Planta_2,96.82,5.21
74140,02/09/26 6:53,S020,Planta_2,97.7,4.36
74174,02/09/26 6:54,S014,Planta_2,86.85,4.46
74176,02/09/26 6:54,S016,Planta_2,98.45,3.51
74191,02/09/26 6:54,S031,Planta_4,101.55,3.56
74201,02/09/26 6:55,S001,Planta_1,90.77,2.98
74205,02/09/26 6:55,S005,Planta_1,92.84,5.49
74206,02/09/26 6:55,S006,Planta_1,95.23,2.9
74213,02/09/26 6:55,S013,Planta_2,95.06,3.74
74273,02/09/26 6:56,S033,Planta_4,101.23,3.31
74281,02/09/26 6:57,S001,Planta_1,85.7,4.46
74284,02/09/26 6:57,S004,Planta_1,86.39,2.12
74292,02/09/26 6:57,S012,Planta_2,89.48,2.32
74305,02/09/26 6:57,S025,Planta_3,101.8,4.85
74332,02/09/26 6:58,S012,Planta_2,99.89,1.26
74351,02/09/26 6:58,S031,Planta_4,97.43,2.8
74368,02/09/26 6:59,S008,Planta_1,93.1,1.38
74371,02/09/26 6:59,S011,Planta_2,90.87,5.13
74409,02/09/26 7:00,S009,Planta_1,86.48,2.31
74424,02/09/26 7:00,S024,Planta_3,95.05,1.98
74430,02/09/26 7:00,S030,Planta_3,92.63,3.02
74484,02/09/26 7:02,S004,Planta_1,90.36,1.19
74544,02/09/26 7:03,S024,Planta_3,102.43,4.46
74554,02/09/26 7:03,S034,Planta_4,100.39,1.61
74555,02/09/26 7:03,S035,Planta_4,90.89,2.77
74569,02/09/26 7:04,S009,Planta_1,101.44,4.38
74581,02/09/26 7:04,S021,Planta_3,88.95,4.98
74600,02/09/26 7:04,S040,Planta_4,96.1,1.87
74601,02/09/26 7:05,S001,Planta_1,97.57,5.18
74628,02/09/26 7:05,S028,Planta_3,101.33,1.7
74634,02/09/26 7:05,S034,Planta_4,90.38,2.39
74636,02/09/26 7:05,S036,Planta_4,94.73,5.09
74686,02/09/26 7:07,S006,Planta_1,100.86,1.87
74703,02/09/26 7:07,S023,Planta_3,86.51,1.13
74704,02/09/26 7:07,S024,Planta_3,99.0,1.63
74720,02/09/26 7:07,S040,Planta_4,101.38,2.58
74722,02/09/26 7:08,S002,Planta_1,95.26,1.32
74752,02/09/26 7:08,S032,Planta_4,97.53,2.06
74757,02/09/26 7:08,S037,Planta_4,104.79,1.73
74760,02/09/26 7:08,S040,Planta_4,102.26,1.25
74770,02/09/26 7:09,S010,Planta_1,102.25,2.48
74774,02/09/26 7:09,S014,Planta_2,101.19,4.63
74775,02/09/26 7:09,S015,Planta_2,100.3,2.44
74792,02/09/26 7:09,S032,Planta_4,86.09,3.83
74793,02/09/26 7:09,S033,Planta_4,101.99,1.95
74798,02/09/26 7:09,S038,Planta_4,87.93,0.57
74816,02/09/26 7:10,S016,Planta_2,99.78,1.24
74821,02/09/26 7:10,S021,Planta_3,91.83,4.07
74825,02/09/26 7:10,S025,Planta_3,100.94,2.21
74835,02/09/26 7:10,S035,Planta_4,101.25,4.95
74836,02/09/26 7:10,S036,Planta_4,96.66,2.39
74846,02/09/26 7:11,S006,Planta_1,103.98,0.56
74853,02/09/26 7:11,S013,Planta_2,90.98,0.8
74868,02/09/26 7:11,S028,Planta_3,100.4,2.08
74873,02/09/26 7:11,S033,Planta_4,90.26,2.28
74883,02/09/26 7:12,S003,Planta_1,99.51,1.86
74886,02/09/26 7:12,S006,Planta_1,94.72,1.51
74893,02/09/26 7:12,S013,Planta_2,93.95,0.6
74899,02/09/26 7:12,S019,Planta_2,89.39,4.77
74919,02/09/26 7:12,S039,Planta_4,87.1,1.77
74940,02/09/26 7:13,S020,Planta_2,88.37,4.57
74949,02/09/26 7:13,S029,Planta_3,89.01,0.64
74956,02/09/26 7:13,S036,Planta_4,95.11,1.86
74963,02/09/26 7:14,S003,Planta_1,102.0,1.42
74975,02/09/26 7:14,S015,Planta_2,93.54,1.21
74980,02/09/26 7:14,S020,Planta_2,87.27,2.23
74981,02/09/26 7:14,S021,Planta_3,92.19,5.03
74999,02/09/26 7:14,S039,Planta_4,93.69,4.95
75000,02/09/26 7:14,S040,Planta_4,100.0,0.74
75014,02/09/26 7:15,S014,Planta_2,89.86,2.13
75021,02/09/26 7:15,S021,Planta_3,98.78,0.62
75025,02/09/26 7:15,S025,Planta_3,98.35,3.58
75029,02/09/26 7:15,S029,Planta_3,96.75,3.05
75061,02/09/26 7:16,S021,Planta_3,104.67,2.31
75080,02/09/26 7:16,S040,Planta_4,98.17,4.81
75082,02/09/26 7:17,S002,Planta_1,95.52,2.51
75088,02/09/26 7:17,S008,Planta_1,86.23,2.53
75090,02/09/26 7:17,S010,Planta_1,102.47,3.56
75094,02/09/26 7:17,S014,Planta_2,87.03,4.5
75096,02/09/26 7:17,S016,Planta_2,88.72,3.55
75102,02/09/26 7:17,S022,Planta_3,96.17,4.24
75151,02/09/26 7:18,S031,Planta_4,99.82,5.4
75171,02/09/26 7:19,S011,Planta_2,94.58,1.27
75173,02/09/26 7:19,S013,Planta_2,99.51,3.14
75175,02/09/26 7:19,S015,Planta_2,104.57,4.56
75196,02/09/26 7:19,S036,Planta_4,85.27,4.45
75200,02/09/26 7:19,S040,Planta_4,89.45,1.49
75203,02/09/26 7:20,S003,Planta_1,101.56,1.97
75217,02/09/26 7:20,S017,Planta_2,97.99,3.09
75221,02/09/26 7:20,S021,Planta_3,98.31,3.4
75227,02/09/26 7:20,S027,Planta_3,96.05,2.62
75233,02/09/26 7:20,S033,Planta_4,87.73,4.35
75240,02/09/26 7:20,S040,Planta_4,93.05,1.28
75245,02/09/26 7:21,S005,Planta_1,85.83,3.66
75283,02/09/26 7:22,S003,Planta_1,87.15,3.35
75312,02/09/26 7:22,S032,Planta_4,95.46,4.8
75316,02/09/26 7:22,S036,Planta_4,90.54,3.31
75323,02/09/26 7:23,S003,Planta_1,104.12,4.18
75336,02/09/26 7:23,S016,Planta_2,91.99,2.5
75359,02/09/26 7:23,S039,Planta_4,102.69,4.97
75364,02/09/26 7:24,S004,Planta_1,94.6,2.63
75378,02/09/26 7:24,S018,Planta_2,95.72,5.3
75389,02/09/26 7:24,S029,Planta_3,97.29,0.62
75394,02/09/26 7:24,S034,Planta_4,97.46,5.4
75399,02/09/26 7:24,S039,Planta_4,104.51,0.92
75400,02/09/26 7:24,S040,Planta_4,91.91,2.56
75407,02/09/26 7:25,S007,Planta_1,91.67,3.34
75408,02/09/26 7:25,S008,Planta_1,87.06,2.31
75441,02/09/26 7:26,S001,Planta_1,90.05,3.7
75442,02/09/26 7:26,S002,Planta_1,86.24,4.55
75445,02/09/26 7:26,S005,Planta_1,104.48,3.86
75473,02/09/26 7:26,S033,Planta_4,94.15,1.48
75476,02/09/26 7:26,S036,Planta_4,97.46,2.22
75486,02/09/26 7:27,S006,Planta_1,90.95,0.85
75504,02/09/26 7:27,S024,Planta_3,86.78,1.0
75509,02/09/26 7:27,S029,Planta_3,99.49,5.42
75511,02/09/26 7:27,S031,Planta_4,100.49,2.15
75519,02/09/26 7:27,S039,Planta_4,92.67,0.86
75535,02/09/26 7:28,S015,Planta_2,85.72,1.57
75577,02/09/26 7:29,S017,Planta_2,102.49,4.26
75592,02/09/26 7:29,S032,Planta_4,96.38,3.12
75606,02/09/26 7:30,S006,Planta_1,90.51,4.39
75637,02/09/26 7:30,S037,Planta_4,90.83,5.27
75638,02/09/26 7:30,S038,Planta_4,91.71,2.94
75641,02/09/26 7:31,S001,Planta_1,87.89,1.02
75642,02/09/26 7:31,S002,Planta_1,93.79,4.58
75655,02/09/26 7:31,S015,Planta_2,102.05,4.93
75659,02/09/26 7:31,S019,Planta_2,93.68,3.56
75663,02/09/26 7:31,S023,Planta_3,97.49,0.91
75676,02/09/26 7:31,S036,Planta_4,88.27,0.63
75742,02/09/26 7:33,S022,Planta_3,92.47,3.19
75750,02/09/26 7:33,S030,Planta_3,97.88,1.07
75761,02/09/26 7:34,S001,Planta_1,100.55,4.2
75762,02/09/26 7:34,S002,Planta_1,87.86,4.94
75772,02/09/26 7:34,S012,Planta_2,101.57,1.82
75775,02/09/26 7:34,S015,Planta_2,86.87,4.66
75802,02/09/26 7:35,S002,Planta_1,101.96,5.45
75818,02/09/26 7:35,S018,Planta_2,94.96,1.15
75828,02/09/26 7:35,S028,Planta_3,91.91,3.09
75830,02/09/26 7:35,S030,Planta_3,100.38,4.79
75849,02/09/26 7:36,S009,Planta_1,86.19,1.76
75857,02/09/26 7:36,S017,Planta_2,85.05,5.33
75900,02/09/26 7:37,S020,Planta_2,96.13,0.75
75903,02/09/26 7:37,S023,Planta_3,93.41,3.86
75904,02/09/26 7:37,S024,Planta_3,85.22,1.82
75922,02/09/26 7:38,S002,Planta_1,88.46,2.03
75924,02/09/26 7:38,S004,Planta_1,100.59,2.08
75930,02/09/26 7:38,S010,Planta_1,87.6,1.45
75938,02/09/26 7:38,S018,Planta_2,98.44,5.13
75950,02/09/26 7:38,S030,Planta_3,101.71,1.27
75956,02/09/26 7:38,S036,Planta_4,104.19,1.26
75981,02/09/26 7:39,S021,Planta_3,87.43,2.65
75993,02/09/26 7:39,S033,Planta_4,99.78,1.69
75998,02/09/26 7:39,S038,Planta_4,102.53,0.63
76008,02/09/26 7:40,S008,Planta_1,86.37,2.91
76034,02/09/26 7:40,S034,Planta_4,88.48,4.01
76062,02/09/26 7:41,S022,Planta_3,87.33,3.87
76069,02/09/26 7:41,S029,Planta_3,101.12,1.45
76116,02/09/26 7:42,S036,Planta_4,91.02,2.85
76134,02/09/26 7:43,S014,Planta_2,89.8,0.75
76151,02/09/26 7:43,S031,Planta_4,100.98,4.47
76169,02/09/26 7:44,S009,Planta_1,91.15,4.11
76180,02/09/26 7:44,S020,Planta_2,101.6,5.09
76190,02/09/26 7:44,S030,Planta_3,95.71,4.66
76197,02/09/26 7:44,S037,Planta_4,85.81,1.53
76199,02/09/26 7:44,S039,Planta_4,94.62,3.39
76223,02/09/26 7:45,S023,Planta_3,90.66,1.82
76238,02/09/26 7:45,S038,Planta_4,96.04,1.32
76244,02/09/26 7:46,S004,Planta_1,89.09,4.22
76255,02/09/26 7:46,S015,Planta_2,104.5,3.82
76272,02/09/26 7:46,S032,Planta_4,93.2,4.05
76278,02/09/26 7:46,S038,Planta_4,90.37,4.45
76297,02/09/26 7:47,S017,Planta_2,101.14,5.2
76320,02/09/26 7:47,S040,Planta_4,98.41,4.65
76336,02/09/26 7:48,S016,Planta_2,103.39,1.56
76355,02/09/26 7:48,S035,Planta_4,88.99,4.14
76385,02/09/26 7:49,S025,Planta_3,98.59,4.72
76414,02/09/26 7:50,S014,Planta_2,97.1,3.14
76462,02/09/26 7:51,S022,Planta_3,94.28,5.28
76466,02/09/26 7:51,S026,Planta_3,88.79,2.47
76480,02/09/26 7:51,S040,Planta_4,91.29,4.79
76492,02/09/26 7:52,S012,Planta_2,91.7,4.9
76515,02/09/26 7:52,S035,Planta_4,92.69,2.59
76521,02/09/26 7:53,S001,Planta_1,93.76,5.25
76527,02/09/26 7:53,S007,Planta_1,90.9,5.36
76531,02/09/26 7:53,S011,Planta_2,98.84,1.7
76547,02/09/26 7:53,S027,Planta_3,103.82,2.1
76569,02/09/26 7:54,S009,Planta_1,92.28,2.28
76574,02/09/26 7:54,S014,Planta_2,102.27,2.6
76580,02/09/26 7:54,S020,Planta_2,103.34,3.16
76592,02/09/26 7:54,S032,Planta_4,95.36,4.68
76600,02/09/26 7:54,S040,Planta_4,94.7,3.65
76607,02/09/26 7:55,S007,Planta_1,93.29,0.89
76623,02/09/26 7:55,S023,Planta_3,99.61,4.37
76696,02/09/26 7:57,S016,Planta_2,96.15,2.18
76712,02/09/26 7:57,S032,Planta_4,89.88,5.47
76721,02/09/26 7:58,S001,Planta_1,92.69,0.9
76732,02/09/26 7:58,S012,Planta_2,91.59,2.74
76747,02/09/26 7:58,S027,Planta_3,95.78,3.04
76749,02/09/26 7:58,S029,Planta_3,87.12,3.99
76757,02/09/26 7:58,S037,Planta_4,92.69,5.07
76763,02/09/26 7:59,S003,Planta_1,94.47,4.33
76777,02/09/26 7:59,S017,Planta_2,89.28,0.59
76786,02/09/26 7:59,S026,Planta_3,95.75,4.44
76799,02/09/26 7:59,S039,Planta_4,96.05,2.41
76822,02/09/26 8:00,S022,Planta_3,101.2,1.72
76835,02/09/26 8:00,S035,Planta_4,96.38,4.36
76844,02/09/26 8:01,S004,Planta_1,85.55,3.99
76861,02/09/26 8:01,S021,Planta_3,89.6,4.8
76867,02/09/26 8:01,S027,Planta_3,99.58,1.35
76901,02/09/26 8:02,S021,Planta_3,85.37,1.25
76903,02/09/26 8:02,S023,Planta_3,101.13,1.84
76911,02/09/26 8:02,S031,Planta_4,89.15,3.18
76924,02/09/26 8:03,S004,Planta_1,94.74,4.07
76931,02/09/26 8:03,S011,Planta_2,101.07,5.32
76962,02/09/26 8:04,S002,Planta_1,88.88,3.73
76970,02/09/26 8:04,S010,Planta_1,101.64,2.68
77009,02/09/26 8:05,S009,Planta_1,103.78,2.84
77038,02/09/26 8:05,S038,Planta_4,85.52,1.68
77067,02/09/26 8:06,S027,Planta_3,95.92,2.85
77086,02/09/26 8:07,S006,Planta_1,95.12,3.94
77104,02/09/26 8:07,S024,Planta_3,98.51,4.17
77113,02/09/26 8:07,S033,Planta_4,96.72,2.83
77135,02/09/26 8:08,S015,Planta_2,91.37,4.16
77139,02/09/26 8:08,S019,Planta_2,100.01,2.68
77160,02/09/26 8:08,S040,Planta_4,90.09,4.39
77184,02/09/26 8:09,S024,Planta_3,86.78,2.39
77186,02/09/26 8:09,S026,Planta_3,96.68,1.71
77198,02/09/26 8:09,S038,Planta_4,85.7,4.61
77215,02/09/26 8:10,S015,Planta_2,103.27,4.93
77219,02/09/26 8:10,S019,Planta_2,104.33,1.8
77256,02/09/26 8:11,S016,Planta_2,95.39,5.14
77259,02/09/26 8:11,S019,Planta_2,95.73,2.67
77280,02/09/26 8:11,S040,Planta_4,100.51,0.66
77295,02/09/26 8:12,S015,Planta_2,98.74,4.81
77298,02/09/26 8:12,S018,Planta_2,89.42,2.36
77358,02/09/26 8:13,S038,Planta_4,89.12,3.41
77380,02/09/26 8:14,S020,Planta_2,95.05,0.8
77392,02/09/26 8:14,S032,Planta_4,92.41,0.5
77394,02/09/26 8:14,S034,Planta_4,102.54,2.61
77397,02/09/26 8:14,S037,Planta_4,85.58,0.55
77413,02/09/26 8:15,S013,Planta_2,94.37,3.61
77418,02/09/26 8:15,S018,Planta_2,100.12,5.36
77439,02/09/26 8:15,S039,Planta_4,98.67,3.27
77443,02/09/26 8:16,S003,Planta_1,93.22,2.81
77451,02/09/26 8:16,S011,Planta_2,86.82,4.44
77460,02/09/26 8:16,S020,Planta_2,99.24,2.39
77462,02/09/26 8:16,S022,Planta_3,95.74,3.17
77491,02/09/26 8:17,S011,Planta_2,103.25,1.22
77499,02/09/26 8:17,S019,Planta_2,96.64,1.86
77507,02/09/26 8:17,S027,Planta_3,94.23,5.24
77513,02/09/26 8:17,S033,Planta_4,103.72,3.14
77545,02/09/26 8:18,S025,Planta_3,104.25,1.74
77556,02/09/26 8:18,S036,Planta_4,86.03,2.1
77585,02/09/26 8:19,S025,Planta_3,95.17,4.54
77589,02/09/26 8:19,S029,Planta_3,96.24,1.7
77592,02/09/26 8:19,S032,Planta_4,90.23,2.9
77594,02/09/26 8:19,S034,Planta_4,101.57,1.84
77596,02/09/26 8:19,S036,Planta_4,104.43,2.84
77620,02/09/26 8:20,S020,Planta_2,95.47,2.79
77631,02/09/26 8:20,S031,Planta_4,85.33,2.76
77647,02/09/26 8:21,S007,Planta_1,90.27,4.07
77688,02/09/26 8:22,S008,Planta_1,104.35,3.76
77692,02/09/26 8:22,S012,Planta_2,92.56,4.36
77710,02/09/26 8:22,S030,Planta_3,99.13,0.5
77753,02/09/26 8:23,S033,Planta_4,103.56,4.95
77763,02/09/26 8:24,S003,Planta_1,91.75,5.48
77764,02/09/26 8:24,S004,Planta_1,85.35,0.61
77765,02/09/26 8:24,S005,Planta_1,104.96,1.24
77773,02/09/26 8:24,S013,Planta_2,91.93,0.98
77774,02/09/26 8:24,S014,Planta_2,96.06,1.01
77779,02/09/26 8:24,S019,Planta_2,99.49,4.03
77790,02/09/26 8:24,S030,Planta_3,87.11,4.34
77808,02/09/26 8:25,S008,Planta_1,86.27,2.93
77809,02/09/26 8:25,S009,Planta_1,97.91,3.7
77841,02/09/26 8:26,S001,Planta_1,96.88,2.81
77915,02/09/26 8:27,S035,Planta_4,99.64,0.64
77920,02/09/26 8:27,S040,Planta_4,89.4,5.31
77947,02/09/26 8:28,S027,Planta_3,99.37,3.12
77978,02/09/26 8:29,S018,Planta_2,89.21,4.2
77987,02/09/26 8:29,S027,Planta_3,87.48,0.59
78043,02/09/26 8:31,S003,Planta_1,86.38,1.85
78077,02/09/26 8:31,S037,Planta_4,90.9,3.49
78093,02/09/26 8:32,S013,Planta_2,98.03,4.24
78097,02/09/26 8:32,S017,Planta_2,92.87,2.97
78101,02/09/26 8:32,S021,Planta_3,88.56,1.42
78102,02/09/26 8:32,S022,Planta_3,101.79,4.2
78104,02/09/26 8:32,S024,Planta_3,102.21,0.88
78148,02/09/26 8:33,S028,Planta_3,99.84,1.53
78167,02/09/26 8:34,S007,Planta_1,104.38,3.12
78174,02/09/26 8:34,S014,Planta_2,95.01,1.75
78179,02/09/26 8:34,S019,Planta_2,104.87,1.19
78180,02/09/26 8:34,S020,Planta_2,98.79,4.79
78199,02/09/26 8:34,S039,Planta_4,95.64,0.63
78220,02/09/26 8:35,S020,Planta_2,86.94,0.63
78238,02/09/26 8:35,S038,Planta_4,89.61,1.23
78290,02/09/26 8:37,S010,Planta_1,90.88,2.23
78293,02/09/26 8:37,S013,Planta_2,97.58,2.77
78311,02/09/26 8:37,S031,Planta_4,94.92,1.65
78334,02/09/26 8:38,S014,Planta_2,103.22,2.2
78336,02/09/26 8:38,S016,Planta_2,97.7,5.03
78349,02/09/26 8:38,S029,Planta_3,86.93,3.4
78361,02/09/26 8:39,S001,Planta_1,96.98,3.55
78416,02/09/26 8:40,S016,Planta_2,91.61,3.21
78421,02/09/26 8:40,S021,Planta_3,85.8,3.62
78427,02/09/26 8:40,S027,Planta_3,90.01,4.16
78448,02/09/26 8:41,S008,Planta_1,98.42,2.64
78458,02/09/26 8:41,S018,Planta_2,94.67,1.49
78459,02/09/26 8:41,S019,Planta_2,97.54,4.97
78469,02/09/26 8:41,S029,Planta_3,89.64,4.17
78478,02/09/26 8:41,S038,Planta_4,95.01,3.07
78480,02/09/26 8:41,S040,Planta_4,92.84,5.21
78514,02/09/26 8:42,S034,Planta_4,86.69,2.38
78533,02/09/26 8:43,S013,Planta_2,87.29,1.77
78536,02/09/26 8:43,S016,Planta_2,97.33,3.97
78543,02/09/26 8:43,S023,Planta_3,103.93,3.88
78544,02/09/26 8:43,S024,Planta_3,89.41,2.0
78553,02/09/26 8:43,S033,Planta_4,91.7,0.85
78555,02/09/26 8:43,S035,Planta_4,88.08,3.94
78573,02/09/26 8:44,S013,Planta_2,93.2,3.31
78583,02/09/26 8:44,S023,Planta_3,104.49,5.1
78588,02/09/26 8:44,S028,Planta_3,87.16,5.11
78589,02/09/26 8:44,S029,Planta_3,92.08,2.87
78602,02/09/26 8:45,S002,Planta_1,101.82,3.55
78613,02/09/26 8:45,S013,Planta_2,96.35,3.31
78627,02/09/26 8:45,S027,Planta_3,100.29,3.87
78631,02/09/26 8:45,S031,Planta_4,86.34,3.51
78632,02/09/26 8:45,S032,Planta_4,88.96,1.44
78660,02/09/26 8:46,S020,Planta_2,92.3,0.93
78669,02/09/26 8:46,S029,Planta_3,90.81,3.1
78672,02/09/26 8:46,S032,Planta_4,95.38,2.01
78678,02/09/26 8:46,S038,Planta_4,104.68,3.68
78683,02/09/26 8:47,S003,Planta_1,95.79,5.45
78685,02/09/26 8:47,S005,Planta_1,95.6,4.44
78687,02/09/26 8:47,S007,Planta_1,104.7,2.38
78698,02/09/26 8:47,S018,Planta_2,90.23,2.67
78706,02/09/26 8:47,S026,Planta_3,87.86,4.91
78711,02/09/26 8:47,S031,Planta_4,93.68,4.81
78712,02/09/26 8:47,S032,Planta_4,100.47,3.99
78716,02/09/26 8:47,S036,Planta_4,97.32,3.28
78726,02/09/26 8:48,S006,Planta_1,97.27,1.79
78753,02/09/26 8:48,S033,Planta_4,86.85,2.53
78763,02/09/26 8:49,S003,Planta_1,97.65,5.27
78846,02/09/26 8:51,S006,Planta_1,87.95,3.11
78847,02/09/26 8:51,S007,Planta_1,94.0,4.06
78867,02/09/26 8:51,S027,Planta_3,85.02,3.36
78870,02/09/26 8:51,S030,Planta_3,90.35,3.51
78873,02/09/26 8:51,S033,Planta_4,94.22,4.09
78894,02/09/26 8:52,S014,Planta_2,97.06,4.12
78899,02/09/26 8:52,S019,Planta_2,94.01,2.34
78916,02/09/26 8:52,S036,Planta_4,99.56,0.62
78934,02/09/26 8:53,S014,Planta_2,95.07,3.37
78940,02/09/26 8:53,S020,Planta_2,103.79,5.16
78944,02/09/26 8:53,S024,Planta_3,93.23,2.69
78955,02/09/26 8:53,S035,Planta_4,87.39,1.49
78980,02/09/26 8:54,S020,Planta_2,98.7,2.62
78985,02/09/26 8:54,S025,Planta_3,95.76,4.81
78996,02/09/26 8:54,S036,Planta_4,91.04,4.82
79001,02/09/26 8:55,S001,Planta_1,99.71,1.5
79008,02/09/26 8:55,S008,Planta_1,95.7,3.09
79043,02/09/26 8:56,S003,Planta_1,92.32,4.46
79054,02/09/26 8:56,S014,Planta_2,88.95,3.69
79060,02/09/26 8:56,S020,Planta_2,89.02,3.55
79080,02/09/26 8:56,S040,Planta_4,95.0,2.7
79092,02/09/26 8:57,S012,Planta_2,85.78,2.83
79101,02/09/26 8:57,S021,Planta_3,87.33,4.84
79106,02/09/26 8:57,S026,Planta_3,89.96,4.62
79107,02/09/26 8:57,S027,Planta_3,87.34,1.66
79153,02/09/26 8:58,S033,Planta_4,101.48,5.33
79165,02/09/26 8:59,S005,Planta_1,90.31,2.39
79167,02/09/26 8:59,S007,Planta_1,103.76,0.84
79179,02/09/26 8:59,S019,Planta_2,88.79,5.48
79211,02/09/26 9:00,S011,Planta_2,88.67,2.02
79224,02/09/26 9:00,S024,Planta_3,101.75,1.13
79231,02/09/26 9:00,S031,Planta_4,94.1,2.26
79233,02/09/26 9:00,S033,Planta_4,91.64,4.34
79234,02/09/26 9:00,S034,Planta_4,92.27,3.12
79238,02/09/26 9:00,S038,Planta_4,100.12,5.48
79244,02/09/26 9:01,S004,Planta_1,103.37,1.53
79284,02/09/26 9:02,S004,Planta_1,101.3,5.28
79286,02/09/26 9:02,S006,Planta_1,94.79,2.3
79296,02/09/26 9:02,S016,Planta_2,99.78,3.82
79335,02/09/26 9:03,S015,Planta_2,94.67,3.72
79344,02/09/26 9:03,S024,Planta_3,101.32,2.61
79349,02/09/26 9:03,S029,Planta_3,97.64,4.69
79350,02/09/26 9:03,S030,Planta_3,95.95,4.65
79385,02/09/26 9:04,S025,Planta_3,86.54,0.53
79422,02/09/26 9:05,S022,Planta_3,92.63,4.97
79439,02/09/26 9:05,S039,Planta_4,85.9,4.89
79462,02/09/26 9:06,S022,Planta_3,98.25,2.41
79476,02/09/26 9:06,S036,Planta_4,92.72,3.15
79479,02/09/26 9:06,S039,Planta_4,99.63,4.14
79492,02/09/26 9:07,S012,Planta_2,85.96,2.23
79504,02/09/26 9:07,S024,Planta_3,104.86,0.64
79510,02/09/26 9:07,S030,Planta_3,88.99,5.18
79517,02/09/26 9:07,S037,Planta_4,102.76,0.97
79520,02/09/26 9:07,S040,Planta_4,94.65,3.01
79521,02/09/26 9:08,S001,Planta_1,99.19,2.66
79538,02/09/26 9:08,S018,Planta_2,102.03,4.37
79541,02/09/26 9:08,S021,Planta_3,104.64,1.57
79556,02/09/26 9:08,S036,Planta_4,90.07,4.77
79557,02/09/26 9:08,S037,Planta_4,93.17,4.64
79560,02/09/26 9:08,S040,Planta_4,93.26,2.45
79567,02/09/26 9:09,S007,Planta_1,85.12,4.35
79583,02/09/26 9:09,S023,Planta_3,98.38,1.78
79585,02/09/26 9:09,S025,Planta_3,88.06,1.67
79606,02/09/26 9:10,S006,Planta_1,99.71,3.96
79609,02/09/26 9:10,S009,Planta_1,85.71,1.64
79616,02/09/26 9:10,S016,Planta_2,99.55,4.78
79627,02/09/26 9:10,S027,Planta_3,94.39,2.01
79651,02/09/26 9:11,S011,Planta_2,99.66,2.79
79659,02/09/26 9:11,S019,Planta_2,85.9,4.84
79662,02/09/26 9:11,S022,Planta_3,98.56,0.6
79672,02/09/26 9:11,S032,Planta_4,97.24,4.62
79681,02/09/26 9:12,S001,Planta_1,100.19,3.46
79706,02/09/26 9:12,S026,Planta_3,98.75,1.4
79722,02/09/26 9:13,S002,Planta_1,93.69,4.67
79771,02/09/26 9:14,S011,Planta_2,104.0,3.17
79773,02/09/26 9:14,S013,Planta_2,86.09,5.4
79783,02/09/26 9:14,S023,Planta_3,98.17,3.08
79809,02/09/26 9:15,S009,Planta_1,85.25,1.11
79822,02/09/26 9:15,S022,Planta_3,102.11,3.08
79849,02/09/26 9:16,S009,Planta_1,102.3,3.25
79861,02/09/26 9:16,S021,Planta_3,93.52,1.81
79868,02/09/26 9:16,S028,Planta_3,100.69,1.53
79871,02/09/26 9:16,S031,Planta_4,102.77,2.98
79909,02/09/26 9:17,S029,Planta_3,98.44,0.78
79927,02/09/26 9:18,S007,Planta_1,91.52,1.62
79935,02/09/26 9:18,S015,Planta_2,95.51,5.09
79938,02/09/26 9:18,S018,Planta_2,88.19,0.65
79945,02/09/26 9:18,S025,Planta_3,103.0,1.35
79962,02/09/26 9:19,S002,Planta_1,96.98,1.07
79968,02/09/26 9:19,S008,Planta_1,99.19,4.49
79969,02/09/26 9:19,S009,Planta_1,95.59,5.4
79977,02/09/26 9:19,S017,Planta_2,92.19,2.72
79978,02/09/26 9:19,S018,Planta_2,103.5,1.33
79986,02/09/26 9:19,S026,Planta_3,87.62,3.33
79987,02/09/26 9:19,S027,Planta_3,88.41,4.17
80005,02/09/26 9:20,S005,Planta_1,98.78,5.43
80011,02/09/26 9:20,S011,Planta_2,90.3,0.66
80039,02/09/26 9:20,S039,Planta_4,101.93,1.45
80054,02/09/26 9:21,S014,Planta_2,88.82,1.9
80082,02/09/26 9:22,S002,Planta_1,99.27,3.79
80095,02/09/26 9:22,S015,Planta_2,98.27,2.42
80128,02/09/26 9:23,S008,Planta_1,88.26,4.72
80151,02/09/26 9:23,S031,Planta_4,94.52,4.42
80159,02/09/26 9:23,S039,Planta_4,88.91,4.57
80167,02/09/26 9:24,S007,Planta_1,93.52,3.14
80172,02/09/26 9:24,S012,Planta_2,87.47,2.72
80174,02/09/26 9:24,S014,Planta_2,89.07,0.85
80188,02/09/26 9:24,S028,Planta_3,96.01,2.93
80191,02/09/26 9:24,S031,Planta_4,92.96,2.23
80211,02/09/26 9:25,S011,Planta_2,96.91,3.16
80214,02/09/26 9:25,S014,Planta_2,88.85,2.92
80218,02/09/26 9:25,S018,Planta_2,104.86,1.97
80267,02/09/26 9:26,S027,Planta_3,104.78,3.68
80293,02/09/26 9:27,S013,Planta_2,87.43,3.53
80309,02/09/26 9:27,S029,Planta_3,96.72,5.22
80310,02/09/26 9:27,S030,Planta_3,96.8,3.87
80315,02/09/26 9:27,S035,Planta_4,101.89,1.12
80351,02/09/26 9:28,S031,Planta_4,99.36,5.33
80353,02/09/26 9:28,S033,Planta_4,97.88,3.16
80360,02/09/26 9:28,S040,Planta_4,98.89,3.4
80394,02/09/26 9:29,S034,Planta_4,93.07,4.56
80396,02/09/26 9:29,S036,Planta_4,95.34,1.01
80413,02/09/26 9:30,S013,Planta_2,88.58,3.61
80415,02/09/26 9:30,S015,Planta_2,89.54,2.0
80420,02/09/26 9:30,S020,Planta_2,99.1,3.57
80432,02/09/26 9:30,S032,Planta_4,93.9,4.67
80448,02/09/26 9:31,S008,Planta_1,85.71,4.31
80466,02/09/26 9:31,S026,Planta_3,86.93,4.0
80501,02/09/26 9:32,S021,Planta_3,93.97,1.88
80539,02/09/26 9:33,S019,Planta_2,96.89,4.77
80547,02/09/26 9:33,S027,Planta_3,103.18,5.14
80548,02/09/26 9:33,S028,Planta_3,96.02,4.6
80556,02/09/26 9:33,S036,Planta_4,87.95,4.12
80560,02/09/26 9:33,S040,Planta_4,91.69,1.0
80563,02/09/26 9:34,S003,Planta_1,87.85,2.58
80571,02/09/26 9:34,S011,Planta_2,104.8,2.02
80576,02/09/26 9:34,S016,Planta_2,104.75,4.85
80581,02/09/26 9:34,S021,Planta_3,102.18,5.23
80595,02/09/26 9:34,S035,Planta_4,89.83,1.38
80604,02/09/26 9:35,S004,Planta_1,87.95,5.04
80609,02/09/26 9:35,S009,Planta_1,98.3,2.01
80630,02/09/26 9:35,S030,Planta_3,89.0,0.89
80631,02/09/26 9:35,S031,Planta_4,92.1,3.96
80702,02/09/26 9:37,S022,Planta_3,96.41,2.27
80714,02/09/26 9:37,S034,Planta_4,91.48,2.36
80720,02/09/26 9:37,S040,Planta_4,95.63,4.61
80729,02/09/26 9:38,S009,Planta_1,91.33,3.49
80752,02/09/26 9:38,S032,Planta_4,93.13,3.47
80786,02/09/26 9:39,S026,Planta_3,90.27,2.11
80787,02/09/26 9:39,S027,Planta_3,104.38,5.27
80789,02/09/26 9:39,S029,Planta_3,101.86,5.34
80818,02/09/26 9:40,S018,Planta_2,87.2,2.84
80828,02/09/26 9:40,S028,Planta_3,101.11,1.89
80856,02/09/26 9:41,S016,Planta_2,96.01,0.6
80874,02/09/26 9:41,S034,Planta_4,104.09,4.45
80886,02/09/26 9:42,S006,Planta_1,93.64,4.74
80902,02/09/26 9:42,S022,Planta_3,95.87,4.58
80918,02/09/26 9:42,S038,Planta_4,88.64,5.01
80959,02/09/26 9:43,S039,Planta_4,98.36,1.46
81003,02/09/26 9:45,S003,Planta_1,92.99,3.66
81007,02/09/26 9:45,S007,Planta_1,97.38,1.08
81029,02/09/26 9:45,S029,Planta_3,98.39,1.23
81042,02/09/26 9:46,S002,Planta_1,96.35,5.0
81052,02/09/26 9:46,S012,Planta_2,96.63,2.17
81053,02/09/26 9:46,S013,Planta_2,88.16,4.69
81095,02/09/26 9:47,S015,Planta_2,103.93,1.06
81126,02/09/26 9:48,S006,Planta_1,97.55,3.28
81173,02/09/26 9:49,S013,Planta_2,97.41,2.71
81218,02/09/26 9:50,S018,Planta_2,98.04,3.4
81222,02/09/26 9:50,S022,Planta_3,91.25,3.65
81232,02/09/26 9:50,S032,Planta_4,86.55,1.5
81244,02/09/26 9:51,S004,Planta_1,104.75,4.28
81256,02/09/26 9:51,S016,Planta_2,93.03,1.71
81272,02/09/26 9:51,S032,Planta_4,95.0,4.89
81281,02/09/26 9:52,S001,Planta_1,97.12,3.57
81283,02/09/26 9:52,S003,Planta_1,102.22,1.44
81313,02/09/26 9:52,S033,Planta_4,104.07,4.94
81332,02/09/26 9:53,S012,Planta_2,99.52,2.68
81346,02/09/26 9:53,S026,Planta_3,86.81,0.99
81347,02/09/26 9:53,S027,Planta_3,98.93,5.08
81350,02/09/26 9:53,S030,Planta_3,87.43,1.63
81370,02/09/26 9:54,S010,Planta_1,88.8,0.93
81405,02/09/26 9:55,S005,Planta_1,94.41,3.16
81408,02/09/26 9:55,S008,Planta_1,102.43,5.28
81434,02/09/26 9:55,S034,Planta_4,100.12,2.76
81437,02/09/26 9:55,S037,Planta_4,98.49,4.64
81461,02/09/26 9:56,S021,Planta_3,85.37,3.77
81491,02/09/26 9:57,S011,Planta_2,88.07,3.13
81501,02/09/26 9:57,S021,Planta_3,89.63,0.64
81512,02/09/26 9:57,S032,Planta_4,104.8,1.92
81513,02/09/26 9:57,S033,Planta_4,92.61,3.49
81529,02/09/26 9:58,S009,Planta_1,99.76,0.71
81543,02/09/26 9:58,S023,Planta_3,94.03,4.95
81549,02/09/26 9:58,S029,Planta_3,92.62,2.0
81565,02/09/26 9:59,S005,Planta_1,93.51,2.89
81572,02/09/26 9:59,S012,Planta_2,101.48,0.52
81579,02/09/26 9:59,S019,Planta_2,95.95,2.5
81586,02/09/26 9:59,S026,Planta_3,85.5,2.44
81594,02/09/26 9:59,S034,Planta_4,85.04,4.66
81612,02/09/26 10:00,S012,Planta_2,98.25,0.91
81613,02/09/26 10:00,S013,Planta_2,89.06,2.26
81621,02/09/26 10:00,S021,Planta_3,86.41,2.82
81629,02/09/26 10:00,S029,Planta_3,87.98,1.97
81635,02/09/26 10:00,S035,Planta_4,99.26,5.26
81673,02/09/26 10:01,S033,Planta_4,92.61,4.6
81679,02/09/26 10:01,S039,Planta_4,96.78,5.03
81689,02/09/26 10:02,S009,Planta_1,93.03,3.55
81724,02/09/26 10:03,S004,Planta_1,93.46,5.36
81736,02/09/26 10:03,S016,Planta_2,100.45,2.22
81754,02/09/26 10:03,S034,Planta_4,104.91,5.49
81760,02/09/26 10:03,S040,Planta_4,89.12,1.87
81794,02/09/26 10:04,S034,Planta_4,101.83,1.07
81799,02/09/26 10:04,S039,Planta_4,91.67,0.56
81810,02/09/26 10:05,S010,Planta_1,99.62,4.08
81815,02/09/26 10:05,S015,Planta_2,99.12,4.17
81817,02/09/26 10:05,S017,Planta_2,97.86,3.87
81838,02/09/26 10:05,S038,Planta_4,101.27,1.97
81867,02/09/26 10:06,S027,Planta_3,100.42,5.28
81874,02/09/26 10:06,S034,Planta_4,92.64,3.91
81916,02/09/26 10:07,S036,Planta_4,99.9,2.74
81946,02/09/26 10:08,S026,Planta_3,104.62,3.47
81969,02/09/26 10:09,S009,Planta_1,99.95,2.49
81970,02/09/26 10:09,S010,Planta_1,90.32,5.12
81975,02/09/26 10:09,S015,Planta_2,86.66,2.15
82004,02/09/26 10:10,S004,Planta_1,92.05,2.75
82009,02/09/26 10:10,S009,Planta_1,95.36,1.79
82033,02/09/26 10:10,S033,Planta_4,95.75,3.04
82034,02/09/26 10:10,S034,Planta_4,98.69,3.86
82058,02/09/26 10:11,S018,Planta_2,85.8,3.83
82076,02/09/26 10:11,S036,Planta_4,90.37,5.22
82081,02/09/26 10:12,S001,Planta_1,96.8,5.39
82090,02/09/26 10:12,S010,Planta_1,100.09,2.44
82106,02/09/26 10:12,S026,Planta_3,91.82,1.34
82137,02/09/26 10:13,S017,Planta_2,90.38,4.89
82167,02/09/26 10:14,S007,Planta_1,99.4,5.47
82209,02/09/26 10:15,S009,Planta_1,98.03,2.13
82233,02/09/26 10:15,S033,Planta_4,91.44,1.93
82250,02/09/26 10:16,S010,Planta_1,86.56,5.41
82283,02/09/26 10:17,S003,Planta_1,99.98,4.06
82299,02/09/26 10:17,S019,Planta_2,97.97,1.24
82306,02/09/26 10:17,S026,Planta_3,95.75,1.83
82337,02/09/26 10:18,S017,Planta_2,88.82,5.08
82338,02/09/26 10:18,S018,Planta_2,90.4,4.67
82350,02/09/26 10:18,S030,Planta_3,103.77,1.06
82361,02/09/26 10:19,S001,Planta_1,101.21,1.6
82367,02/09/26 10:19,S007,Planta_1,98.65,4.91
82371,02/09/26 10:19,S011,Planta_2,95.46,5.33
82372,02/09/26 10:19,S012,Planta_2,92.49,1.94
82376,02/09/26 10:19,S016,Planta_2,88.81,2.9
82381,02/09/26 10:19,S021,Planta_3,90.71,0.89
82384,02/09/26 10:19,S024,Planta_3,99.84,1.0
82401,02/09/26 10:20,S001,Planta_1,86.39,3.65
82404,02/09/26 10:20,S004,Planta_1,100.45,3.6
82408,02/09/26 10:20,S008,Planta_1,96.75,2.21
82411,02/09/26 10:20,S011,Planta_2,87.49,3.85
82418,02/09/26 10:20,S018,Planta_2,99.34,5.1
82432,02/09/26 10:20,S032,Planta_4,96.6,4.62
82438,02/09/26 10:20,S038,Planta_4,101.14,2.69
82451,02/09/26 10:21,S011,Planta_2,96.14,3.31
82453,02/09/26 10:21,S013,Planta_2,101.14,1.61
82465,02/09/26 10:21,S025,Planta_3,94.65,2.0
82469,02/09/26 10:21,S029,Planta_3,89.09,3.49
82471,02/09/26 10:21,S031,Planta_4,88.74,4.29
82474,02/09/26 10:21,S034,Planta_4,87.33,4.72
82479,02/09/26 10:21,S039,Planta_4,104.44,1.66
82483,02/09/26 10:22,S003,Planta_1,95.72,3.48
82498,02/09/26 10:22,S018,Planta_2,91.56,4.16
82506,02/09/26 10:22,S026,Planta_3,98.97,3.38
82511,02/09/26 10:22,S031,Planta_4,102.28,2.66
82537,02/09/26 10:23,S017,Planta_2,101.75,2.16
82540,02/09/26 10:23,S020,Planta_2,91.31,4.01
82541,02/09/26 10:23,S021,Planta_3,100.83,1.72
82552,02/09/26 10:23,S032,Planta_4,88.02,1.3
82562,02/09/26 10:24,S002,Planta_1,86.59,4.57
82585,02/09/26 10:24,S025,Planta_3,99.44,2.95
82589,02/09/26 10:24,S029,Planta_3,89.54,2.23
82594,02/09/26 10:24,S034,Planta_4,90.69,0.62
82607,02/09/26 10:25,S007,Planta_1,98.79,2.89
82608,02/09/26 10:25,S008,Planta_1,89.94,4.15
82610,02/09/26 10:25,S010,Planta_1,93.64,3.51
82615,02/09/26 10:25,S015,Planta_2,96.31,2.4
82636,02/09/26 10:25,S036,Planta_4,93.63,1.36
82670,02/09/26 10:26,S030,Planta_3,91.02,1.4
82678,02/09/26 10:26,S038,Planta_4,91.94,1.42
82685,02/09/26 10:27,S005,Planta_1,87.96,1.28
82711,02/09/26 10:27,S031,Planta_4,98.88,3.09
82719,02/09/26 10:27,S039,Planta_4,94.65,2.03
82724,02/09/26 10:28,S004,Planta_1,88.57,4.97
82728,02/09/26 10:28,S008,Planta_1,93.68,5.15
82734,02/09/26 10:28,S014,Planta_2,100.64,4.63
82738,02/09/26 10:28,S018,Planta_2,85.19,1.45
82748,02/09/26 10:28,S028,Planta_3,92.52,4.67
82784,02/09/26 10:29,S024,Planta_3,88.44,5.2
82787,02/09/26 10:29,S027,Planta_3,101.27,1.33
82791,02/09/26 10:29,S031,Planta_4,97.65,3.99
82797,02/09/26 10:29,S037,Planta_4,100.41,2.78
82827,02/09/26 10:30,S027,Planta_3,104.79,2.65
82834,02/09/26 10:30,S034,Planta_4,89.07,3.86
82877,02/09/26 10:31,S037,Planta_4,99.03,2.85
82889,02/09/26 10:32,S009,Planta_1,90.25,1.98
82909,02/09/26 10:32,S029,Planta_3,100.11,5.33
82926,02/09/26 10:33,S006,Planta_1,95.59,4.41
82934,02/09/26 10:33,S014,Planta_2,88.97,4.3
82944,02/09/26 10:33,S024,Planta_3,99.79,0.71
82965,02/09/26 10:34,S005,Planta_1,91.7,3.45
82992,02/09/26 10:34,S032,Planta_4,99.49,1.85
82999,02/09/26 10:34,S039,Planta_4,86.22,2.6
83026,02/09/26 10:35,S026,Planta_3,95.64,3.54
83031,02/09/26 10:35,S031,Planta_4,96.61,2.63
83048,02/09/26 10:36,S008,Planta_1,93.92,3.85
83082,02/09/26 10:37,S002,Planta_1,96.99,5.22
83103,02/09/26 10:37,S023,Planta_3,92.91,1.81
83112,02/09/26 10:37,S032,Planta_4,97.23,4.49
83121,02/09/26 10:38,S001,Planta_1,98.06,2.1
83128,02/09/26 10:38,S008,Planta_1,86.17,2.2
83135,02/09/26 10:38,S015,Planta_2,94.46,0.54
83139,02/09/26 10:38,S019,Planta_2,91.04,3.91
83143,02/09/26 10:38,S023,Planta_3,100.63,0.65
83149,02/09/26 10:38,S029,Planta_3,102.68,4.79
83175,02/09/26 10:39,S015,Planta_2,98.19,3.42
83182,02/09/26 10:39,S022,Planta_3,87.37,3.2
83185,02/09/26 10:39,S025,Planta_3,96.72,1.22
83206,02/09/26 10:40,S006,Planta_1,93.95,3.94
83208,02/09/26 10:40,S008,Planta_1,102.75,1.03
83209,02/09/26 10:40,S009,Planta_1,87.34,1.74
83218,02/09/26 10:40,S018,Planta_2,103.96,5.03
83223,02/09/26 10:40,S023,Planta_3,95.12,1.39
83226,02/09/26 10:40,S026,Planta_3,103.41,2.03
83230,02/09/26 10:40,S030,Planta_3,86.71,2.67
83233,02/09/26 10:40,S033,Planta_4,91.59,2.45
83250,02/09/26 10:41,S010,Planta_1,89.14,0.53
83251,02/09/26 10:41,S011,Planta_2,86.86,1.12
83262,02/09/26 10:41,S022,Planta_3,104.42,4.07
83289,02/09/26 10:42,S009,Planta_1,102.09,0.6
83409,02/09/26 10:45,S009,Planta_1,92.3,4.98
83415,02/09/26 10:45,S015,Planta_2,90.45,3.1
83418,02/09/26 10:45,S018,Planta_2,90.74,3.21
83430,02/09/26 10:45,S030,Planta_3,90.57,3.38
83439,02/09/26 10:45,S039,Planta_4,100.27,3.38
83457,02/09/26 10:46,S017,Planta_2,88.57,1.74
83482,02/09/26 10:47,S002,Planta_1,97.31,4.27
83491,02/09/26 10:47,S011,Planta_2,97.45,5.47
83529,02/09/26 10:48,S009,Planta_1,97.22,5.36
83530,02/09/26 10:48,S010,Planta_1,103.44,1.85
83535,02/09/26 10:48,S015,Planta_2,104.97,4.57
83548,02/09/26 10:48,S028,Planta_3,103.39,4.43
83569,02/09/26 10:49,S009,Planta_1,87.52,3.44
83579,02/09/26 10:49,S019,Planta_2,90.79,3.82
83602,02/09/26 10:50,S002,Planta_1,86.22,4.77
83620,02/09/26 10:50,S020,Planta_2,102.83,3.82
83622,02/09/26 10:50,S022,Planta_3,100.97,1.0
83629,02/09/26 10:50,S029,Planta_3,88.18,4.72
83646,02/09/26 10:51,S006,Planta_1,98.33,3.97
83667,02/09/26 10:51,S027,Planta_3,86.55,4.73
83673,02/09/26 10:51,S033,Planta_4,90.52,3.48
83681,02/09/26 10:52,S001,Planta_1,92.28,3.56
83682,02/09/26 10:52,S002,Planta_1,104.54,3.55
83685,02/09/26 10:52,S005,Planta_1,94.04,1.82
83689,02/09/26 10:52,S009,Planta_1,97.88,3.03
83695,02/09/26 10:52,S015,Planta_2,87.81,3.92
83707,02/09/26 10:52,S027,Planta_3,104.35,4.34
83722,02/09/26 10:53,S002,Planta_1,93.41,3.6
83732,02/09/26 10:53,S012,Planta_2,95.45,2.52
83742,02/09/26 10:53,S022,Planta_3,102.46,5.29
83748,02/09/26 10:53,S028,Planta_3,86.63,4.06
83759,02/09/26 10:53,S039,Planta_4,96.45,1.34
83762,02/09/26 10:54,S002,Planta_1,90.0,3.9
83791,02/09/26 10:54,S031,Planta_4,95.11,2.62
83794,02/09/26 10:54,S034,Planta_4,92.85,4.26
83808,02/09/26 10:55,S008,Planta_1,89.88,2.95
83809,02/09/26 10:55,S009,Planta_1,86.15,5.35
83813,02/09/26 10:55,S013,Planta_2,103.61,4.4
83829,02/09/26 10:55,S029,Planta_3,94.31,2.2
83845,02/09/26 10:56,S005,Planta_1,86.19,0.94
83846,02/09/26 10:56,S006,Planta_1,95.51,2.34
83847,02/09/26 10:56,S007,Planta_1,95.45,0.96
83851,02/09/26 10:56,S011,Planta_2,94.22,3.03
83857,02/09/26 10:56,S017,Planta_2,89.08,4.79
83859,02/09/26 10:56,S019,Planta_2,87.26,4.08
83860,02/09/26 10:56,S020,Planta_2,87.72,5.06
83874,02/09/26 10:56,S034,Planta_4,93.57,2.62
83876,02/09/26 10:56,S036,Planta_4,102.73,4.53
83914,02/09/26 10:57,S034,Planta_4,87.07,4.46
83933,02/09/26 10:58,S013,Planta_2,104.68,4.77
83942,02/09/26 10:58,S022,Planta_3,99.48,5.43
83959,02/09/26 10:58,S039,Planta_4,91.52,3.4
84009,02/09/26 11:00,S009,Planta_1,94.59,0.72
84016,02/09/26 11:00,S016,Planta_2,86.51,1.91
84033,02/09/26 11:00,S033,Planta_4,101.95,5.15
84040,02/09/26 11:00,S040,Planta_4,95.54,1.52
84044,02/09/26 11:01,S004,Planta_1,85.77,3.75
84123,02/09/26 11:03,S003,Planta_1,85.55,2.8
84130,02/09/26 11:03,S010,Planta_1,89.68,4.03
84141,02/09/26 11:03,S021,Planta_3,92.2,3.32
84147,02/09/26 11:03,S027,Planta_3,85.29,1.23
84153,02/09/26 11:03,S033,Planta_4,93.93,5.06
84168,02/09/26 11:04,S008,Planta_1,87.62,0.86
84187,02/09/26 11:04,S027,Planta_3,97.82,1.44
84227,02/09/26 11:05,S027,Planta_3,99.4,2.71
84232,02/09/26 11:05,S032,Planta_4,87.73,1.26
84247,02/09/26 11:06,S007,Planta_1,102.96,3.55
84266,02/09/26 11:06,S026,Planta_3,95.09,2.22
84284,02/09/26 11:07,S004,Planta_1,92.25,5.14
84307,02/09/26 11:07,S027,Planta_3,93.15,5.02
84330,02/09/26 11:08,S010,Planta_1,102.9,2.02
84331,02/09/26 11:08,S011,Planta_2,101.72,2.44
84351,02/09/26 11:08,S031,Planta_4,95.71,1.08
84427,02/09/26 11:10,S027,Planta_3,90.33,3.87
84428,02/09/26 11:10,S028,Planta_3,88.34,0.8
84449,02/09/26 11:11,S009,Planta_1,103.73,2.83
84451,02/09/26 11:11,S011,Planta_2,100.99,4.39
84481,02/09/26 11:12,S001,Planta_1,99.0,1.02
84483,02/09/26 11:12,S003,Planta_1,97.65,1.67
84516,02/09/26 11:12,S036,Planta_4,100.9,3.46
84562,02/09/26 11:14,S002,Planta_1,104.16,4.46
84583,02/09/26 11:14,S023,Planta_3,100.1,1.84
84604,02/09/26 11:15,S004,Planta_1,91.83,1.14
84605,02/09/26 11:15,S005,Planta_1,93.37,2.27
84628,02/09/26 11:15,S028,Planta_3,87.91,4.84
84635,02/09/26 11:15,S035,Planta_4,102.5,1.09
84643,02/09/26 11:16,S003,Planta_1,90.19,3.12
84658,02/09/26 11:16,S018,Planta_2,102.7,4.73
84661,02/09/26 11:16,S021,Planta_3,91.22,1.94
84686,02/09/26 11:17,S006,Planta_1,104.85,2.0
84700,02/09/26 11:17,S020,Planta_2,102.69,0.81
84703,02/09/26 11:17,S023,Planta_3,101.28,0.8
84705,02/09/26 11:17,S025,Planta_3,91.36,2.6
84706,02/09/26 11:17,S026,Planta_3,96.11,1.9
84716,02/09/26 11:17,S036,Planta_4,87.9,0.69
84719,02/09/26 11:17,S039,Planta_4,91.83,3.19
84738,02/09/26 11:18,S018,Planta_2,88.76,2.93
84739,02/09/26 11:18,S019,Planta_2,104.7,0.95
84760,02/09/26 11:18,S040,Planta_4,95.62,5.06
84765,02/09/26 11:19,S005,Planta_1,93.61,4.22
84774,02/09/26 11:19,S014,Planta_2,102.8,2.47
84781,02/09/26 11:19,S021,Planta_3,91.89,5.34
84782,02/09/26 11:19,S022,Planta_3,100.74,0.65
84788,02/09/26 11:19,S028,Planta_3,96.45,4.34
84789,02/09/26 11:19,S029,Planta_3,102.96,2.4
84804,02/09/26 11:20,S004,Planta_1,86.0,3.54
84805,02/09/26 11:20,S005,Planta_1,85.03,2.52
84814,02/09/26 11:20,S014,Planta_2,97.07,3.17
84827,02/09/26 11:20,S027,Planta_3,100.07,4.91
84828,02/09/26 11:20,S028,Planta_3,104.6,3.65
84835,02/09/26 11:20,S035,Planta_4,96.68,4.31
84881,02/09/26 11:22,S001,Planta_1,85.28,2.02
84892,02/09/26 11:22,S012,Planta_2,97.01,2.57
84895,02/09/26 11:22,S015,Planta_2,95.11,4.94
84904,02/09/26 11:22,S024,Planta_3,85.81,1.53
84915,02/09/26 11:22,S035,Planta_4,93.15,4.23
84943,02/09/26 11:23,S023,Planta_3,102.96,2.01
84979,02/09/26 11:24,S019,Planta_2,99.52,3.19
84999,02/09/26 11:24,S039,Planta_4,92.39,1.74
85016,02/09/26 11:25,S016,Planta_2,97.59,2.33
85035,02/09/26 11:25,S035,Planta_4,92.86,3.59
85047,02/09/26 11:26,S007,Planta_1,89.29,3.9
85063,02/09/26 11:26,S023,Planta_3,99.48,0.85
85065,02/09/26 11:26,S025,Planta_3,94.61,4.04
85069,02/09/26 11:26,S029,Planta_3,85.97,1.75
85089,02/09/26 11:27,S009,Planta_1,103.02,3.84
85101,02/09/26 11:27,S021,Planta_3,94.95,5.49
85107,02/09/26 11:27,S027,Planta_3,86.78,3.93
85112,02/09/26 11:27,S032,Planta_4,94.31,4.48
85116,02/09/26 11:27,S036,Planta_4,101.52,3.73
85124,02/09/26 11:28,S004,Planta_1,104.54,2.55
85129,02/09/26 11:28,S009,Planta_1,93.6,3.05
85144,02/09/26 11:28,S024,Planta_3,98.41,4.25
85171,02/09/26 11:29,S011,Planta_2,103.1,0.85
85177,02/09/26 11:29,S017,Planta_2,88.93,4.62
85218,02/09/26 11:30,S018,Planta_2,89.58,2.65
85226,02/09/26 11:30,S026,Planta_3,97.2,2.88
85231,02/09/26 11:30,S031,Planta_4,88.63,1.21
85251,02/09/26 11:31,S011,Planta_2,100.21,4.22
85276,02/09/26 11:31,S036,Planta_4,98.05,3.51
85296,02/09/26 11:32,S016,Planta_2,88.87,0.72
85303,02/09/26 11:32,S023,Planta_3,101.92,4.72
85306,02/09/26 11:32,S026,Planta_3,98.91,3.68
85313,02/09/26 11:32,S033,Planta_4,103.52,2.21
85332,02/09/26 11:33,S012,Planta_2,103.62,2.17
85334,02/09/26 11:33,S014,Planta_2,92.81,0.75
85343,02/09/26 11:33,S023,Planta_3,101.11,1.35
85393,02/09/26 11:34,S033,Planta_4,92.8,4.07
85394,02/09/26 11:34,S034,Planta_4,85.61,4.4
85418,02/09/26 11:35,S018,Planta_2,93.56,1.35
85427,02/09/26 11:35,S027,Planta_3,86.32,2.26
85428,02/09/26 11:35,S028,Planta_3,102.75,4.58
85469,02/09/26 11:36,S029,Planta_3,85.48,3.31
85470,02/09/26 11:36,S030,Planta_3,95.52,1.02
85477,02/09/26 11:36,S037,Planta_4,87.32,3.49
85483,02/09/26 11:37,S003,Planta_1,98.56,2.97
85494,02/09/26 11:37,S014,Planta_2,86.31,4.96
85497,02/09/26 11:37,S017,Planta_2,103.65,0.66
85528,02/09/26 11:38,S008,Planta_1,103.31,3.37
85529,02/09/26 11:38,S009,Planta_1,90.92,2.6
85564,02/09/26 11:39,S004,Planta_1,93.69,2.7
85565,02/09/26 11:39,S005,Planta_1,100.12,1.16
85573,02/09/26 11:39,S013,Planta_2,92.8,0.62
85584,02/09/26 11:39,S024,Planta_3,100.68,4.65
85598,02/09/26 11:39,S038,Planta_4,100.9,3.27
85618,02/09/26 11:40,S018,Planta_2,98.05,3.23
85623,02/09/26 11:40,S023,Planta_3,92.75,3.56
85625,02/09/26 11:40,S025,Planta_3,95.86,4.38
85626,02/09/26 11:40,S026,Planta_3,101.38,5.13
85633,02/09/26 11:40,S033,Planta_4,96.59,2.61
85635,02/09/26 11:40,S035,Planta_4,94.71,1.13
85642,02/09/26 11:41,S002,Planta_1,94.36,3.36
85646,02/09/26 11:41,S006,Planta_1,97.22,2.87
85654,02/09/26 11:41,S014,Planta_2,103.6,4.47
85655,02/09/26 11:41,S015,Planta_2,97.12,3.97
85679,02/09/26 11:41,S039,Planta_4,101.09,1.38
85711,02/09/26 11:42,S031,Planta_4,103.1,5.01
85733,02/09/26 11:43,S013,Planta_2,103.31,4.97
85738,02/09/26 11:43,S018,Planta_2,90.37,3.38
85742,02/09/26 11:43,S022,Planta_3,86.87,0.65
85745,02/09/26 11:43,S025,Planta_3,97.62,4.86
85748,02/09/26 11:43,S028,Planta_3,86.1,3.85
85756,02/09/26 11:43,S036,Planta_4,97.63,3.01
85762,02/09/26 11:44,S002,Planta_1,87.69,2.65
85786,02/09/26 11:44,S026,Planta_3,93.51,3.16
85805,02/09/26 11:45,S005,Planta_1,85.88,2.23
85812,02/09/26 11:45,S012,Planta_2,104.57,2.64
85813,02/09/26 11:45,S013,Planta_2,100.26,3.85
85827,02/09/26 11:45,S027,Planta_3,99.31,4.78
85833,02/09/26 11:45,S033,Planta_4,101.82,4.9
85836,02/09/26 11:45,S036,Planta_4,86.86,3.55
85854,02/09/26 11:46,S014,Planta_2,86.83,5.02
85857,02/09/26 11:46,S017,Planta_2,104.55,3.62
85890,02/09/26 11:47,S010,Planta_1,102.65,5.25
85896,02/09/26 11:47,S016,Planta_2,93.11,3.59
85908,02/09/26 11:47,S028,Planta_3,89.98,2.02
85929,02/09/26 11:48,S009,Planta_1,88.08,1.81
85933,02/09/26 11:48,S013,Planta_2,102.61,5.12
85936,02/09/26 11:48,S016,Planta_2,87.25,2.83
85949,02/09/26 11:48,S029,Planta_3,101.08,3.82
85967,02/09/26 11:49,S007,Planta_1,102.98,0.56
85974,02/09/26 11:49,S014,Planta_2,98.53,4.64
86049,02/09/26 11:51,S009,Planta_1,104.94,1.73
86051,02/09/26 11:51,S011,Planta_2,91.25,3.39
86055,02/09/26 11:51,S015,Planta_2,100.96,4.19
86060,02/09/26 11:51,S020,Planta_2,104.19,2.74
86062,02/09/26 11:51,S022,Planta_3,88.82,4.15
86068,02/09/26 11:51,S028,Planta_3,96.53,3.48
86073,02/09/26 11:51,S033,Planta_4,101.61,5.18
86098,02/09/26 11:52,S018,Planta_2,94.15,4.54
86129,02/09/26 11:53,S009,Planta_1,95.25,1.33
86130,02/09/26 11:53,S010,Planta_1,91.98,1.23
86140,02/09/26 11:53,S020,Planta_2,104.6,4.08
86141,02/09/26 11:53,S021,Planta_3,91.26,1.86
86178,02/09/26 11:54,S018,Planta_2,90.97,5.05
86179,02/09/26 11:54,S019,Planta_2,88.31,3.65
86182,02/09/26 11:54,S022,Planta_3,87.14,2.73
86208,02/09/26 11:55,S008,Planta_1,102.95,1.69
86211,02/09/26 11:55,S011,Planta_2,100.99,2.7
86217,02/09/26 11:55,S017,Planta_2,96.86,3.43
86231,02/09/26 11:55,S031,Planta_4,87.7,2.26
86233,02/09/26 11:55,S033,Planta_4,97.41,1.94
86251,02/09/26 11:56,S011,Planta_2,100.01,3.39
86257,02/09/26 11:56,S017,Planta_2,102.52,1.55
86275,02/09/26 11:56,S035,Planta_4,101.82,0.84
86278,02/09/26 11:56,S038,Planta_4,98.81,4.2
86298,02/09/26 11:57,S018,Planta_2,98.14,3.98
86301,02/09/26 11:57,S021,Planta_3,97.68,3.77
86321,02/09/26 11:58,S001,Planta_1,96.98,4.11
86331,02/09/26 11:58,S011,Planta_2,94.05,3.47
86339,02/09/26 11:58,S019,Planta_2,96.73,1.37
86372,02/09/26 11:59,S012,Planta_2,90.91,1.04
86392,02/09/26 11:59,S032,Planta_4,95.09,0.61
86415,02/09/26 12:00,S015,Planta_2,87.27,5.37
86453,02/09/26 12:01,S013,Planta_2,101.07,1.4
86463,02/09/26 12:01,S023,Planta_3,87.91,4.76
86465,02/09/26 12:01,S025,Planta_3,87.47,1.3
86490,02/09/26 12:02,S010,Planta_1,87.21,4.38
86525,02/09/26 12:03,S005,Planta_1,91.14,4.15
86537,02/09/26 12:03,S017,Planta_2,88.49,4.3
86539,02/09/26 12:03,S019,Planta_2,94.95,3.0
86549,02/09/26 12:03,S029,Planta_3,98.94,1.98
86553,02/09/26 12:03,S033,Planta_4,102.82,4.64
86574,02/09/26 12:04,S014,Planta_2,103.11,3.88
86580,02/09/26 12:04,S020,Planta_2,89.62,3.24
86604,02/09/26 12:05,S004,Planta_1,86.82,2.49
86611,02/09/26 12:05,S011,Planta_2,99.44,4.55
86629,02/09/26 12:05,S029,Planta_3,93.95,3.76
86638,02/09/26 12:05,S038,Planta_4,91.5,2.36
86640,02/09/26 12:05,S040,Planta_4,94.26,0.74
86641,02/09/26 12:06,S001,Planta_1,85.02,5.24
86645,02/09/26 12:06,S005,Planta_1,85.46,4.67
86656,02/09/26 12:06,S016,Planta_2,86.75,1.46
86679,02/09/26 12:06,S039,Planta_4,95.5,0.68
86751,02/09/26 12:08,S031,Planta_4,92.98,4.18
86762,02/09/26 12:09,S002,Planta_1,94.11,4.1
86768,02/09/26 12:09,S008,Planta_1,87.14,4.1
86796,02/09/26 12:09,S036,Planta_4,103.44,4.86
86802,02/09/26 12:10,S002,Planta_1,98.23,5.24
86816,02/09/26 12:10,S016,Planta_2,101.5,1.44
86845,02/09/26 12:11,S005,Planta_1,93.9,5.01
86861,02/09/26 12:11,S021,Planta_3,100.16,1.77
86870,02/09/26 12:11,S030,Planta_3,103.01,5.21
86873,02/09/26 12:11,S033,Planta_4,86.14,3.52
86879,02/09/26 12:11,S039,Planta_4,102.15,2.97
86902,02/09/26 12:12,S022,Planta_3,97.52,4.96
86918,02/09/26 12:12,S038,Planta_4,88.88,0.54
86959,02/09/26 12:13,S039,Planta_4,102.61,0.63
86973,02/09/26 12:14,S013,Planta_2,104.3,2.4
86975,02/09/26 12:14,S015,Planta_2,102.04,0.96
86987,02/09/26 12:14,S027,Planta_3,91.96,2.44
86999,02/09/26 12:14,S039,Planta_4,88.25,3.92
87008,02/09/26 12:15,S008,Planta_1,100.54,2.73
87011,02/09/26 12:15,S011,Planta_2,86.66,2.86
87017,02/09/26 12:15,S017,Planta_2,90.53,5.02
87024,02/09/26 12:15,S024,Planta_3,96.23,0.55
87082,02/09/26 12:17,S002,Planta_1,85.76,4.27
87085,02/09/26 12:17,S005,Planta_1,94.57,5.3
87111,02/09/26 12:17,S031,Planta_4,100.91,3.91
87120,02/09/26 12:17,S040,Planta_4,95.06,3.36
87125,02/09/26 12:18,S005,Planta_1,99.82,1.93
87128,02/09/26 12:18,S008,Planta_1,90.18,1.72
87129,02/09/26 12:18,S009,Planta_1,86.03,4.5
87130,02/09/26 12:18,S010,Planta_1,99.64,3.33
87144,02/09/26 12:18,S024,Planta_3,96.45,2.34
87162,02/09/26 12:19,S002,Planta_1,91.65,3.3
87165,02/09/26 12:19,S005,Planta_1,102.69,1.01
87179,02/09/26 12:19,S019,Planta_2,102.26,0.66
87182,02/09/26 12:19,S022,Planta_3,104.45,5.31
87187,02/09/26 12:19,S027,Planta_3,102.63,3.2
87211,02/09/26 12:20,S011,Planta_2,103.11,5.15
87248,02/09/26 12:21,S008,Planta_1,95.51,1.86
87284,02/09/26 12:22,S004,Planta_1,92.64,1.66
87315,02/09/26 12:22,S035,Planta_4,89.37,2.45
87326,02/09/26 12:23,S006,Planta_1,94.31,1.4
87331,02/09/26 12:23,S011,Planta_2,86.98,3.0
87333,02/09/26 12:23,S013,Planta_2,99.51,3.16
87338,02/09/26 12:23,S018,Planta_2,87.88,2.71
87403,02/09/26 12:25,S003,Planta_1,95.66,0.55
87463,02/09/26 12:26,S023,Planta_3,104.9,4.64
87473,02/09/26 12:26,S033,Planta_4,94.67,3.2
87474,02/09/26 12:26,S034,Planta_4,95.1,1.12
87476,02/09/26 12:26,S036,Planta_4,87.76,4.07
87483,02/09/26 12:27,S003,Planta_1,91.88,3.12
87491,02/09/26 12:27,S011,Planta_2,85.12,1.88
87495,02/09/26 12:27,S015,Planta_2,102.65,1.22
87508,02/09/26 12:27,S028,Planta_3,85.42,4.66
87530,02/09/26 12:28,S010,Planta_1,92.78,3.31
87549,02/09/26 12:28,S029,Planta_3,99.29,5.48
87574,02/09/26 12:29,S014,Planta_2,97.46,2.55
87582,02/09/26 12:29,S022,Planta_3,95.98,1.38
87604,02/09/26 12:30,S004,Planta_1,97.48,1.32
87643,02/09/26 12:31,S003,Planta_1,96.22,2.05
87644,02/09/26 12:31,S004,Planta_1,96.2,5.19
87707,02/09/26 12:32,S027,Planta_3,101.68,1.98
87714,02/09/26 12:32,S034,Planta_4,103.91,0.68
87737,02/09/26 12:33,S017,Planta_2,99.45,1.14
87759,02/09/26 12:33,S039,Planta_4,104.67,0.85
87779,02/09/26 12:34,S019,Planta_2,94.07,1.47
87793,02/09/26 12:34,S033,Planta_4,98.65,2.53
87795,02/09/26 12:34,S035,Planta_4,103.06,2.05
87798,02/09/26 12:34,S038,Planta_4,88.04,4.89
87815,02/09/26 12:35,S015,Planta_2,90.41,2.41
87824,02/09/26 12:35,S024,Planta_3,90.37,2.53
87835,02/09/26 12:35,S035,Planta_4,92.22,0.89
87870,02/09/26 12:36,S030,Planta_3,104.12,5.07
87896,02/09/26 12:37,S016,Planta_2,100.81,4.31
87903,02/09/26 12:37,S023,Planta_3,87.47,5.1
87905,02/09/26 12:37,S025,Planta_3,91.79,0.59
87927,02/09/26 12:38,S007,Planta_1,101.03,4.49
87950,02/09/26 12:38,S030,Planta_3,100.53,3.65
87993,02/09/26 12:39,S033,Planta_4,96.5,3.89
87998,02/09/26 12:39,S038,Planta_4,96.47,1.88
88006,02/09/26 12:40,S006,Planta_1,93.11,3.7
88094,02/09/26 12:42,S014,Planta_2,85.25,2.65
88113,02/09/26 12:42,S033,Planta_4,93.66,4.06
88115,02/09/26 12:42,S035,Planta_4,94.17,4.96
88116,02/09/26 12:42,S036,Planta_4,92.25,4.65
88117,02/09/26 12:42,S037,Planta_4,88.53,3.68
88133,02/09/26 12:43,S013,Planta_2,102.11,3.31
88139,02/09/26 12:43,S019,Planta_2,101.26,3.7
88145,02/09/26 12:43,S025,Planta_3,102.9,5.2
88152,02/09/26 12:43,S032,Planta_4,101.57,1.66
88158,02/09/26 12:43,S038,Planta_4,102.68,4.31
88171,02/09/26 12:44,S011,Planta_2,88.14,5.49
88177,02/09/26 12:44,S017,Planta_2,90.75,1.64
88178,02/09/26 12:44,S018,Planta_2,94.22,3.07
88220,02/09/26 12:45,S020,Planta_2,104.12,2.65
88222,02/09/26 12:45,S022,Planta_3,99.98,1.64
88223,02/09/26 12:45,S023,Planta_3,85.64,2.96
88236,02/09/26 12:45,S036,Planta_4,99.07,1.07
88250,02/09/26 12:46,S010,Planta_1,99.13,2.16
88271,02/09/26 12:46,S031,Planta_4,99.2,1.68
88284,02/09/26 12:47,S004,Planta_1,89.5,4.53
88340,02/09/26 12:48,S020,Planta_2,104.81,0.66
88343,02/09/26 12:48,S023,Planta_3,99.22,3.08
88368,02/09/26 12:49,S008,Planta_1,102.26,1.56
88372,02/09/26 12:49,S012,Planta_2,100.47,3.16
88377,02/09/26 12:49,S017,Planta_2,99.57,1.32
88382,02/09/26 12:49,S022,Planta_3,87.2,2.75
88389,02/09/26 12:49,S029,Planta_3,90.81,3.15
88409,02/09/26 12:50,S009,Planta_1,91.09,4.75
88423,02/09/26 12:50,S023,Planta_3,86.32,5.09
88431,02/09/26 12:50,S031,Planta_4,88.17,0.96
88433,02/09/26 12:50,S033,Planta_4,98.89,2.71
88460,02/09/26 12:51,S020,Planta_2,87.42,4.49
88461,02/09/26 12:51,S021,Planta_3,85.6,1.77
88462,02/09/26 12:51,S022,Planta_3,89.24,1.07
88464,02/09/26 12:51,S024,Planta_3,91.8,1.71
88479,02/09/26 12:51,S039,Planta_4,96.55,1.69
88487,02/09/26 12:52,S007,Planta_1,85.81,3.76
88488,02/09/26 12:52,S008,Planta_1,98.05,2.86
88535,02/09/26 12:53,S015,Planta_2,88.6,3.74
88540,02/09/26 12:53,S020,Planta_2,98.07,4.99
88551,02/09/26 12:53,S031,Planta_4,98.13,3.45
88643,02/09/26 12:56,S003,Planta_1,93.36,2.93
88650,02/09/26 12:56,S010,Planta_1,101.64,3.22
88652,02/09/26 12:56,S012,Planta_2,99.77,3.6
88687,02/09/26 12:57,S007,Planta_1,90.2,0.83
88689,02/09/26 12:57,S009,Planta_1,91.47,3.66
88704,02/09/26 12:57,S024,Planta_3,97.16,3.76
88705,02/09/26 12:57,S025,Planta_3,100.12,0.61
88733,02/09/26 12:58,S013,Planta_2,94.87,0.54
88750,02/09/26 12:58,S030,Planta_3,86.85,4.02
88773,02/09/26 12:59,S013,Planta_2,87.5,2.85
88780,02/09/26 12:59,S020,Planta_2,88.45,4.71
88793,02/09/26 12:59,S033,Planta_4,102.63,1.83
88820,02/09/26 13:00,S020,Planta_2,100.47,3.0
88842,02/09/26 13:01,S002,Planta_1,103.06,4.86
88864,02/09/26 13:01,S024,Planta_3,97.97,1.39
88866,02/09/26 13:01,S026,Planta_3,86.37,1.4
88868,02/09/26 13:01,S028,Planta_3,99.18,4.31
88869,02/09/26 13:01,S029,Planta_3,96.3,3.53
88898,02/09/26 13:02,S018,Planta_2,85.42,4.78
88932,02/09/26 13:03,S012,Planta_2,97.29,3.91
88937,02/09/26 13:03,S017,Planta_2,93.67,1.92
88938,02/09/26 13:03,S018,Planta_2,99.87,3.97
88943,02/09/26 13:03,S023,Planta_3,91.98,4.13
88945,02/09/26 13:03,S025,Planta_3,92.24,1.68
88949,02/09/26 13:03,S029,Planta_3,86.8,1.33
88963,02/09/26 13:04,S003,Planta_1,90.89,3.49
88985,02/09/26 13:04,S025,Planta_3,95.28,1.39
89015,02/09/26 13:05,S015,Planta_2,99.05,1.85
89022,02/09/26 13:05,S022,Planta_3,97.94,1.04
89038,02/09/26 13:05,S038,Planta_4,95.89,2.44
89041,02/09/26 13:06,S001,Planta_1,90.48,1.51
89068,02/09/26 13:06,S028,Planta_3,86.99,4.04
89093,02/09/26 13:07,S013,Planta_2,102.35,2.19
89113,02/09/26 13:07,S033,Planta_4,86.5,2.9
89147,02/09/26 13:08,S027,Planta_3,90.23,0.51
89171,02/09/26 13:09,S011,Planta_2,89.66,2.83
89183,02/09/26 13:09,S023,Planta_3,93.69,2.56
89190,02/09/26 13:09,S030,Planta_3,101.92,5.39
89227,02/09/26 13:10,S027,Planta_3,89.05,3.39
89234,02/09/26 13:10,S034,Planta_4,94.06,5.24
89238,02/09/26 13:10,S038,Planta_4,91.78,1.37
89249,02/09/26 13:11,S009,Planta_1,90.49,4.65
89259,02/09/26 13:11,S019,Planta_2,104.99,3.64
89260,02/09/26 13:11,S020,Planta_2,88.45,2.71
89287,02/09/26 13:12,S007,Planta_1,92.46,5.01
89294,02/09/26 13:12,S014,Planta_2,104.48,4.96
89346,02/09/26 13:13,S026,Planta_3,85.82,3.04
89352,02/09/26 13:13,S032,Planta_4,102.68,2.62
89365,02/09/26 13:14,S005,Planta_1,104.39,5.39
89367,02/09/26 13:14,S007,Planta_1,89.5,0.68
89383,02/09/26 13:14,S023,Planta_3,89.38,1.75
89394,02/09/26 13:14,S034,Planta_4,94.75,4.65
89426,02/09/26 13:15,S026,Planta_3,99.94,4.69
89429,02/09/26 13:15,S029,Planta_3,103.33,0.71
89439,02/09/26 13:15,S039,Planta_4,102.37,4.9
89443,02/09/26 13:16,S003,Planta_1,99.63,5.11
89454,02/09/26 13:16,S014,Planta_2,103.74,3.06
89469,02/09/26 13:16,S029,Planta_3,98.83,2.91
89482,02/09/26 13:17,S002,Planta_1,91.08,0.9
89494,02/09/26 13:17,S014,Planta_2,100.14,3.62
89513,02/09/26 13:17,S033,Planta_4,90.07,3.21
89522,02/09/26 13:18,S002,Planta_1,96.34,3.16
89541,02/09/26 13:18,S021,Planta_3,98.95,0.92
89550,02/09/26 13:18,S030,Planta_3,86.69,4.09
89559,02/09/26 13:18,S039,Planta_4,100.69,4.88
89565,02/09/26 13:19,S005,Planta_1,104.07,2.1
89568,02/09/26 13:19,S008,Planta_1,103.53,3.37
89569,02/09/26 13:19,S009,Planta_1,88.19,0.67
89579,02/09/26 13:19,S019,Planta_2,102.45,4.78
89636,02/09/26 13:20,S036,Planta_4,101.52,0.53
89643,02/09/26 13:21,S003,Planta_1,102.02,5.44
89646,02/09/26 13:21,S006,Planta_1,88.49,3.03
89649,02/09/26 13:21,S009,Planta_1,99.34,1.48
89653,02/09/26 13:21,S013,Planta_2,102.55,1.47
89669,02/09/26 13:21,S029,Planta_3,99.12,2.58
89672,02/09/26 13:21,S032,Planta_4,89.2,4.19
89688,02/09/26 13:22,S008,Planta_1,89.45,1.94
89690,02/09/26 13:22,S010,Planta_1,99.95,1.31
89693,02/09/26 13:22,S013,Planta_2,90.27,1.95
89703,02/09/26 13:22,S023,Planta_3,104.77,3.65
89707,02/09/26 13:22,S027,Planta_3,104.65,4.3
89712,02/09/26 13:22,S032,Planta_4,92.2,2.79
89743,02/09/26 13:23,S023,Planta_3,85.58,4.64
89749,02/09/26 13:23,S029,Planta_3,103.08,4.64
89777,02/09/26 13:24,S017,Planta_2,99.38,2.69
89830,02/09/26 13:25,S030,Planta_3,91.4,3.32
89869,02/09/26 13:26,S029,Planta_3,85.09,4.97
89878,02/09/26 13:26,S038,Planta_4,100.82,1.64
89881,02/09/26 13:27,S001,Planta_1,87.51,2.71
89883,02/09/26 13:27,S003,Planta_1,86.24,4.88
89885,02/09/26 13:27,S005,Planta_1,98.48,3.44
89894,02/09/26 13:27,S014,Planta_2,101.81,2.93
89919,02/09/26 13:27,S039,Planta_4,89.14,3.13
89924,02/09/26 13:28,S004,Planta_1,89.44,4.41
89942,02/09/26 13:28,S022,Planta_3,97.58,3.33
89975,02/09/26 13:29,S015,Planta_2,104.43,1.53
89994,02/09/26 13:29,S034,Planta_4,95.45,3.88
90000,02/09/26 13:29,S040,Planta_4,89.25,0.51
90022,02/09/26 13:30,S022,Planta_3,102.27,1.41
90025,02/09/26 13:30,S025,Planta_3,90.15,3.82
90030,02/09/26 13:30,S030,Planta_3,93.64,2.46
90033,02/09/26 13:30,S033,Planta_4,100.51,1.41
90065,02/09/26 13:31,S025,Planta_3,99.33,2.85
90068,02/09/26 13:31,S028,Planta_3,87.24,1.88
90083,02/09/26 13:32,S003,Planta_1,96.2,4.78
90090,02/09/26 13:32,S010,Planta_1,98.53,5.27
90091,02/09/26 13:32,S011,Planta_2,91.89,2.52
90099,02/09/26 13:32,S019,Planta_2,85.39,2.59
90107,02/09/26 13:32,S027,Planta_3,85.91,4.9
90108,02/09/26 13:32,S028,Planta_3,94.39,4.98
90119,02/09/26 13:32,S039,Planta_4,93.29,0.89
90122,02/09/26 13:33,S002,Planta_1,98.29,2.08
90180,02/09/26 13:34,S020,Planta_2,91.07,3.92
90183,02/09/26 13:34,S023,Planta_3,86.08,4.62
90186,02/09/26 13:34,S026,Planta_3,103.24,3.42
90189,02/09/26 13:34,S029,Planta_3,88.53,1.49
90247,02/09/26 13:36,S007,Planta_1,103.17,2.91
90269,02/09/26 13:36,S029,Planta_3,86.16,4.65
90271,02/09/26 13:36,S031,Planta_4,88.28,0.93
90294,02/09/26 13:37,S014,Planta_2,102.71,0.92
90306,02/09/26 13:37,S026,Planta_3,87.74,2.11
90340,02/09/26 13:38,S020,Planta_2,85.84,0.74
90341,02/09/26 13:38,S021,Planta_3,102.32,0.81
90352,02/09/26 13:38,S032,Planta_4,89.33,5.21
90358,02/09/26 13:38,S038,Planta_4,102.2,0.54
90360,02/09/26 13:38,S040,Planta_4,85.96,1.16
90368,02/09/26 13:39,S008,Planta_1,87.89,5.16
90377,02/09/26 13:39,S017,Planta_2,104.37,1.87
90385,02/09/26 13:39,S025,Planta_3,92.1,4.17
90407,02/09/26 13:40,S007,Planta_1,100.11,4.36
90413,02/09/26 13:40,S013,Planta_2,96.89,4.75
90416,02/09/26 13:40,S016,Planta_2,103.91,2.65
90430,02/09/26 13:40,S030,Planta_3,92.43,4.11
90454,02/09/26 13:41,S014,Planta_2,98.89,3.01
90478,02/09/26 13:41,S038,Planta_4,86.75,3.02
90509,02/09/26 13:42,S029,Planta_3,96.01,2.35
90534,02/09/26 13:43,S014,Planta_2,103.97,0.71
90549,02/09/26 13:43,S029,Planta_3,85.2,4.5
90562,02/09/26 13:44,S002,Planta_1,93.52,1.01
90567,02/09/26 13:44,S007,Planta_1,97.9,0.63
90581,02/09/26 13:44,S021,Planta_3,95.2,1.92
90583,02/09/26 13:44,S023,Planta_3,98.28,1.36
90584,02/09/26 13:44,S024,Planta_3,92.04,3.7
90591,02/09/26 13:44,S031,Planta_4,91.96,4.25
90598,02/09/26 13:44,S038,Planta_4,95.19,4.55
90603,02/09/26 13:45,S003,Planta_1,93.86,2.91
90632,02/09/26 13:45,S032,Planta_4,91.12,4.1
90636,02/09/26 13:45,S036,Planta_4,85.52,3.24
90642,02/09/26 13:46,S002,Planta_1,104.54,1.2
90647,02/09/26 13:46,S007,Planta_1,98.04,4.83
90667,02/09/26 13:46,S027,Planta_3,93.28,4.82
90673,02/09/26 13:46,S033,Planta_4,104.74,1.05
90684,02/09/26 13:47,S004,Planta_1,87.3,1.86
90699,02/09/26 13:47,S019,Planta_2,94.33,3.66
90709,02/09/26 13:47,S029,Planta_3,86.26,3.25
90714,02/09/26 13:47,S034,Planta_4,94.4,4.69
90733,02/09/26 13:48,S013,Planta_2,85.46,1.92
90734,02/09/26 13:48,S014,Planta_2,86.47,4.27
90735,02/09/26 13:48,S015,Planta_2,92.69,2.01
90741,02/09/26 13:48,S021,Planta_3,101.0,0.52
90756,02/09/26 13:48,S036,Planta_4,87.45,1.28
90767,02/09/26 13:49,S007,Planta_1,100.82,4.06
90774,02/09/26 13:49,S014,Planta_2,95.29,3.52
90780,02/09/26 13:49,S020,Planta_2,103.28,4.95
90794,02/09/26 13:49,S034,Planta_4,95.71,1.99
90836,02/09/26 13:50,S036,Planta_4,97.9,2.74
90855,02/09/26 13:51,S015,Planta_2,94.35,5.1
90873,02/09/26 13:51,S033,Planta_4,91.21,4.84
90890,02/09/26 13:52,S010,Planta_1,91.98,3.3
90892,02/09/26 13:52,S012,Planta_2,97.5,1.71
90905,02/09/26 13:52,S025,Planta_3,103.31,4.33
90922,02/09/26 13:53,S002,Planta_1,88.4,4.77
90931,02/09/26 13:53,S011,Planta_2,87.91,4.83
90933,02/09/26 13:53,S013,Planta_2,87.67,1.61
90942,02/09/26 13:53,S022,Planta_3,101.96,4.62
90945,02/09/26 13:53,S025,Planta_3,93.0,2.78
90960,02/09/26 13:53,S040,Planta_4,99.57,1.51
90995,02/09/26 13:54,S035,Planta_4,93.15,0.8
91002,02/09/26 13:55,S002,Planta_1,100.16,0.9
91019,02/09/26 13:55,S019,Planta_2,95.17,4.11
91028,02/09/26 13:55,S028,Planta_3,86.8,1.95
91035,02/09/26 13:55,S035,Planta_4,95.07,1.96
91038,02/09/26 13:55,S038,Planta_4,94.45,5.35
91041,02/09/26 13:56,S001,Planta_1,103.31,2.43
91046,02/09/26 13:56,S006,Planta_1,85.93,5.23
91059,02/09/26 13:56,S019,Planta_2,100.01,3.12
91079,02/09/26 13:56,S039,Planta_4,88.22,4.85
91087,02/09/26 13:57,S007,Planta_1,102.27,3.21
91133,02/09/26 13:58,S013,Planta_2,103.46,4.96
91136,02/09/26 13:58,S016,Planta_2,98.3,2.17
91140,02/09/26 13:58,S020,Planta_2,104.73,4.51
91170,02/09/26 13:59,S010,Planta_1,96.9,4.13
91193,02/09/26 13:59,S033,Planta_4,96.48,2.89
91196,02/09/26 13:59,S036,Planta_4,100.33,4.77
91259,02/09/26 14:01,S019,Planta_2,93.44,5.17
91269,02/09/26 14:01,S029,Planta_3,102.44,2.59
91273,02/09/26 14:01,S033,Planta_4,88.4,1.39
91302,02/09/26 14:02,S022,Planta_3,103.88,3.67
91305,02/09/26 14:02,S025,Planta_3,104.51,2.04
91306,02/09/26 14:02,S026,Planta_3,91.31,1.1
91312,02/09/26 14:02,S032,Planta_4,97.34,1.75
91316,02/09/26 14:02,S036,Planta_4,99.67,3.7
91317,02/09/26 14:02,S037,Planta_4,91.14,1.19
91320,02/09/26 14:02,S040,Planta_4,99.29,1.28
91335,02/09/26 14:03,S015,Planta_2,96.98,4.99
91348,02/09/26 14:03,S028,Planta_3,90.97,3.14
91356,02/09/26 14:03,S036,Planta_4,86.82,4.23
91395,02/09/26 14:04,S035,Planta_4,101.91,5.48
91406,02/09/26 14:05,S006,Planta_1,87.73,2.41
91408,02/09/26 14:05,S008,Planta_1,100.75,1.55
91441,02/09/26 14:06,S001,Planta_1,86.77,4.05
91444,02/09/26 14:06,S004,Planta_1,94.98,2.29
91449,02/09/26 14:06,S009,Planta_1,99.36,3.4
91497,02/09/26 14:07,S017,Planta_2,89.4,5.47
91498,02/09/26 14:07,S018,Planta_2,103.89,1.7
91503,02/09/26 14:07,S023,Planta_3,101.49,2.0
91515,02/09/26 14:07,S035,Planta_4,97.98,4.82
91536,02/09/26 14:08,S016,Planta_2,100.57,3.71
91544,02/09/26 14:08,S024,Planta_3,89.13,3.15
91548,02/09/26 14:08,S028,Planta_3,85.76,4.82
91606,02/09/26 14:10,S006,Planta_1,91.84,4.11
91609,02/09/26 14:10,S009,Planta_1,99.87,4.7
91612,02/09/26 14:10,S012,Planta_2,90.97,3.46
91632,02/09/26 14:10,S032,Planta_4,92.9,3.94
91636,02/09/26 14:10,S036,Planta_4,97.91,5.29
91637,02/09/26 14:10,S037,Planta_4,91.98,1.0
91666,02/09/26 14:11,S026,Planta_3,86.7,0.75
91678,02/09/26 14:11,S038,Planta_4,91.8,4.33
91691,02/09/26 14:12,S011,Planta_2,89.73,3.52
91709,02/09/26 14:12,S029,Planta_3,91.88,3.66
91712,02/09/26 14:12,S032,Planta_4,92.64,2.55
91758,02/09/26 14:13,S038,Planta_4,103.74,2.46
91768,02/09/26 14:14,S008,Planta_1,86.85,1.17
91779,02/09/26 14:14,S019,Planta_2,89.46,1.68
91805,02/09/26 14:15,S005,Planta_1,93.42,2.58
91813,02/09/26 14:15,S013,Planta_2,94.01,2.17
91815,02/09/26 14:15,S015,Planta_2,98.66,4.25
91817,02/09/26 14:15,S017,Planta_2,90.66,3.95
91818,02/09/26 14:15,S018,Planta_2,93.96,2.51
91820,02/09/26 14:15,S020,Planta_2,103.37,0.61
91830,02/09/26 14:15,S030,Planta_3,85.94,5.18
91863,02/09/26 14:16,S023,Planta_3,92.97,1.96
91866,02/09/26 14:16,S026,Planta_3,102.26,5.07
91868,02/09/26 14:16,S028,Planta_3,89.97,2.01
91874,02/09/26 14:16,S034,Planta_4,104.81,0.55
91902,02/09/26 14:17,S022,Planta_3,88.97,5.36
91939,02/09/26 14:18,S019,Planta_2,99.49,4.02
91944,02/09/26 14:18,S024,Planta_3,92.26,4.43
91953,02/09/26 14:18,S033,Planta_4,87.69,3.66
91954,02/09/26 14:18,S034,Planta_4,101.97,2.37
91965,02/09/26 14:19,S005,Planta_1,100.14,3.61
91973,02/09/26 14:19,S013,Planta_2,87.6,1.48
91982,02/09/26 14:19,S022,Planta_3,91.73,2.66
91983,02/09/26 14:19,S023,Planta_3,103.91,1.65
91984,02/09/26 14:19,S024,Planta_3,93.55,4.1
92002,02/09/26 14:20,S002,Planta_1,86.77,4.02
92007,02/09/26 14:20,S007,Planta_1,92.35,0.55
92010,02/09/26 14:20,S010,Planta_1,86.61,0.6
92016,02/09/26 14:20,S016,Planta_2,93.66,3.69
92017,02/09/26 14:20,S017,Planta_2,104.81,0.59
92024,02/09/26 14:20,S024,Planta_3,98.13,0.83
92047,02/09/26 14:21,S007,Planta_1,99.95,2.26
92067,02/09/26 14:21,S027,Planta_3,104.24,1.52
92111,02/09/26 14:22,S031,Planta_4,93.97,4.71
92160,02/09/26 14:23,S040,Planta_4,103.94,5.06
92185,02/09/26 14:24,S025,Planta_3,86.66,4.83
92186,02/09/26 14:24,S026,Planta_3,86.85,1.39
92208,02/09/26 14:25,S008,Planta_1,94.34,5.2
92211,02/09/26 14:25,S011,Planta_2,92.01,1.09
92226,02/09/26 14:25,S026,Planta_3,94.16,3.91
92232,02/09/26 14:25,S032,Planta_4,87.26,0.76
92235,02/09/26 14:25,S035,Planta_4,96.19,1.72
92289,02/09/26 14:27,S009,Planta_1,88.2,0.63
92315,02/09/26 14:27,S035,Planta_4,99.52,4.33
92340,02/09/26 14:28,S020,Planta_2,103.9,0.93
92372,02/09/26 14:29,S012,Planta_2,94.39,3.31
92374,02/09/26 14:29,S014,Planta_2,103.2,0.91
92382,02/09/26 14:29,S022,Planta_3,92.2,0.71
92389,02/09/26 14:29,S029,Planta_3,89.96,1.19
92397,02/09/26 14:29,S037,Planta_4,104.3,3.89
92406,02/09/26 14:30,S006,Planta_1,86.06,1.55
92435,02/09/26 14:30,S035,Planta_4,94.69,1.23
92445,02/09/26 14:31,S005,Planta_1,88.75,3.84
92463,02/09/26 14:31,S023,Planta_3,92.03,2.31
92481,02/09/26 14:32,S001,Planta_1,100.86,4.02
92512,02/09/26 14:32,S032,Planta_4,90.61,5.34
92514,02/09/26 14:32,S034,Planta_4,94.27,1.43
92542,02/09/26 14:33,S022,Planta_3,97.62,3.04
92577,02/09/26 14:34,S017,Planta_2,97.72,3.48
92630,02/09/26 14:35,S030,Planta_3,104.98,3.01
92655,02/09/26 14:36,S015,Planta_2,95.2,1.09
92657,02/09/26 14:36,S017,Planta_2,95.81,2.54
92675,02/09/26 14:36,S035,Planta_4,88.18,1.88
92682,02/09/26 14:37,S002,Planta_1,88.4,3.63
92694,02/09/26 14:37,S014,Planta_2,97.44,5.14
92700,02/09/26 14:37,S020,Planta_2,101.81,1.32
92713,02/09/26 14:37,S033,Planta_4,104.82,2.19
92717,02/09/26 14:37,S037,Planta_4,101.37,3.38
92727,02/09/26 14:38,S007,Planta_1,97.88,5.22
92746,02/09/26 14:38,S026,Planta_3,91.2,5.09
92790,02/09/26 14:39,S030,Planta_3,91.57,1.5
92801,02/09/26 14:40,S001,Planta_1,104.07,3.78
92826,02/09/26 14:40,S026,Planta_3,91.57,2.21
92830,02/09/26 14:40,S030,Planta_3,104.63,4.88
92851,02/09/26 14:41,S011,Planta_2,90.81,2.89
92871,02/09/26 14:41,S031,Planta_4,86.18,3.55
92884,02/09/26 14:42,S004,Planta_1,104.76,3.06
92891,02/09/26 14:42,S011,Planta_2,102.93,1.99
92896,02/09/26 14:42,S016,Planta_2,87.62,3.64
92910,02/09/26 14:42,S030,Planta_3,89.87,2.65
92987,02/09/26 14:44,S027,Planta_3,91.69,1.53
92991,02/09/26 14:44,S031,Planta_4,89.51,2.6
92998,02/09/26 14:44,S038,Planta_4,88.25,4.06
93009,02/09/26 14:45,S009,Planta_1,98.12,1.15
93029,02/09/26 14:45,S029,Planta_3,96.94,1.14
93040,02/09/26 14:45,S040,Planta_4,91.71,1.31
93060,02/09/26 14:46,S020,Planta_2,102.34,4.0
93070,02/09/26 14:46,S030,Planta_3,90.36,3.65
93087,02/09/26 14:47,S007,Planta_1,90.93,3.98
93088,02/09/26 14:47,S008,Planta_1,85.98,0.81
93093,02/09/26 14:47,S013,Planta_2,100.85,4.09
93097,02/09/26 14:47,S017,Planta_2,89.57,3.37
93126,02/09/26 14:48,S006,Planta_1,100.76,4.04
93128,02/09/26 14:48,S008,Planta_1,98.42,1.45
93129,02/09/26 14:48,S009,Planta_1,89.75,3.39
93154,02/09/26 14:48,S034,Planta_4,86.16,1.75
93176,02/09/26 14:49,S016,Planta_2,101.58,4.87
93180,02/09/26 14:49,S020,Planta_2,103.86,5.18
93211,02/09/26 14:50,S011,Planta_2,97.75,3.7
93224,02/09/26 14:50,S024,Planta_3,85.28,5.21
93229,02/09/26 14:50,S029,Planta_3,97.81,3.16
93263,02/09/26 14:51,S023,Planta_3,95.08,1.69
93286,02/09/26 14:52,S006,Planta_1,93.79,4.78
93294,02/09/26 14:52,S014,Planta_2,87.28,2.4
93305,02/09/26 14:52,S025,Planta_3,88.16,4.12
93319,02/09/26 14:52,S039,Planta_4,100.72,4.01
93333,02/09/26 14:53,S013,Planta_2,87.06,3.98
93345,02/09/26 14:53,S025,Planta_3,101.16,0.6
93346,02/09/26 14:53,S026,Planta_3,99.17,1.92
93360,02/09/26 14:53,S040,Planta_4,99.05,3.64
93418,02/09/26 14:55,S018,Planta_2,104.49,5.04
93422,02/09/26 14:55,S022,Planta_3,103.26,2.37
93435,02/09/26 14:55,S035,Planta_4,85.77,1.65
93480,02/09/26 14:56,S040,Planta_4,104.29,4.47
93497,02/09/26 14:57,S017,Planta_2,85.05,2.89
93501,02/09/26 14:57,S021,Planta_3,94.44,1.17
93541,02/09/26 14:58,S021,Planta_3,102.27,0.62
93554,02/09/26 14:58,S034,Planta_4,97.64,1.14
93618,02/09/26 15:00,S018,Planta_2,89.99,3.56
93623,02/09/26 15:00,S023,Planta_3,88.02,4.44
93625,02/09/26 15:00,S025,Planta_3,96.21,2.41
93643,02/09/26 15:01,S003,Planta_1,87.47,3.7
93653,02/09/26 15:01,S013,Planta_2,104.74,2.12
93661,02/09/26 15:01,S021,Planta_3,102.98,1.9
93680,02/09/26 15:01,S040,Planta_4,90.47,3.32
93699,02/09/26 15:02,S019,Planta_2,93.1,3.62
93702,02/09/26 15:02,S022,Planta_3,102.02,4.16
93724,02/09/26 15:03,S004,Planta_1,100.2,3.54
93743,02/09/26 15:03,S023,Planta_3,98.86,2.8
93759,02/09/26 15:03,S039,Planta_4,103.01,0.94
93776,02/09/26 15:04,S016,Planta_2,85.21,1.61
93784,02/09/26 15:04,S024,Planta_3,99.07,4.89
93817,02/09/26 15:05,S017,Planta_2,103.98,3.51
93824,02/09/26 15:05,S024,Planta_3,86.7,4.65
93828,02/09/26 15:05,S028,Planta_3,89.87,4.59
93841,02/09/26 15:06,S001,Planta_1,96.85,0.87
93865,02/09/26 15:06,S025,Planta_3,90.47,4.73
93876,02/09/26 15:06,S036,Planta_4,90.68,3.49
93888,02/09/26 15:07,S008,Planta_1,90.02,2.38
93899,02/09/26 15:07,S019,Planta_2,94.65,2.0
93909,02/09/26 15:07,S029,Planta_3,102.91,0.85
93915,02/09/26 15:07,S035,Planta_4,88.61,4.19
93930,02/09/26 15:08,S010,Planta_1,90.55,2.43
93932,02/09/26 15:08,S012,Planta_2,85.07,5.42
93949,02/09/26 15:08,S029,Planta_3,98.87,2.91
93968,02/09/26 15:09,S008,Planta_1,93.15,5.44
93981,02/09/26 15:09,S021,Planta_3,90.22,4.34
93992,02/09/26 15:09,S032,Planta_4,100.71,3.59
93996,02/09/26 15:09,S036,Planta_4,92.64,1.16
94000,02/09/26 15:09,S040,Planta_4,89.64,4.71
94026,02/09/26 15:10,S026,Planta_3,90.78,3.26
94074,02/09/26 15:11,S034,Planta_4,88.7,3.26
94081,02/09/26 15:12,S001,Planta_1,101.68,3.25
94084,02/09/26 15:12,S004,Planta_1,104.79,3.99
94093,02/09/26 15:12,S013,Planta_2,93.16,2.1
94095,02/09/26 15:12,S015,Planta_2,95.29,3.19
94126,02/09/26 15:13,S006,Planta_1,89.68,4.69
94139,02/09/26 15:13,S019,Planta_2,91.36,3.23
94142,02/09/26 15:13,S022,Planta_3,92.72,3.42
94151,02/09/26 15:13,S031,Planta_4,86.73,3.58
94166,02/09/26 15:14,S006,Planta_1,87.11,2.0
94175,02/09/26 15:14,S015,Planta_2,102.46,4.57
94189,02/09/26 15:14,S029,Planta_3,87.57,1.41
94258,02/09/26 15:16,S018,Planta_2,91.08,1.91
94262,02/09/26 15:16,S022,Planta_3,100.61,5.15
94268,02/09/26 15:16,S028,Planta_3,100.71,1.2
94273,02/09/26 15:16,S033,Planta_4,96.7,1.79
94279,02/09/26 15:16,S039,Planta_4,90.65,1.33
94284,02/09/26 15:17,S004,Planta_1,90.89,2.99
94305,02/09/26 15:17,S025,Planta_3,86.45,1.17
94306,02/09/26 15:17,S026,Planta_3,95.58,1.4
94339,02/09/26 15:18,S019,Planta_2,88.69,4.98
94341,02/09/26 15:18,S021,Planta_3,94.47,2.9
94357,02/09/26 15:18,S037,Planta_4,95.68,3.54
94359,02/09/26 15:18,S039,Planta_4,95.15,1.0
94361,02/09/26 15:19,S001,Planta_1,96.83,3.29
94370,02/09/26 15:19,S010,Planta_1,90.02,4.34
94372,02/09/26 15:19,S012,Planta_2,96.01,1.83
94385,02/09/26 15:19,S025,Planta_3,94.27,3.38
94399,02/09/26 15:19,S039,Planta_4,94.78,2.78
94403,02/09/26 15:20,S003,Planta_1,96.08,3.99
94418,02/09/26 15:20,S018,Planta_2,90.89,5.34
94432,02/09/26 15:20,S032,Planta_4,103.69,1.21
94440,02/09/26 15:20,S040,Planta_4,86.15,5.25
94443,02/09/26 15:21,S003,Planta_1,91.66,4.59
94481,02/09/26 15:22,S001,Planta_1,95.8,0.77
94497,02/09/26 15:22,S017,Planta_2,86.38,4.4
94505,02/09/26 15:22,S025,Planta_3,94.86,5.26
94516,02/09/26 15:22,S036,Planta_4,89.58,4.23
94529,02/09/26 15:23,S009,Planta_1,100.32,2.75
94534,02/09/26 15:23,S014,Planta_2,104.99,3.9
94548,02/09/26 15:23,S028,Planta_3,94.59,3.73
94556,02/09/26 15:23,S036,Planta_4,96.55,4.17
94558,02/09/26 15:23,S038,Planta_4,101.12,5.28
94566,02/09/26 15:24,S006,Planta_1,103.55,2.94
94589,02/09/26 15:24,S029,Planta_3,103.04,3.55
94602,02/09/26 15:25,S002,Planta_1,85.43,2.13
94620,02/09/26 15:25,S020,Planta_2,96.89,1.77
94629,02/09/26 15:25,S029,Planta_3,94.33,4.47
94644,02/09/26 15:26,S004,Planta_1,90.65,0.9
94653,02/09/26 15:26,S013,Planta_2,91.42,2.92
94665,02/09/26 15:26,S025,Planta_3,95.32,4.14
94685,02/09/26 15:27,S005,Planta_1,99.63,4.35
94698,02/09/26 15:27,S018,Planta_2,93.64,2.88
94721,02/09/26 15:28,S001,Planta_1,102.15,2.79
94734,02/09/26 15:28,S014,Planta_2,98.17,2.01
94754,02/09/26 15:28,S034,Planta_4,92.47,4.95
94759,02/09/26 15:28,S039,Planta_4,93.94,1.46
94764,02/09/26 15:29,S004,Planta_1,88.19,2.22
94769,02/09/26 15:29,S009,Planta_1,85.93,2.9
94772,02/09/26 15:29,S012,Planta_2,88.37,4.45
94789,02/09/26 15:29,S029,Planta_3,97.78,4.98
94791,02/09/26 15:29,S031,Planta_4,100.68,1.96
94804,02/09/26 15:30,S004,Planta_1,95.21,2.53
94853,02/09/26 15:31,S013,Planta_2,85.27,3.1
94885,02/09/26 15:32,S005,Planta_1,90.0,1.05
94886,02/09/26 15:32,S006,Planta_1,99.5,1.8
94923,02/09/26 15:33,S003,Planta_1,87.54,0.97
94924,02/09/26 15:33,S004,Planta_1,96.16,4.95
94937,02/09/26 15:33,S017,Planta_2,93.13,2.22
94938,02/09/26 15:33,S018,Planta_2,101.92,4.76
94948,02/09/26 15:33,S028,Planta_3,101.35,3.93
94959,02/09/26 15:33,S039,Planta_4,88.18,1.12
94982,02/09/26 15:34,S022,Planta_3,97.45,1.04
94990,02/09/26 15:34,S030,Planta_3,99.91,0.67
95013,02/09/26 15:35,S013,Planta_2,90.46,1.51
95016,02/09/26 15:35,S016,Planta_2,92.19,0.5
95025,02/09/26 15:35,S025,Planta_3,86.98,5.49
95028,02/09/26 15:35,S028,Planta_3,98.13,1.43
95072,02/09/26 15:36,S032,Planta_4,86.27,4.82
95112,02/09/26 15:37,S032,Planta_4,99.78,5.17
95129,02/09/26 15:38,S009,Planta_1,104.59,1.35
95138,02/09/26 15:38,S018,Planta_2,89.28,4.41
95178,02/09/26 15:39,S018,Planta_2,99.42,2.71
95193,02/09/26 15:39,S033,Planta_4,102.73,2.05
95194,02/09/26 15:39,S034,Planta_4,99.13,4.32
95202,02/09/26 15:40,S002,Planta_1,104.33,3.57
95203,02/09/26 15:40,S003,Planta_1,91.45,2.52
95229,02/09/26 15:40,S029,Planta_3,86.54,4.29
95231,02/09/26 15:40,S031,Planta_4,97.94,3.35
95242,02/09/26 15:41,S002,Planta_1,103.03,4.24
95272,02/09/26 15:41,S032,Planta_4,97.49,5.34
95274,02/09/26 15:41,S034,Planta_4,98.53,2.98
95289,02/09/26 15:42,S009,Planta_1,101.35,3.23
95295,02/09/26 15:42,S015,Planta_2,98.83,5.24
95296,02/09/26 15:42,S016,Planta_2,99.81,3.99
95336,02/09/26 15:43,S016,Planta_2,93.7,3.93
95382,02/09/26 15:44,S022,Planta_3,96.65,1.48
95391,02/09/26 15:44,S031,Planta_4,88.73,4.66
95440,02/09/26 15:45,S040,Planta_4,88.96,5.33
95467,02/09/26 15:46,S027,Planta_3,88.91,2.31
95471,02/09/26 15:46,S031,Planta_4,95.55,0.98
95473,02/09/26 15:46,S033,Planta_4,91.6,5.5
95476,02/09/26 15:46,S036,Planta_4,95.75,3.31
95477,02/09/26 15:46,S037,Planta_4,94.05,3.5
95498,02/09/26 15:47,S018,Planta_2,100.11,0.72
95518,02/09/26 15:47,S038,Planta_4,89.19,2.85
95529,02/09/26 15:48,S009,Planta_1,96.56,4.93
95531,02/09/26 15:48,S011,Planta_2,93.74,2.44
95537,02/09/26 15:48,S017,Planta_2,85.82,1.49
95544,02/09/26 15:48,S024,Planta_3,90.05,3.65
95565,02/09/26 15:49,S005,Planta_1,89.58,4.96
95597,02/09/26 15:49,S037,Planta_4,102.63,1.48
95611,02/09/26 15:50,S011,Planta_2,88.94,2.58
95627,02/09/26 15:50,S027,Planta_3,94.4,1.86
95632,02/09/26 15:50,S032,Planta_4,96.23,2.63
95635,02/09/26 15:50,S035,Planta_4,94.37,2.15
95638,02/09/26 15:50,S038,Planta_4,93.43,2.36
95641,02/09/26 15:51,S001,Planta_1,92.99,4.55
95666,02/09/26 15:51,S026,Planta_3,102.41,1.92
95689,02/09/26 15:52,S009,Planta_1,94.34,3.77
95707,02/09/26 15:52,S027,Planta_3,93.7,2.2
95717,02/09/26 15:52,S037,Planta_4,90.69,0.93
95719,02/09/26 15:52,S039,Planta_4,87.05,5.16
95725,02/09/26 15:53,S005,Planta_1,98.21,0.55
95736,02/09/26 15:53,S016,Planta_2,98.2,3.04
95745,02/09/26 15:53,S025,Planta_3,104.36,2.85
95755,02/09/26 15:53,S035,Planta_4,93.48,2.8
95764,02/09/26 15:54,S004,Planta_1,95.04,3.1
95765,02/09/26 15:54,S005,Planta_1,89.83,4.25
95768,02/09/26 15:54,S008,Planta_1,102.17,2.92
95778,02/09/26 15:54,S018,Planta_2,91.1,4.26
95780,02/09/26 15:54,S020,Planta_2,103.2,4.58
95784,02/09/26 15:54,S024,Planta_3,90.23,2.8
95786,02/09/26 15:54,S026,Planta_3,96.8,5.31
95797,02/09/26 15:54,S037,Planta_4,90.0,3.36
95838,02/09/26 15:55,S038,Planta_4,97.78,5.4
95841,02/09/26 15:56,S001,Planta_1,92.11,4.66
95846,02/09/26 15:56,S006,Planta_1,87.74,1.58
95862,02/09/26 15:56,S022,Planta_3,95.51,5.43
95890,02/09/26 15:57,S010,Planta_1,98.06,4.78
95936,02/09/26 15:58,S016,Planta_2,94.88,3.81
95954,02/09/26 15:58,S034,Planta_4,102.29,3.91
95971,02/09/26 15:59,S011,Planta_2,98.66,0.5
96011,02/09/26 16:00,S011,Planta_2,92.63,1.68
96014,02/09/26 16:00,S014,Planta_2,102.44,4.3
96027,02/09/26 16:00,S027,Planta_3,102.53,3.04
96110,02/09/26 16:02,S030,Planta_3,104.99,1.15
96112,02/09/26 16:02,S032,Planta_4,91.14,1.29
96125,02/09/26 16:03,S005,Planta_1,88.87,3.64
96133,02/09/26 16:03,S013,Planta_2,95.55,3.7
96149,02/09/26 16:03,S029,Planta_3,101.87,3.21
96151,02/09/26 16:03,S031,Planta_4,95.2,3.02
96208,02/09/26 16:05,S008,Planta_1,101.31,5.36
96225,02/09/26 16:05,S025,Planta_3,94.11,5.05
96230,02/09/26 16:05,S030,Planta_3,96.1,0.69
96239,02/09/26 16:05,S039,Planta_4,96.96,1.1
96282,02/09/26 16:07,S002,Planta_1,96.98,0.57
96291,02/09/26 16:07,S011,Planta_2,85.23,4.91
96295,02/09/26 16:07,S015,Planta_2,101.25,1.19
96296,02/09/26 16:07,S016,Planta_2,90.85,5.23
96301,02/09/26 16:07,S021,Planta_3,100.95,0.76
96302,02/09/26 16:07,S022,Planta_3,99.07,4.63
96317,02/09/26 16:07,S037,Planta_4,101.95,1.77
96326,02/09/26 16:08,S006,Planta_1,91.08,0.84
96329,02/09/26 16:08,S009,Planta_1,103.37,2.4
96339,02/09/26 16:08,S019,Planta_2,95.85,4.46
96367,02/09/26 16:09,S007,Planta_1,104.38,1.91
96390,02/09/26 16:09,S030,Planta_3,104.34,3.0
96400,02/09/26 16:09,S040,Planta_4,87.85,2.11
96408,02/09/26 16:10,S008,Planta_1,85.07,5.03
96411,02/09/26 16:10,S011,Planta_2,90.72,3.8
96418,02/09/26 16:10,S018,Planta_2,88.26,5.47
96431,02/09/26 16:10,S031,Planta_4,96.79,2.54
96480,02/09/26 16:11,S040,Planta_4,90.88,1.34
96483,02/09/26 16:12,S003,Planta_1,89.71,1.36
96519,02/09/26 16:12,S039,Planta_4,86.93,3.56
96536,02/09/26 16:13,S016,Planta_2,102.06,4.48
96547,02/09/26 16:13,S027,Planta_3,95.09,1.96
96550,02/09/26 16:13,S030,Planta_3,92.95,4.01
96571,02/09/26 16:14,S011,Planta_2,93.93,1.21
96599,02/09/26 16:14,S039,Planta_4,90.3,0.96
96602,02/09/26 16:15,S002,Planta_1,90.87,4.03
96606,02/09/26 16:15,S006,Planta_1,86.77,5.34
96610,02/09/26 16:15,S010,Planta_1,88.87,0.68
96614,02/09/26 16:15,S014,Planta_2,85.78,4.35
96624,02/09/26 16:15,S024,Planta_3,85.56,2.95
96645,02/09/26 16:16,S005,Planta_1,99.72,3.93
96646,02/09/26 16:16,S006,Planta_1,102.77,3.17
96672,02/09/26 16:16,S032,Planta_4,94.15,4.7
96694,02/09/26 16:17,S014,Planta_2,99.85,3.98
96700,02/09/26 16:17,S020,Planta_2,96.67,3.28
96733,02/09/26 16:18,S013,Planta_2,99.24,2.26
96788,02/09/26 16:19,S028,Planta_3,95.29,3.39
96817,02/09/26 16:20,S017,Planta_2,92.26,4.99
96825,02/09/26 16:20,S025,Planta_3,90.49,1.79
96829,02/09/26 16:20,S029,Planta_3,98.27,0.88
96841,02/09/26 16:21,S001,Planta_1,88.65,3.64
96871,02/09/26 16:21,S031,Planta_4,103.32,3.21
96872,02/09/26 16:21,S032,Planta_4,99.52,4.52
96874,02/09/26 16:21,S034,Planta_4,85.45,3.71
96917,02/09/26 16:22,S037,Planta_4,101.75,5.0
96964,02/09/26 16:24,S004,Planta_1,99.35,1.17
96974,02/09/26 16:24,S014,Planta_2,96.48,1.75
96992,02/09/26 16:24,S032,Planta_4,97.76,5.07
96998,02/09/26 16:24,S038,Planta_4,95.06,1.99
97007,02/09/26 16:25,S007,Planta_1,96.82,4.12
97008,02/09/26 16:25,S008,Planta_1,103.39,2.07
97012,02/09/26 16:25,S012,Planta_2,90.37,1.74
97013,02/09/26 16:25,S013,Planta_2,98.81,3.3
97045,02/09/26 16:26,S005,Planta_1,102.3,2.67
97050,02/09/26 16:26,S010,Planta_1,89.82,4.01
97067,02/09/26 16:26,S027,Planta_3,95.97,1.34
97076,02/09/26 16:26,S036,Planta_4,101.26,2.93
97106,02/09/26 16:27,S026,Planta_3,104.93,3.68
97127,02/09/26 16:28,S007,Planta_1,99.41,2.0
97131,02/09/26 16:28,S011,Planta_2,101.06,3.16
97142,02/09/26 16:28,S022,Planta_3,97.98,3.14
97159,02/09/26 16:28,S039,Planta_4,102.01,1.28
97194,02/09/26 16:29,S034,Planta_4,102.17,0.8
97241,02/09/26 16:31,S001,Planta_1,96.55,2.81
97244,02/09/26 16:31,S004,Planta_1,93.15,3.25
97258,02/09/26 16:31,S018,Planta_2,85.79,1.88
97271,02/09/26 16:31,S031,Planta_4,98.58,1.35
97273,02/09/26 16:31,S033,Planta_4,88.56,1.96
97280,02/09/26 16:31,S040,Planta_4,96.6,1.37
97315,02/09/26 16:32,S035,Planta_4,100.28,4.18
97344,02/09/26 16:33,S024,Planta_3,93.65,2.73
97403,02/09/26 16:35,S003,Planta_1,87.55,2.98
97413,02/09/26 16:35,S013,Planta_2,99.8,3.95
97417,02/09/26 16:35,S017,Planta_2,100.14,4.82
97421,02/09/26 16:35,S021,Planta_3,87.02,1.18
97429,02/09/26 16:35,S029,Planta_3,92.88,4.16
97437,02/09/26 16:35,S037,Planta_4,86.8,1.23
97456,02/09/26 16:36,S016,Planta_2,93.01,1.7
97457,02/09/26 16:36,S017,Planta_2,92.88,1.43
97489,02/09/26 16:37,S009,Planta_1,85.38,1.54
97535,02/09/26 16:38,S015,Planta_2,99.43,2.8
97561,02/09/26 16:39,S001,Planta_1,89.13,5.26
97564,02/09/26 16:39,S004,Planta_1,87.48,0.94
97595,02/09/26 16:39,S035,Planta_4,90.01,1.04
97606,02/09/26 16:40,S006,Planta_1,96.08,3.93
97633,02/09/26 16:40,S033,Planta_4,87.34,4.74
97659,02/09/26 16:41,S019,Planta_2,97.98,3.02
97678,02/09/26 16:41,S038,Planta_4,90.41,2.13
97681,02/09/26 16:42,S001,Planta_1,97.61,4.65
97707,02/09/26 16:42,S027,Planta_3,86.25,5.35
97718,02/09/26 16:42,S038,Planta_4,98.22,1.18
97750,02/09/26 16:43,S030,Planta_3,89.98,2.65
97776,02/09/26 16:44,S016,Planta_2,96.16,1.35
97812,02/09/26 16:45,S012,Planta_2,93.6,4.89
97836,02/09/26 16:45,S036,Planta_4,89.56,2.33
97858,02/09/26 16:46,S018,Planta_2,104.88,4.79
97878,02/09/26 16:46,S038,Planta_4,101.22,5.41
97902,02/09/26 16:47,S022,Planta_3,100.96,3.32
97910,02/09/26 16:47,S030,Planta_3,102.06,3.3
97916,02/09/26 16:47,S036,Planta_4,95.22,2.72
97923,02/09/26 16:48,S003,Planta_1,93.03,0.92
97924,02/09/26 16:48,S004,Planta_1,103.52,4.57
97932,02/09/26 16:48,S012,Planta_2,85.83,3.74
97936,02/09/26 16:48,S016,Planta_2,93.96,2.48
97942,02/09/26 16:48,S022,Planta_3,99.62,5.12
97949,02/09/26 16:48,S029,Planta_3,102.31,2.44
97962,02/09/26 16:49,S002,Planta_1,96.13,4.35
97978,02/09/26 16:49,S018,Planta_2,86.58,3.46
97980,02/09/26 16:49,S020,Planta_2,103.32,5.5
97981,02/09/26 16:49,S021,Planta_3,89.11,3.85
97986,02/09/26 16:49,S026,Planta_3,102.95,2.53
97991,02/09/26 16:49,S031,Planta_4,100.92,2.24
97994,02/09/26 16:49,S034,Planta_4,86.32,1.18
98012,02/09/26 16:50,S012,Planta_2,87.85,1.95
98018,02/09/26 16:50,S018,Planta_2,86.62,3.51
98039,02/09/26 16:50,S039,Planta_4,104.38,5.24
98063,02/09/26 16:51,S023,Planta_3,88.89,2.74
98064,02/09/26 16:51,S024,Planta_3,95.92,3.69
98093,02/09/26 16:52,S013,Planta_2,100.29,1.17
98118,02/09/26 16:52,S038,Planta_4,102.06,3.52
98206,02/09/26 16:55,S006,Planta_1,90.67,2.92
98227,02/09/26 16:55,S027,Planta_3,99.65,0.92
98257,02/09/26 16:56,S017,Planta_2,94.66,3.04
98277,02/09/26 16:56,S037,Planta_4,102.85,1.78
98293,02/09/26 16:57,S013,Planta_2,91.89,3.56
98389,02/09/26 16:59,S029,Planta_3,86.96,2.18
98398,02/09/26 16:59,S038,Planta_4,86.07,5.09
98401,02/09/26 17:00,S001,Planta_1,97.58,1.75
98414,02/09/26 17:00,S014,Planta_2,95.36,2.7
98421,02/09/26 17:00,S021,Planta_3,87.17,3.33
98435,02/09/26 17:00,S035,Planta_4,95.88,5.09
98467,02/09/26 17:01,S027,Planta_3,95.65,3.04
98480,02/09/26 17:01,S040,Planta_4,96.2,1.48
98482,02/09/26 17:02,S002,Planta_1,102.53,4.52
98503,02/09/26 17:02,S023,Planta_3,102.54,2.87
98505,02/09/26 17:02,S025,Planta_3,102.94,4.35
98513,02/09/26 17:02,S033,Planta_4,92.76,4.95
98520,02/09/26 17:02,S040,Planta_4,103.92,4.12
98522,02/09/26 17:03,S002,Planta_1,98.24,4.45
98551,02/09/26 17:03,S031,Planta_4,102.3,2.95
98560,02/09/26 17:03,S040,Planta_4,104.87,1.67
98565,02/09/26 17:04,S005,Planta_1,92.65,2.95
98567,02/09/26 17:04,S007,Planta_1,85.69,3.26
98571,02/09/26 17:04,S011,Planta_2,88.6,4.6
98585,02/09/26 17:04,S025,Planta_3,97.42,3.73
98593,02/09/26 17:04,S033,Planta_4,99.79,3.02
98624,02/09/26 17:05,S024,Planta_3,92.95,4.61
98648,02/09/26 17:06,S008,Planta_1,101.95,1.78
98663,02/09/26 17:06,S023,Planta_3,88.06,2.74
98695,02/09/26 17:07,S015,Planta_2,90.18,4.86
98696,02/09/26 17:07,S016,Planta_2,93.57,2.76
98726,02/09/26 17:08,S006,Planta_1,86.38,3.96
98734,02/09/26 17:08,S014,Planta_2,98.06,3.01
98743,02/09/26 17:08,S023,Planta_3,86.88,4.32
98794,02/09/26 17:09,S034,Planta_4,90.74,5.2
98849,02/09/26 17:11,S009,Planta_1,85.24,1.59
98851,02/09/26 17:11,S011,Planta_2,88.43,2.75
98857,02/09/26 17:11,S017,Planta_2,98.43,4.97
98874,02/09/26 17:11,S034,Planta_4,99.47,4.96
98895,02/09/26 17:12,S015,Planta_2,98.86,2.41
98897,02/09/26 17:12,S017,Planta_2,89.39,0.71
98926,02/09/26 17:13,S006,Planta_1,96.1,2.09
98954,02/09/26 17:13,S034,Planta_4,104.02,1.55
98967,02/09/26 17:14,S007,Planta_1,94.12,5.04
98986,02/09/26 17:14,S026,Planta_3,91.94,4.44
98994,02/09/26 17:14,S034,Planta_4,97.08,3.81
98996,02/09/26 17:14,S036,Planta_4,87.08,2.9
99004,02/09/26 17:15,S004,Planta_1,97.07,5.37
99021,02/09/26 17:15,S021,Planta_3,96.38,4.58
99049,02/09/26 17:16,S009,Planta_1,102.38,3.85
99092,02/09/26 17:17,S012,Planta_2,89.39,3.33
99112,02/09/26 17:17,S032,Planta_4,93.16,2.03
99119,02/09/26 17:17,S039,Planta_4,98.8,3.15
99134,02/09/26 17:18,S014,Planta_2,85.93,4.97
99135,02/09/26 17:18,S015,Planta_2,91.57,3.29
99164,02/09/26 17:19,S004,Planta_1,95.56,2.48
99185,02/09/26 17:19,S025,Planta_3,104.32,1.91
99191,02/09/26 17:19,S031,Planta_4,87.62,5.2
99212,02/09/26 17:20,S012,Planta_2,97.97,5.1
99221,02/09/26 17:20,S021,Planta_3,99.03,3.02
99234,02/09/26 17:20,S034,Planta_4,87.69,5.44
99241,02/09/26 17:21,S001,Planta_1,88.61,0.69
99274,02/09/26 17:21,S034,Planta_4,97.41,3.22
99275,02/09/26 17:21,S035,Planta_4,96.58,4.63
99281,02/09/26 17:22,S001,Planta_1,104.63,0.5
99297,02/09/26 17:22,S017,Planta_2,92.81,5.08
99311,02/09/26 17:22,S031,Planta_4,99.5,1.17
99336,02/09/26 17:23,S016,Planta_2,94.06,1.83
99338,02/09/26 17:23,S018,Planta_2,91.82,4.24
99365,02/09/26 17:24,S005,Planta_1,101.15,1.81
99378,02/09/26 17:24,S018,Planta_2,100.96,2.5
99398,02/09/26 17:24,S038,Planta_4,99.48,4.0
99424,02/09/26 17:25,S024,Planta_3,96.93,3.31
99427,02/09/26 17:25,S027,Planta_3,103.02,0.83
99432,02/09/26 17:25,S032,Planta_4,88.42,2.03
99441,02/09/26 17:26,S001,Planta_1,89.41,3.21
99446,02/09/26 17:26,S006,Planta_1,89.53,4.72
99456,02/09/26 17:26,S016,Planta_2,94.98,3.23
99480,02/09/26 17:26,S040,Planta_4,94.72,0.93
99483,02/09/26 17:27,S003,Planta_1,89.09,0.81
99498,02/09/26 17:27,S018,Planta_2,100.43,5.44
99499,02/09/26 17:27,S019,Planta_2,104.91,5.37
99509,02/09/26 17:27,S029,Planta_3,86.7,1.12
99512,02/09/26 17:27,S032,Planta_4,88.65,3.18
99521,02/09/26 17:28,S001,Planta_1,92.61,0.81
99532,02/09/26 17:28,S012,Planta_2,87.28,2.16
99539,02/09/26 17:28,S019,Planta_2,101.88,3.03
99569,02/09/26 17:29,S009,Planta_1,93.85,1.46
99582,02/09/26 17:29,S022,Planta_3,92.5,0.94
99587,02/09/26 17:29,S027,Planta_3,95.68,1.23
99589,02/09/26 17:29,S029,Planta_3,96.76,4.29
99612,02/09/26 17:30,S012,Planta_2,99.9,4.92
99622,02/09/26 17:30,S022,Planta_3,89.96,4.76
99627,02/09/26 17:30,S027,Planta_3,98.9,2.77
99645,02/09/26 17:31,S005,Planta_1,95.24,1.78
99673,02/09/26 17:31,S033,Planta_4,88.09,1.82
99675,02/09/26 17:31,S035,Planta_4,95.46,2.99
99676,02/09/26 17:31,S036,Planta_4,103.64,3.0
99694,02/09/26 17:32,S014,Planta_2,97.26,1.38
99695,02/09/26 17:32,S015,Planta_2,92.68,0.66
99700,02/09/26 17:32,S020,Planta_2,99.41,3.72
99703,02/09/26 17:32,S023,Planta_3,91.29,4.55
99711,02/09/26 17:32,S031,Planta_4,100.03,0.89
99713,02/09/26 17:32,S033,Planta_4,93.68,5.25
99715,02/09/26 17:32,S035,Planta_4,101.7,3.82
99723,02/09/26 17:33,S003,Planta_1,101.97,5.34
99737,02/09/26 17:33,S017,Planta_2,93.16,4.93
99776,02/09/26 17:34,S016,Planta_2,102.33,1.03
99780,02/09/26 17:34,S020,Planta_2,98.57,1.04
99787,02/09/26 17:34,S027,Planta_3,85.97,2.41
99789,02/09/26 17:34,S029,Planta_3,94.52,2.46
99799,02/09/26 17:34,S039,Planta_4,103.5,4.8
99800,02/09/26 17:34,S040,Planta_4,94.85,0.64
99819,02/09/26 17:35,S019,Planta_2,94.49,1.8
99831,02/09/26 17:35,S031,Planta_4,85.05,1.91
99857,02/09/26 17:36,S017,Planta_2,101.63,4.71
99871,02/09/26 17:36,S031,Planta_4,88.87,3.9
99884,02/09/26 17:37,S004,Planta_1,103.1,4.25
99907,02/09/26 17:37,S027,Planta_3,89.5,5.01
99914,02/09/26 17:37,S034,Planta_4,93.25,1.9
99929,02/09/26 17:38,S009,Planta_1,97.14,1.03
99931,02/09/26 17:38,S011,Planta_2,100.83,0.59
99937,02/09/26 17:38,S017,Planta_2,86.48,0.78
99947,02/09/26 17:38,S027,Planta_3,98.16,5.48
99959,02/09/26 17:38,S039,Planta_4,88.4,5.21
99985,02/09/26 17:39,S025,Planta_3,85.65,3.2
99991,02/09/26 17:39,S031,Planta_4,88.84,2.38
